arm,pipeline_seed,update,interval_examples,cumulative_examples,train_loss_interval_sample_mean,val_macro_f1_multiclass,strict_improvement_at_time,selected
real_oversampling_0p30,123,666,340794,340794,0.04358013603107886,0.9964478778855866,1,0
real_oversampling_0p30,123,1332,340794,681588,0.012700219842966334,0.997999373148212,1,0
real_oversampling_0p30,123,1998,340794,1022382,0.0058124137973181965,0.9964886972163048,0,0
real_oversampling_0p30,123,2664,340794,1363176,0.0031696360010735366,0.9985213893818535,1,0
real_oversampling_0p30,123,3330,340794,1703970,0.0017889570098639476,0.9991679573626925,1,0
real_oversampling_0p30,123,3996,340794,2044764,0.0011489301082890768,0.9993336899614528,1,0
real_oversampling_0p30,123,4662,340794,2385558,0.0006847027591995669,0.9986953378045328,0,0
real_oversampling_0p30,123,5328,340794,2726352,0.0009281425770320512,0.9991436090128101,0,0
real_oversampling_0p30,123,5994,340794,3067146,0.00043357936573094874,0.9993490686160499,1,1
real_oversampling_0p30,123,6660,340794,3407940,0.0005087167573762016,0.9990792234777126,0,0
real_oversampling_0p30,123,7326,340794,3748734,0.0008635040228725326,0.9989499097269032,0,0
real_oversampling_0p30,123,7992,340794,4089528,0.0004993217046862838,0.9993439275381066,0,0
