family,realization,U,L,rule_intact,placebo_intact,rule_broken,placebo_broken,oracle_accuracy
cnn,0,0.3650390625,0.3650390625,0.853515625,0.4884765625,0.5,0.5,0.853515625
cnn,1,0.34296875000000004,0.34296875000000004,0.849609375,0.506640625,0.5,0.5,0.849609375
cnn,2,0.34453124999999996,0.34453124999999996,0.8435546875,0.4990234375,0.5,0.5,0.84375
cnn,3,0.3767578125,0.3767578125,0.8671875,0.4904296875,0.5,0.5,0.8671875
cnn,4,0.332421875,0.332421875,0.822265625,0.48984375,0.5,0.5,0.822265625
cnn,5,0.32734375000000004,0.32734375000000004,0.8310546875,0.5037109375,0.5,0.5,0.83203125
cnn,6,0.3525390625,0.3525390625,0.833984375,0.4814453125,0.5,0.5,0.833984375
cnn,7,0.374609375,0.374609375,0.853125,0.478515625,0.5,0.5,0.853515625
cnn,8,0.32539062500000004,0.32539062500000004,0.83203125,0.506640625,0.5,0.5,0.83203125
cnn,9,0.3830078125,0.3830078125,0.8646484375,0.481640625,0.5,0.5,0.865234375
cnn,10,0.3876953125,0.3876953125,0.861328125,0.4736328125,0.5,0.5,0.861328125
cnn,11,0.36621093749999994,0.36621093749999994,0.8572265625,0.491015625,0.5,0.5,0.857421875
cnn,12,0.3564453125,0.3564453125,0.84765625,0.4912109375,0.5,0.5,0.84765625
cnn,13,0.375390625,0.375390625,0.865234375,0.48984375,0.5,0.5,0.865234375
cnn,14,0.35937499999999994,0.35937499999999994,0.8435546875,0.4841796875,0.5,0.5,0.84375
cnn,15,0.349609375,0.349609375,0.851171875,0.5015625,0.5,0.5,0.8515625
cnn,16,0.36953125,0.36953125,0.8630859375,0.4935546875,0.5,0.5,0.86328125
cnn,17,0.36640625,0.36640625,0.8515625,0.48515625,0.5,0.5,0.8515625
cnn,18,0.36542968749999993,0.36542968749999993,0.8552734375,0.48984375,0.5,0.5,0.85546875
cnn,19,0.3591796875,0.3591796875,0.8515625,0.4923828125,0.5,0.5,0.8515625
rf83,0,0.377734375,0.377734375,0.853515625,0.47578125,0.5,0.5,0.853515625
rf83,1,0.34941406249999996,0.34941406249999996,0.849609375,0.5001953125,0.5,0.5,0.849609375
rf83,2,0.3466796875,0.3466796875,0.84375,0.4970703125,0.5,0.5,0.84375
rf83,3,0.3712890625,0.3712890625,0.8671875,0.4958984375,0.5,0.5,0.8671875
rf83,4,0.32578125,0.32578125,0.822265625,0.496484375,0.5,0.5,0.822265625
rf83,5,0.3470703125,0.3470703125,0.83203125,0.4849609375,0.5,0.5,0.83203125
rf83,6,0.3291015625,0.3291015625,0.833984375,0.5048828125,0.5,0.5,0.833984375
rf83,7,0.3546875,0.3546875,0.853515625,0.498828125,0.5,0.5,0.853515625
rf83,8,0.346484375,0.346484375,0.83203125,0.485546875,0.5,0.5,0.83203125
rf83,9,0.36152343750000004,0.36152343750000004,0.865234375,0.5037109375,0.5,0.5,0.865234375
rf83,10,0.3626953125,0.3626953125,0.861328125,0.4986328125,0.5,0.5,0.861328125
rf83,11,0.3646484375,0.3646484375,0.857421875,0.4927734375,0.5,0.5,0.857421875
rf83,12,0.3537109375,0.3537109375,0.84765625,0.4939453125,0.5,0.5,0.84765625
rf83,13,0.365234375,0.365234375,0.865234375,0.5,0.5,0.5,0.865234375
rf83,14,0.3384765625,0.3384765625,0.84375,0.5052734375,0.5,0.5,0.84375
rf83,15,0.3646484375,0.3646484375,0.8515625,0.4869140625,0.5,0.5,0.8515625
rf83,16,0.375390625,0.375390625,0.86328125,0.487890625,0.5,0.5,0.86328125
rf83,17,0.3703125,0.3703125,0.8515625,0.48125,0.5,0.5,0.8515625
rf83,18,0.3666015625,0.3666015625,0.85546875,0.4888671875,0.5,0.5,0.85546875
rf83,19,0.3677734375,0.3677734375,0.8515625,0.4837890625,0.5,0.5,0.8515625
