arm,seed,block_id,control_scope,n,normal_correct,normal_recall,fpr,checkpoint_sha256
real_ms,7,block_01,Car-Hacking untouched normal base,2000,2000,1.0,0.0,2eccea8cfc2d734602b8d70f0cd728b7b9c311e262dc51bdec4e7c9957f9fc32
real_ms,7,block_02,Car-Hacking untouched normal base,2000,1999,0.9995,0.0004999999999999449,2eccea8cfc2d734602b8d70f0cd728b7b9c311e262dc51bdec4e7c9957f9fc32
real_ms,7,block_03,Car-Hacking untouched normal base,2000,2000,1.0,0.0,2eccea8cfc2d734602b8d70f0cd728b7b9c311e262dc51bdec4e7c9957f9fc32
real_ms,42,block_01,Car-Hacking untouched normal base,2000,2000,1.0,0.0,96df37d40ea9afd7694d6e15f6c38de4c18283e7e2ca2fa8b60207fcb9d4e32d
real_ms,42,block_02,Car-Hacking untouched normal base,2000,1998,0.999,0.0010000000000000009,96df37d40ea9afd7694d6e15f6c38de4c18283e7e2ca2fa8b60207fcb9d4e32d
real_ms,42,block_03,Car-Hacking untouched normal base,2000,2000,1.0,0.0,96df37d40ea9afd7694d6e15f6c38de4c18283e7e2ca2fa8b60207fcb9d4e32d
real_ms,123,block_01,Car-Hacking untouched normal base,2000,2000,1.0,0.0,b32a663c646ccfd50538af024ec2107cf167462d814487287359301ff2ee0ebb
real_ms,123,block_02,Car-Hacking untouched normal base,2000,1997,0.9985,0.0014999999999999458,b32a663c646ccfd50538af024ec2107cf167462d814487287359301ff2ee0ebb
real_ms,123,block_03,Car-Hacking untouched normal base,2000,2000,1.0,0.0,b32a663c646ccfd50538af024ec2107cf167462d814487287359301ff2ee0ebb
real_ms,2026,block_01,Car-Hacking untouched normal base,2000,2000,1.0,0.0,1020d15f99c0de5335633ce9de97f53485faf281fc3e5cafa1182a993e6d7a94
real_ms,2026,block_02,Car-Hacking untouched normal base,2000,1998,0.999,0.0010000000000000009,1020d15f99c0de5335633ce9de97f53485faf281fc3e5cafa1182a993e6d7a94
real_ms,2026,block_03,Car-Hacking untouched normal base,2000,2000,1.0,0.0,1020d15f99c0de5335633ce9de97f53485faf281fc3e5cafa1182a993e6d7a94
real_ms,3407,block_01,Car-Hacking untouched normal base,2000,2000,1.0,0.0,d0005ebfbef6562450a70e0c8e4d9ef5769e792f66d6725340fa551a9a673a88
real_ms,3407,block_02,Car-Hacking untouched normal base,2000,1997,0.9985,0.0014999999999999458,d0005ebfbef6562450a70e0c8e4d9ef5769e792f66d6725340fa551a9a673a88
real_ms,3407,block_03,Car-Hacking untouched normal base,2000,2000,1.0,0.0,d0005ebfbef6562450a70e0c8e4d9ef5769e792f66d6725340fa551a9a673a88
rule_ms,7,block_01,Car-Hacking untouched normal base,2000,2000,1.0,0.0,27c37e443ea6880761163bc2ea10ed5a86ab3ab1a6a6969770a284e2fd0d1182
rule_ms,7,block_02,Car-Hacking untouched normal base,2000,1999,0.9995,0.0004999999999999449,27c37e443ea6880761163bc2ea10ed5a86ab3ab1a6a6969770a284e2fd0d1182
rule_ms,7,block_03,Car-Hacking untouched normal base,2000,2000,1.0,0.0,27c37e443ea6880761163bc2ea10ed5a86ab3ab1a6a6969770a284e2fd0d1182
rule_ms,42,block_01,Car-Hacking untouched normal base,2000,2000,1.0,0.0,36616d6c1450337e51a172ab97a63e702c4147ab0da1411b0ced9e359a326364
rule_ms,42,block_02,Car-Hacking untouched normal base,2000,1998,0.999,0.0010000000000000009,36616d6c1450337e51a172ab97a63e702c4147ab0da1411b0ced9e359a326364
rule_ms,42,block_03,Car-Hacking untouched normal base,2000,2000,1.0,0.0,36616d6c1450337e51a172ab97a63e702c4147ab0da1411b0ced9e359a326364
rule_ms,123,block_01,Car-Hacking untouched normal base,2000,2000,1.0,0.0,d68719b70933d1b91d9cec34ddc8300e55c6710df622627c9702db9b6e2932e0
rule_ms,123,block_02,Car-Hacking untouched normal base,2000,1998,0.999,0.0010000000000000009,d68719b70933d1b91d9cec34ddc8300e55c6710df622627c9702db9b6e2932e0
rule_ms,123,block_03,Car-Hacking untouched normal base,2000,2000,1.0,0.0,d68719b70933d1b91d9cec34ddc8300e55c6710df622627c9702db9b6e2932e0
rule_ms,2026,block_01,Car-Hacking untouched normal base,2000,2000,1.0,0.0,3623d62c3bc7d4f56771a000f02c08eec36ea91f2dccecd8588599b2490118f9
rule_ms,2026,block_02,Car-Hacking untouched normal base,2000,1998,0.999,0.0010000000000000009,3623d62c3bc7d4f56771a000f02c08eec36ea91f2dccecd8588599b2490118f9
rule_ms,2026,block_03,Car-Hacking untouched normal base,2000,2000,1.0,0.0,3623d62c3bc7d4f56771a000f02c08eec36ea91f2dccecd8588599b2490118f9
rule_ms,3407,block_01,Car-Hacking untouched normal base,2000,2000,1.0,0.0,2248b276a2ac4c380faf890ed8fc6ff2cc8e27bdd90d3d41b60dcf3beee4a5cf
rule_ms,3407,block_02,Car-Hacking untouched normal base,2000,1998,0.999,0.0010000000000000009,2248b276a2ac4c380faf890ed8fc6ff2cc8e27bdd90d3d41b60dcf3beee4a5cf
rule_ms,3407,block_03,Car-Hacking untouched normal base,2000,2000,1.0,0.0,2248b276a2ac4c380faf890ed8fc6ff2cc8e27bdd90d3d41b60dcf3beee4a5cf
placebo_ms,7,block_01,Car-Hacking untouched normal base,2000,2000,1.0,0.0,60bcf0a0d36a9b7725d64239a7e9cabe639ebc13248b62a436f05b7fa770869f
placebo_ms,7,block_02,Car-Hacking untouched normal base,2000,1999,0.9995,0.0004999999999999449,60bcf0a0d36a9b7725d64239a7e9cabe639ebc13248b62a436f05b7fa770869f
placebo_ms,7,block_03,Car-Hacking untouched normal base,2000,2000,1.0,0.0,60bcf0a0d36a9b7725d64239a7e9cabe639ebc13248b62a436f05b7fa770869f
placebo_ms,42,block_01,Car-Hacking untouched normal base,2000,2000,1.0,0.0,c0baf3e93be225dc1d08bbb1efbcd82be242f63d6b4719b619f269169eb6ea3f
placebo_ms,42,block_02,Car-Hacking untouched normal base,2000,1998,0.999,0.0010000000000000009,c0baf3e93be225dc1d08bbb1efbcd82be242f63d6b4719b619f269169eb6ea3f
placebo_ms,42,block_03,Car-Hacking untouched normal base,2000,2000,1.0,0.0,c0baf3e93be225dc1d08bbb1efbcd82be242f63d6b4719b619f269169eb6ea3f
placebo_ms,123,block_01,Car-Hacking untouched normal base,2000,2000,1.0,0.0,6eae99dfd6ac4899e2f5a6c56207389fec653962b303a96aadc6bceab50337df
placebo_ms,123,block_02,Car-Hacking untouched normal base,2000,1998,0.999,0.0010000000000000009,6eae99dfd6ac4899e2f5a6c56207389fec653962b303a96aadc6bceab50337df
placebo_ms,123,block_03,Car-Hacking untouched normal base,2000,2000,1.0,0.0,6eae99dfd6ac4899e2f5a6c56207389fec653962b303a96aadc6bceab50337df
placebo_ms,2026,block_01,Car-Hacking untouched normal base,2000,2000,1.0,0.0,7bf9a3ce69e98915c7c989e26cb3a0decd6fba12901ab348a45e09ea029ea8ec
placebo_ms,2026,block_02,Car-Hacking untouched normal base,2000,1998,0.999,0.0010000000000000009,7bf9a3ce69e98915c7c989e26cb3a0decd6fba12901ab348a45e09ea029ea8ec
placebo_ms,2026,block_03,Car-Hacking untouched normal base,2000,2000,1.0,0.0,7bf9a3ce69e98915c7c989e26cb3a0decd6fba12901ab348a45e09ea029ea8ec
placebo_ms,3407,block_01,Car-Hacking untouched normal base,2000,2000,1.0,0.0,cfe3a9def49cb35af4c18e8c5a03ab807c4694f8a48021dd7e6a2b5ff368a7a8
placebo_ms,3407,block_02,Car-Hacking untouched normal base,2000,1998,0.999,0.0010000000000000009,cfe3a9def49cb35af4c18e8c5a03ab807c4694f8a48021dd7e6a2b5ff368a7a8
placebo_ms,3407,block_03,Car-Hacking untouched normal base,2000,2000,1.0,0.0,cfe3a9def49cb35af4c18e8c5a03ab807c4694f8a48021dd7e6a2b5ff368a7a8
real_std,7,block_01,Car-Hacking untouched normal base,2000,2000,1.0,0.0,a16f97511c74629db2e76075eab94d82f0d1a3f169737a09369967261c36dac3
real_std,7,block_02,Car-Hacking untouched normal base,2000,1998,0.999,0.0010000000000000009,a16f97511c74629db2e76075eab94d82f0d1a3f169737a09369967261c36dac3
real_std,7,block_03,Car-Hacking untouched normal base,2000,1999,0.9995,0.0004999999999999449,a16f97511c74629db2e76075eab94d82f0d1a3f169737a09369967261c36dac3
real_std,42,block_01,Car-Hacking untouched normal base,2000,2000,1.0,0.0,a6a06376f0348fcbbb058047eaf8e64b488c5695054265e8f5ef28b6a4388d0e
real_std,42,block_02,Car-Hacking untouched normal base,2000,1997,0.9985,0.0014999999999999458,a6a06376f0348fcbbb058047eaf8e64b488c5695054265e8f5ef28b6a4388d0e
real_std,42,block_03,Car-Hacking untouched normal base,2000,1999,0.9995,0.0004999999999999449,a6a06376f0348fcbbb058047eaf8e64b488c5695054265e8f5ef28b6a4388d0e
real_std,123,block_01,Car-Hacking untouched normal base,2000,2000,1.0,0.0,b395d863bb67c382b66f002cdc17bfe96e30e4dadebe90005266f113ac139149
real_std,123,block_02,Car-Hacking untouched normal base,2000,1996,0.998,0.0020000000000000018,b395d863bb67c382b66f002cdc17bfe96e30e4dadebe90005266f113ac139149
real_std,123,block_03,Car-Hacking untouched normal base,2000,2000,1.0,0.0,b395d863bb67c382b66f002cdc17bfe96e30e4dadebe90005266f113ac139149
real_std,2026,block_01,Car-Hacking untouched normal base,2000,2000,1.0,0.0,5bc1f150bea0e2f76e407ea7f4df80423a54db871255e23dd268fc690d1ff792
real_std,2026,block_02,Car-Hacking untouched normal base,2000,1997,0.9985,0.0014999999999999458,5bc1f150bea0e2f76e407ea7f4df80423a54db871255e23dd268fc690d1ff792
real_std,2026,block_03,Car-Hacking untouched normal base,2000,2000,1.0,0.0,5bc1f150bea0e2f76e407ea7f4df80423a54db871255e23dd268fc690d1ff792
real_std,3407,block_01,Car-Hacking untouched normal base,2000,2000,1.0,0.0,d57c5cde43323fff38bb594bb7716b965bc171a3c598b4bddfb94d1f4c2307d9
real_std,3407,block_02,Car-Hacking untouched normal base,2000,1997,0.9985,0.0014999999999999458,d57c5cde43323fff38bb594bb7716b965bc171a3c598b4bddfb94d1f4c2307d9
real_std,3407,block_03,Car-Hacking untouched normal base,2000,2000,1.0,0.0,d57c5cde43323fff38bb594bb7716b965bc171a3c598b4bddfb94d1f4c2307d9
rule_std,7,block_01,Car-Hacking untouched normal base,2000,2000,1.0,0.0,77e90846fb1ab3282ef8b48a3000c2f13dbb5d37dbb3ad68208ea892f5bd6947
rule_std,7,block_02,Car-Hacking untouched normal base,2000,1998,0.999,0.0010000000000000009,77e90846fb1ab3282ef8b48a3000c2f13dbb5d37dbb3ad68208ea892f5bd6947
rule_std,7,block_03,Car-Hacking untouched normal base,2000,2000,1.0,0.0,77e90846fb1ab3282ef8b48a3000c2f13dbb5d37dbb3ad68208ea892f5bd6947
rule_std,42,block_01,Car-Hacking untouched normal base,2000,2000,1.0,0.0,3ad60e856c38cd2c94ea6fcbdb5156b3ab82222648e48ce84aebdc100775511d
rule_std,42,block_02,Car-Hacking untouched normal base,2000,1998,0.999,0.0010000000000000009,3ad60e856c38cd2c94ea6fcbdb5156b3ab82222648e48ce84aebdc100775511d
rule_std,42,block_03,Car-Hacking untouched normal base,2000,2000,1.0,0.0,3ad60e856c38cd2c94ea6fcbdb5156b3ab82222648e48ce84aebdc100775511d
rule_std,123,block_01,Car-Hacking untouched normal base,2000,2000,1.0,0.0,2f2bf9b2f9bfa75ec903656864eaee2eb42b454c966dbe6872c1533d0d2f6193
rule_std,123,block_02,Car-Hacking untouched normal base,2000,1998,0.999,0.0010000000000000009,2f2bf9b2f9bfa75ec903656864eaee2eb42b454c966dbe6872c1533d0d2f6193
rule_std,123,block_03,Car-Hacking untouched normal base,2000,2000,1.0,0.0,2f2bf9b2f9bfa75ec903656864eaee2eb42b454c966dbe6872c1533d0d2f6193
rule_std,2026,block_01,Car-Hacking untouched normal base,2000,2000,1.0,0.0,fed3aa9ff056f2f82dfe24ba67b37c25b4d8fb4f3a2ac2eda093d7e0af0c023f
rule_std,2026,block_02,Car-Hacking untouched normal base,2000,1998,0.999,0.0010000000000000009,fed3aa9ff056f2f82dfe24ba67b37c25b4d8fb4f3a2ac2eda093d7e0af0c023f
rule_std,2026,block_03,Car-Hacking untouched normal base,2000,2000,1.0,0.0,fed3aa9ff056f2f82dfe24ba67b37c25b4d8fb4f3a2ac2eda093d7e0af0c023f
rule_std,3407,block_01,Car-Hacking untouched normal base,2000,2000,1.0,0.0,e23120af83183f5d967d4761ab92f5f31b98833fed19289569d77122d95efabb
rule_std,3407,block_02,Car-Hacking untouched normal base,2000,1998,0.999,0.0010000000000000009,e23120af83183f5d967d4761ab92f5f31b98833fed19289569d77122d95efabb
rule_std,3407,block_03,Car-Hacking untouched normal base,2000,2000,1.0,0.0,e23120af83183f5d967d4761ab92f5f31b98833fed19289569d77122d95efabb
placebo_std,7,block_01,Car-Hacking untouched normal base,2000,2000,1.0,0.0,ac7fe4a64dcb9205425db8865b1bcd8d6f4faade46e42496b729a879bdbb2919
placebo_std,7,block_02,Car-Hacking untouched normal base,2000,1998,0.999,0.0010000000000000009,ac7fe4a64dcb9205425db8865b1bcd8d6f4faade46e42496b729a879bdbb2919
placebo_std,7,block_03,Car-Hacking untouched normal base,2000,2000,1.0,0.0,ac7fe4a64dcb9205425db8865b1bcd8d6f4faade46e42496b729a879bdbb2919
placebo_std,42,block_01,Car-Hacking untouched normal base,2000,2000,1.0,0.0,640970486f0581fd24b4a4ff9f2b5c73ae8893a665129357b0f62db35bce7d02
placebo_std,42,block_02,Car-Hacking untouched normal base,2000,1998,0.999,0.0010000000000000009,640970486f0581fd24b4a4ff9f2b5c73ae8893a665129357b0f62db35bce7d02
placebo_std,42,block_03,Car-Hacking untouched normal base,2000,2000,1.0,0.0,640970486f0581fd24b4a4ff9f2b5c73ae8893a665129357b0f62db35bce7d02
placebo_std,123,block_01,Car-Hacking untouched normal base,2000,2000,1.0,0.0,938fca913ce50778e8f7df0f31c90671aac0437ce007034b923ec9a99870074e
placebo_std,123,block_02,Car-Hacking untouched normal base,2000,2000,1.0,0.0,938fca913ce50778e8f7df0f31c90671aac0437ce007034b923ec9a99870074e
placebo_std,123,block_03,Car-Hacking untouched normal base,2000,2000,1.0,0.0,938fca913ce50778e8f7df0f31c90671aac0437ce007034b923ec9a99870074e
placebo_std,2026,block_01,Car-Hacking untouched normal base,2000,2000,1.0,0.0,5673e6137a82e39294f05b073c1fb2e3f474382d6b741f29581fb4ee1b1079cb
placebo_std,2026,block_02,Car-Hacking untouched normal base,2000,1998,0.999,0.0010000000000000009,5673e6137a82e39294f05b073c1fb2e3f474382d6b741f29581fb4ee1b1079cb
placebo_std,2026,block_03,Car-Hacking untouched normal base,2000,2000,1.0,0.0,5673e6137a82e39294f05b073c1fb2e3f474382d6b741f29581fb4ee1b1079cb
placebo_std,3407,block_01,Car-Hacking untouched normal base,2000,2000,1.0,0.0,3b36a329f78d1098defa6ceda13ab58952364a505b5375405281392760fa41bf
placebo_std,3407,block_02,Car-Hacking untouched normal base,2000,1998,0.999,0.0010000000000000009,3b36a329f78d1098defa6ceda13ab58952364a505b5375405281392760fa41bf
placebo_std,3407,block_03,Car-Hacking untouched normal base,2000,1998,0.999,0.0010000000000000009,3b36a329f78d1098defa6ceda13ab58952364a505b5375405281392760fa41bf
