schema_version,record_scope,construction_seed,role,pool_identifier,pool_path,pool_file_sha256,ordered_content_sha256,generation_log_sha256,per_attack,total_windows,exact_content_repeated,pool_hash_distinct,content_hash_distinct,left_construction_seed,right_construction_seed,left_rows,right_rows,exact_row_content_overlap,left_overlap_fraction,right_overlap_fraction,identical_complete_digest_sets
e15.rule_construction_pool_audit.v1,pool,314159,fresh_known_construction_anchor,e15_rule_cseed314159_v2,journal/datasets/synthetic/rule_cseed314159_windows_v2.npz,8723a499be3e45e27d6c353e5566ece70942688b1758185e212a8b60eeac0bf3,9c05045481fc235ea58d85709295996a99c6842c39053332507c6d7ebfbbbc43,a776e535375c35bc9f809ce09a0540dbc3900a4c46c1d74e3f0cc39386848bbb,65000,260000,0,True,True,,,,,,,,
e15.rule_construction_pool_audit.v1,pool,271828,new_primary_construction,e15_rule_cseed271828_v2,journal/datasets/synthetic/rule_cseed271828_windows_v2.npz,e13209205e7fdde8188d6ee89a123451d6eeeee653b2ea85011adc105f8b2d2d,8ffb54dc909930ebc6f2150258c7415fb7e4e050bf3937fea02e645b28007ffc,b4efb6eadc4558d67dfd4513cd03de30a98c297ae4d259aaef27cbcde7e9347e,65000,260000,0,True,True,,,,,,,,
e15.rule_construction_pool_audit.v1,pool,161803,new_primary_construction,e15_rule_cseed161803_v2,journal/datasets/synthetic/rule_cseed161803_windows_v2.npz,01d9426397b0297e5c2d7f3806c6791bf898b6a5f9dcfbbb8d91d299d3767413,49b970d605b11bebe460e1d53ca926875610b785feaa39c3a4a23c4d3103367d,dbd2bc384d3c284529909804a09d1c3faa40ac6d49f615ba440fc636df45ef20,65000,260000,0,True,True,,,,,,,,
e15.rule_construction_pool_audit.v1,pool,141421,new_primary_construction,e15_rule_cseed141421_v2,journal/datasets/synthetic/rule_cseed141421_windows_v2.npz,52a961e3db47266ab2bcec145d4db7aa46e779f1cf65b61c0674e0dee1b60f0c,87fe8f00fa7e4f995608fd065d42d675bb652a6093d874b4d548226968925b91,5170bf01215173c08a4ce9a77bbaaaae1d58cd21a0046ae93a2f106db51b8523,65000,260000,0,True,True,,,,,,,,
e15.rule_construction_pool_audit.v1,pool,173205,new_primary_construction,e15_rule_cseed173205_v2,journal/datasets/synthetic/rule_cseed173205_windows_v2.npz,5f4a4567785bfff00def5959062731cf7479d0828c430cc2d51dba0dba00e18a,983c19fc159ce94f42038e80d9a231b82631afc372e9273802b37a73542a3775,eb63549a21946551568475dd38d4c1aa4282557d60d69a7e9e17f10e66fc3027,65000,260000,0,True,True,,,,,,,,
e15.rule_construction_pool_audit.v1,cross_pool_pair,,descriptive_cross_pool_overlap,,,,,,,,,True,True,314159,271828,260000,260000,0,0.0,0.0,False
e15.rule_construction_pool_audit.v1,cross_pool_pair,,descriptive_cross_pool_overlap,,,,,,,,,True,True,314159,161803,260000,260000,0,0.0,0.0,False
e15.rule_construction_pool_audit.v1,cross_pool_pair,,descriptive_cross_pool_overlap,,,,,,,,,True,True,314159,141421,260000,260000,0,0.0,0.0,False
e15.rule_construction_pool_audit.v1,cross_pool_pair,,descriptive_cross_pool_overlap,,,,,,,,,True,True,314159,173205,260000,260000,0,0.0,0.0,False
e15.rule_construction_pool_audit.v1,cross_pool_pair,,descriptive_cross_pool_overlap,,,,,,,,,True,True,271828,161803,260000,260000,0,0.0,0.0,False
e15.rule_construction_pool_audit.v1,cross_pool_pair,,descriptive_cross_pool_overlap,,,,,,,,,True,True,271828,141421,260000,260000,0,0.0,0.0,False
e15.rule_construction_pool_audit.v1,cross_pool_pair,,descriptive_cross_pool_overlap,,,,,,,,,True,True,271828,173205,260000,260000,0,0.0,0.0,False
e15.rule_construction_pool_audit.v1,cross_pool_pair,,descriptive_cross_pool_overlap,,,,,,,,,True,True,161803,141421,260000,260000,0,0.0,0.0,False
e15.rule_construction_pool_audit.v1,cross_pool_pair,,descriptive_cross_pool_overlap,,,,,,,,,True,True,161803,173205,260000,260000,0,0.0,0.0,False
e15.rule_construction_pool_audit.v1,cross_pool_pair,,descriptive_cross_pool_overlap,,,,,,,,,True,True,141421,173205,260000,260000,0,0.0,0.0,False
