construction_seed,placebo_seed,arm,role,windows,per_attack,x_digest,target
415637,1590757002,rule,primary,260000,65000,b9a3e26fc3fefbb7a269c07fac42a73242718006095fcc97049a9ccf0f2b0109,journal/datasets/synthetic/e16_rule_cseed415637_windows_v2.npz
415637,1590757002,placebo,primary,260000,65000,7383ccec685774fc58e513b144faa5f6c8e66f792596651b1af5aadad3121e66,journal/datasets/synthetic/e16_placebo_cseed415637_windows_v2.npz
748203,3788055808,rule,primary,260000,65000,2066bea333a706d237a9901ef9bb7163f23b6a4636d141b1bc500b0891581630,journal/datasets/synthetic/e16_rule_cseed748203_windows_v2.npz
748203,3788055808,placebo,primary,260000,65000,9c5d046d0027baa59b5d9a4f4b176b52f5105c9e319b709646e59d6e1e864cf8,journal/datasets/synthetic/e16_placebo_cseed748203_windows_v2.npz
560657,959103541,rule,primary,260000,65000,852e22474f735a71875322bc0f564f6eafe29288128b03c2e5fc57d395f592b9,journal/datasets/synthetic/e16_rule_cseed560657_windows_v2.npz
560657,959103541,placebo,primary,260000,65000,9d1b9417040426da54bb9de5998a6263039c9f10803e5fb73735da2f66bdf971,journal/datasets/synthetic/e16_placebo_cseed560657_windows_v2.npz
459336,1976626086,rule,primary,260000,65000,7e0caf395ba3e2c87dc65d4f58899c3c1136791ebd4e03080bb84bd777a01d53,journal/datasets/synthetic/e16_rule_cseed459336_windows_v2.npz
459336,1976626086,placebo,primary,260000,65000,d2ff3397c6b965e46a32e0396a0932777cf467c2a2e9330f26313dc921f62380,journal/datasets/synthetic/e16_placebo_cseed459336_windows_v2.npz
457191,1860529192,rule,primary,260000,65000,5cb7fd6b8a30e0c8bc95680e485968007558136327d5239a3d3421f3d901beba,journal/datasets/synthetic/e16_rule_cseed457191_windows_v2.npz
457191,1860529192,placebo,primary,260000,65000,322892729f9a31a1730cadd31e44a8dff0b7d75c47f3d201c5b907425274f32e,journal/datasets/synthetic/e16_placebo_cseed457191_windows_v2.npz
999191,1062549808,rule,primary,260000,65000,351524574112a5d885437f188a5a61486e5887378f694587e4ca1e53b94b0bb1,journal/datasets/synthetic/e16_rule_cseed999191_windows_v2.npz
999191,1062549808,placebo,primary,260000,65000,67d0a92ac7f097f588b260e06f64b0740e5e01937e580a12fc45c97202dd56cd,journal/datasets/synthetic/e16_placebo_cseed999191_windows_v2.npz
715822,1793600208,rule,primary,260000,65000,c759a408494c5be163941d431ce1f5a326f42034a7161222f306160d2312d480,journal/datasets/synthetic/e16_rule_cseed715822_windows_v2.npz
715822,1793600208,placebo,primary,260000,65000,c721cea2a873c19252e84debf66124ef02473380e432693ad8228c2bfeab6397,journal/datasets/synthetic/e16_placebo_cseed715822_windows_v2.npz
298581,779204027,rule,primary,260000,65000,804ba15b8e089ff7f67e293e2fb3f79065497bcc67b03ac77114b6bd1c8d02b8,journal/datasets/synthetic/e16_rule_cseed298581_windows_v2.npz
298581,779204027,placebo,primary,260000,65000,558315e3efc2001ffea3d4ef587c28635cfde738d58f61067fe77c8f4612af04,journal/datasets/synthetic/e16_placebo_cseed298581_windows_v2.npz
922089,3873785419,rule,primary,260000,65000,e728e01ddd91ad0ea2d7b393e03b3251a1b98d15aa051f6afb2fb79c1e8d7dd9,journal/datasets/synthetic/e16_rule_cseed922089_windows_v2.npz
922089,3873785419,placebo,primary,260000,65000,eeb2149b0e1efe9db4bda8d626dc0ed239262b13b6b1beb75aec670db94ad2cf,journal/datasets/synthetic/e16_placebo_cseed922089_windows_v2.npz
864178,3337536839,rule,primary,260000,65000,c1684b0ac414e36748635787f83c2192535e66dc8a97fb9534485286314f3146,journal/datasets/synthetic/e16_rule_cseed864178_windows_v2.npz
864178,3337536839,placebo,primary,260000,65000,9805d9dcb0f7fc73e1e55500e40551320d47ec58d28086e363e8ea60aad5de9d,journal/datasets/synthetic/e16_placebo_cseed864178_windows_v2.npz
583909,1135262528,rule,primary,260000,65000,238b51ea21e21f0b2747b28a4643ae17eb1518c80369b4998739e20101b30b8d,journal/datasets/synthetic/e16_rule_cseed583909_windows_v2.npz
583909,1135262528,placebo,primary,260000,65000,91c05d6b5affb26f7aef30b291ef065f00e75a5c883c2eb1c2fafc5f0f85c6c4,journal/datasets/synthetic/e16_placebo_cseed583909_windows_v2.npz
467232,3528887398,rule,primary,260000,65000,55d547f5ea72aafac5e960bfdfc5a52a7257ef49716d9fac563568e6da02f724,journal/datasets/synthetic/e16_rule_cseed467232_windows_v2.npz
467232,3528887398,placebo,primary,260000,65000,5ab831a9dd9ba4e8051207daaade30a11ad814737644054a8685189862e21bd4,journal/datasets/synthetic/e16_placebo_cseed467232_windows_v2.npz
550427,1799510100,rule,primary,260000,65000,27a515b7a4a0fe4a8909002f57877f73d2c2d748dac1a7f20f64c5481949894d,journal/datasets/synthetic/e16_rule_cseed550427_windows_v2.npz
550427,1799510100,placebo,primary,260000,65000,65738270ca988d7a019fc339a34f8d50772e74cf61821f0cccbbecdd4013011f,journal/datasets/synthetic/e16_placebo_cseed550427_windows_v2.npz
485791,2515679318,rule,primary,260000,65000,42cb4c4929d7b03624d3fceba0ab88ddf564abed8eba1251d371fbe98db747a0,journal/datasets/synthetic/e16_rule_cseed485791_windows_v2.npz
485791,2515679318,placebo,primary,260000,65000,c2161ace938ad1bf9ca6f026e405a63602a1317f5cda242c74bb3ecbd401f61b,journal/datasets/synthetic/e16_placebo_cseed485791_windows_v2.npz
820632,3506727299,rule,primary,260000,65000,2a4c4d11f98f018bfcdb27504fd7a2e5db47ab80f87a86b825275460c0456876,journal/datasets/synthetic/e16_rule_cseed820632_windows_v2.npz
820632,3506727299,placebo,primary,260000,65000,65ec88be65a1f1a2d576ed1fef09c180f27e5b2a848a7c74acba45be086f6ae1,journal/datasets/synthetic/e16_placebo_cseed820632_windows_v2.npz
837943,3309880480,rule,primary,260000,65000,d6629a59d66e2952c68cf2c8c794e61545d1a0571b94570470650e80f45c7d72,journal/datasets/synthetic/e16_rule_cseed837943_windows_v2.npz
837943,3309880480,placebo,primary,260000,65000,41f7dd2fc18eb0a8eb7d436a6ec437c21d05ed2ac17de1708dff80233b7cd6e9,journal/datasets/synthetic/e16_placebo_cseed837943_windows_v2.npz
222537,60393616,rule,primary,260000,65000,69d00317873be5271af7331145f8b6c076b9673e567c543eae5e97c204ecc0e2,journal/datasets/synthetic/e16_rule_cseed222537_windows_v2.npz
222537,60393616,placebo,primary,260000,65000,a4e3043827ee7f9ceb627839cbfa8c9f783c5da8f7adde5b9671bf5a3161c9aa,journal/datasets/synthetic/e16_placebo_cseed222537_windows_v2.npz
685012,1322814775,rule,primary,260000,65000,2c269e5a505e35887db9f80561c7ce24e344a82e6b128c7036f8f14adf498749,journal/datasets/synthetic/e16_rule_cseed685012_windows_v2.npz
685012,1322814775,placebo,primary,260000,65000,fa3beebd0c5e95c0f36737d3fc9a2f38061de0b3ea2b9d80f30b58592effc26d,journal/datasets/synthetic/e16_placebo_cseed685012_windows_v2.npz
192753,3614171623,rule,primary,260000,65000,3f2381950d9284e03d35e8d782ac420e6cef637e153f1bd421174d199d7b0102,journal/datasets/synthetic/e16_rule_cseed192753_windows_v2.npz
192753,3614171623,placebo,primary,260000,65000,5c91c09a74faae2c5aeab898b91e575b6edf825288ac5395128526cc3672a5a4,journal/datasets/synthetic/e16_placebo_cseed192753_windows_v2.npz
739263,413835320,rule,primary,260000,65000,430d79a29cba32e04c44624cdd586d39aaef657d8ee9f72b7a4be2d8385893a4,journal/datasets/synthetic/e16_rule_cseed739263_windows_v2.npz
739263,413835320,placebo,primary,260000,65000,a4df5c46fd9a3e347648d30c535aee65e91d60e35266ecbc8f0f871426f75038,journal/datasets/synthetic/e16_placebo_cseed739263_windows_v2.npz
271828,277531363,placebo,bridge_sensitivity,260000,65000,9acdf4e58fb3a9b722dd4d9f6cf0231b1546686f7af048cea088336686ed56ab,journal/datasets/synthetic/e16_placebo_cseed271828_windows_v2.npz
161803,4263250405,placebo,bridge_sensitivity,260000,65000,6ffeb91fa2c9dc4422ec844dab72f41f32c22d5b30cca409eb03d29891792ae0,journal/datasets/synthetic/e16_placebo_cseed161803_windows_v2.npz
141421,1776341775,placebo,bridge_sensitivity,260000,65000,b43cb4f5b59a98f9c721fa58fb5a8a17dfe6134d296780b5fedbaa66f24f2abe,journal/datasets/synthetic/e16_placebo_cseed141421_windows_v2.npz
173205,4035015323,placebo,bridge_sensitivity,260000,65000,a51a935ac24f49c6a22574ef8458f8c03fc44fc46a3b9a6171985c948a22c893,journal/datasets/synthetic/e16_placebo_cseed173205_windows_v2.npz
