attack_scope,construction_seed,real_recall,rule_recall,placebo_recall,rule_gain,placebo_gain,absolute_difference,gain_ratio,ratio_unstable,ratio_denominator
equal_macro,192753,0.018387499999999998,0.07844999999999999,0.12859166666666666,0.06006249999999999,0.11020416666666666,-0.05014166666666667,0.5450111535407766,False,0.11020416666666666
equal_macro,222537,0.018387499999999998,0.12299166666666668,0.14355416666666668,0.10460416666666668,0.12516666666666668,-0.020562499999999997,0.8357190412782957,False,0.12516666666666668
equal_macro,298581,0.018387499999999998,0.13080416666666667,0.19444583333333335,0.11241666666666666,0.17605833333333334,-0.06364166666666668,0.6385194301131253,False,0.17605833333333334
equal_macro,415637,0.018387499999999998,0.099975,0.07682083333333334,0.0815875,0.05843333333333334,0.023154166666666656,1.3962492869366798,False,0.05843333333333334
equal_macro,457191,0.018387499999999998,0.07415416666666666,0.09811666666666667,0.05576666666666666,0.07972916666666667,-0.02396250000000001,0.6994512673112097,False,0.07972916666666667
equal_macro,459336,0.018387499999999998,0.12465,0.10510833333333333,0.1062625,0.08672083333333333,0.019541666666666666,1.2253399317734108,False,0.08672083333333333
equal_macro,467232,0.018387499999999998,0.133575,0.09936666666666667,0.1151875,0.08097916666666667,0.03420833333333333,1.4224337535374323,False,0.08097916666666667
equal_macro,485791,0.018387499999999998,0.15797916666666667,0.09465416666666666,0.13959166666666667,0.07626666666666666,0.063325,1.8303103146853148,False,0.07626666666666666
equal_macro,550427,0.018387499999999998,0.11064166666666667,0.10605416666666664,0.09225416666666666,0.08766666666666664,0.004587500000000022,1.0523288973384033,False,0.08766666666666664
equal_macro,560657,0.018387499999999998,0.17885,0.20002083333333331,0.1604625,0.1816333333333333,-0.021170833333333305,0.8834419159478805,False,0.1816333333333333
equal_macro,583909,0.018387499999999998,0.22489583333333335,0.1393,0.20650833333333335,0.1209125,0.08559583333333334,1.7079155036355491,False,0.1209125
equal_macro,685012,0.018387499999999998,0.1022875,0.1548625,0.0839,0.13647499999999999,-0.05257499999999998,0.6147646089027295,False,0.13647499999999999
equal_macro,715822,0.018387499999999998,0.2044625,0.20304166666666665,0.186075,0.18465416666666665,0.0014208333333333434,1.0076945641627366,False,0.18465416666666665
equal_macro,739263,0.018387499999999998,0.15761666666666665,0.20242916666666666,0.13922916666666665,0.18404166666666666,-0.044812500000000005,0.756508942721304,False,0.18404166666666666
equal_macro,748203,0.018387499999999998,0.15400833333333333,0.17145,0.13562083333333333,0.1530625,-0.01744166666666666,0.8860487273717164,False,0.1530625
equal_macro,820632,0.018387499999999998,0.1242375,0.11705416666666665,0.10585,0.09866666666666665,0.007183333333333347,1.0728040540540542,False,0.09866666666666665
equal_macro,837943,0.018387499999999998,0.08306666666666666,0.11145416666666667,0.06467916666666666,0.09306666666666667,-0.02838750000000001,0.6949767191977076,False,0.09306666666666667
equal_macro,864178,0.018387499999999998,0.17777916666666668,0.16835,0.15939166666666668,0.1499625,0.009429166666666683,1.0628768303186908,False,0.1499625
equal_macro,922089,0.018387499999999998,0.12641666666666668,0.1847166666666667,0.10802916666666668,0.1663291666666667,-0.05830000000000002,0.6494902176908238,False,0.1663291666666667
equal_macro,999191,0.018387499999999998,0.13619583333333335,0.12205000000000002,0.11780833333333335,0.10366250000000002,0.01414583333333333,1.1364604686683548,False,0.10366250000000002
Gear,192753,0.0004916666666666666,0.084075,0.1521,0.08358333333333333,0.15160833333333334,-0.06802500000000002,0.5513109437695817,False,0.15160833333333334
Gear,222537,0.0004916666666666666,0.12136666666666666,0.17156666666666667,0.120875,0.171075,-0.05020000000000001,0.7065614496565833,False,0.171075
Gear,298581,0.0004916666666666666,0.11545000000000001,0.264525,0.11495833333333334,0.26403333333333334,-0.149075,0.4353932584269663,False,0.26403333333333334
Gear,415637,0.0004916666666666666,0.15449166666666664,0.062016666666666664,0.15399999999999997,0.061524999999999996,0.09247499999999997,2.5030475416497358,False,0.061524999999999996
Gear,457191,0.0004916666666666666,0.08108333333333333,0.12590833333333334,0.08059166666666666,0.12541666666666668,-0.04482500000000002,0.6425913621262457,False,0.12541666666666668
Gear,459336,0.0004916666666666666,0.11231666666666666,0.10905833333333333,0.111825,0.10856666666666666,0.0032583333333333353,1.0300122812404053,False,0.10856666666666666
Gear,467232,0.0004916666666666666,0.16696666666666665,0.11950000000000001,0.16647499999999998,0.11900833333333334,0.04746666666666664,1.3988516210349413,False,0.11900833333333334
Gear,485791,0.0004916666666666666,0.22068333333333334,0.10105,0.22019166666666667,0.10055833333333333,0.11963333333333334,2.1896908925167815,False,0.10055833333333333
Gear,550427,0.0004916666666666666,0.13555,0.166625,0.13505833333333334,0.16613333333333333,-0.03107499999999999,0.812951444622793,False,0.16613333333333333
Gear,560657,0.0004916666666666666,0.22084166666666666,0.21314166666666665,0.22035,0.21264999999999998,0.007700000000000012,1.0362097343051964,False,0.21264999999999998
Gear,583909,0.0004916666666666666,0.31905,0.18057499999999999,0.31855833333333333,0.18008333333333332,0.13847500000000001,1.768949560388709,False,0.18008333333333332
Gear,685012,0.0004916666666666666,0.090575,0.18950833333333333,0.09008333333333333,0.18901666666666667,-0.09893333333333333,0.4765893660171061,False,0.18901666666666667
Gear,715822,0.0004916666666666666,0.2809833333333333,0.19929166666666667,0.28049166666666664,0.1988,0.08169166666666663,1.4109238765928904,False,0.1988
Gear,739263,0.0004916666666666666,0.16204166666666667,0.298575,0.16155,0.2980833333333333,-0.1365333333333333,0.5419625384400336,False,0.2980833333333333
Gear,748203,0.0004916666666666666,0.19026666666666667,0.20130833333333334,0.189775,0.20081666666666667,-0.011041666666666672,0.9450161839156777,False,0.20081666666666667
Gear,820632,0.0004916666666666666,0.14865,0.16914166666666666,0.14815833333333334,0.16865,-0.020491666666666658,0.8784958988042297,False,0.16865
Gear,837943,0.0004916666666666666,0.10335833333333336,0.12828333333333336,0.10286666666666669,0.1277916666666667,-0.024925000000000003,0.8049559830453212,False,0.1277916666666667
Gear,864178,0.0004916666666666666,0.263,0.22622499999999998,0.26250833333333334,0.2257333333333333,0.03677500000000003,1.1629134672179564,False,0.2257333333333333
Gear,922089,0.0004916666666666666,0.14073333333333332,0.2271583333333333,0.14024166666666665,0.22666666666666663,-0.08642499999999997,0.6187132352941177,False,0.22666666666666663
Gear,999191,0.0004916666666666666,0.15593333333333334,0.14464166666666667,0.15544166666666667,0.14415,0.011291666666666672,1.0783327552318187,False,0.14415
RPM,192753,0.03628333333333333,0.072825,0.10508333333333333,0.036541666666666674,0.0688,-0.03225833333333333,0.5311288759689924,False,0.0688
RPM,222537,0.03628333333333333,0.12461666666666668,0.11554166666666668,0.08833333333333335,0.07925833333333335,0.009075,1.1144990011565556,False,0.07925833333333335
RPM,298581,0.03628333333333333,0.14615833333333333,0.12436666666666667,0.109875,0.08808333333333335,0.021791666666666668,1.247398297067171,False,0.08808333333333335
RPM,415637,0.03628333333333333,0.04545833333333334,0.091625,0.00917500000000001,0.05534166666666667,-0.04616666666666666,0.16578828489685304,False,0.05534166666666667
RPM,457191,0.03628333333333333,0.06722500000000001,0.070325,0.03094166666666668,0.03404166666666667,-0.0030999999999999917,0.9089351285189721,False,0.03404166666666667
RPM,459336,0.03628333333333333,0.13698333333333335,0.10115833333333332,0.10070000000000001,0.06487499999999999,0.035825000000000023,1.552215799614644,False,0.06487499999999999
RPM,467232,0.03628333333333333,0.10018333333333333,0.07923333333333334,0.06390000000000001,0.04295000000000001,0.020949999999999996,1.4877764842840513,False,0.04295000000000001
RPM,485791,0.03628333333333333,0.095275,0.08825833333333334,0.05899166666666667,0.051975000000000014,0.007016666666666657,1.1350008016674682,False,0.051975000000000014
RPM,550427,0.03628333333333333,0.08573333333333333,0.045483333333333334,0.04945,0.009200000000000007,0.040249999999999994,,True,0.009200000000000007
RPM,560657,0.03628333333333333,0.13685833333333333,0.1869,0.100575,0.15061666666666668,-0.05004166666666668,0.6677547858802699,False,0.15061666666666668
RPM,583909,0.03628333333333333,0.13074166666666667,0.098025,0.09445833333333334,0.061741666666666674,0.03271666666666667,1.529896072344446,False,0.061741666666666674
RPM,685012,0.03628333333333333,0.11399999999999999,0.12021666666666667,0.07771666666666666,0.08393333333333333,-0.006216666666666676,0.9259332803812549,False,0.08393333333333333
RPM,715822,0.03628333333333333,0.12794166666666668,0.20679166666666665,0.09165833333333334,0.17050833333333332,-0.07884999999999998,0.5375592590782465,False,0.17050833333333332
RPM,739263,0.03628333333333333,0.15319166666666667,0.10628333333333333,0.11690833333333334,0.07,0.046908333333333344,1.6701190476190475,False,0.07
RPM,748203,0.03628333333333333,0.11775,0.14159166666666664,0.08146666666666666,0.10530833333333331,-0.02384166666666665,0.7736013294294533,False,0.10530833333333331
RPM,820632,0.03628333333333333,0.09982500000000001,0.06496666666666666,0.06354166666666669,0.02868333333333333,0.03485833333333335,2.215281812899478,False,0.02868333333333333
RPM,837943,0.03628333333333333,0.062775,0.094625,0.02649166666666667,0.058341666666666674,-0.03185,0.45407798885873446,False,0.058341666666666674
RPM,864178,0.03628333333333333,0.09255833333333333,0.11047500000000002,0.056275,0.07419166666666668,-0.017916666666666692,0.758508367965854,False,0.07419166666666668
RPM,922089,0.03628333333333333,0.1121,0.142275,0.07581666666666667,0.10599166666666668,-0.030175000000000007,0.7153078072175485,False,0.10599166666666668
RPM,999191,0.03628333333333333,0.11645833333333333,0.09945833333333334,0.080175,0.06317500000000001,0.016999999999999987,1.269093787099327,False,0.06317500000000001
