row_type,pipeline_seed,block_id,attack,id_stratum,cell,metric,e14_value,e16_value,difference,denominator
scenario,7,block_01,Gear,canonical,000,exact_correct,33,33,0,2000
scenario,7,block_01,Gear,canonical,000,binary_correct,482,482,0,2000
scenario,42,block_01,Gear,canonical,000,exact_correct,0,0,0,2000
scenario,42,block_01,Gear,canonical,000,binary_correct,0,0,0,2000
scenario,123,block_01,Gear,canonical,000,exact_correct,0,0,0,2000
scenario,123,block_01,Gear,canonical,000,binary_correct,38,38,0,2000
scenario,2026,block_01,Gear,canonical,000,exact_correct,0,0,0,2000
scenario,2026,block_01,Gear,canonical,000,binary_correct,30,30,0,2000
scenario,3407,block_01,Gear,canonical,000,exact_correct,0,0,0,2000
scenario,3407,block_01,Gear,canonical,000,binary_correct,0,0,0,2000
scenario,7,block_01,Gear,canonical,001,exact_correct,36,36,0,2000
scenario,7,block_01,Gear,canonical,001,binary_correct,426,426,0,2000
scenario,42,block_01,Gear,canonical,001,exact_correct,0,0,0,2000
scenario,42,block_01,Gear,canonical,001,binary_correct,0,0,0,2000
scenario,123,block_01,Gear,canonical,001,exact_correct,0,0,0,2000
scenario,123,block_01,Gear,canonical,001,binary_correct,25,25,0,2000
scenario,2026,block_01,Gear,canonical,001,exact_correct,0,0,0,2000
scenario,2026,block_01,Gear,canonical,001,binary_correct,23,23,0,2000
scenario,3407,block_01,Gear,canonical,001,exact_correct,0,0,0,2000
scenario,3407,block_01,Gear,canonical,001,binary_correct,2,2,0,2000
scenario,7,block_01,Gear,canonical,010,exact_correct,26,26,0,2000
scenario,7,block_01,Gear,canonical,010,binary_correct,100,100,0,2000
scenario,42,block_01,Gear,canonical,010,exact_correct,0,0,0,2000
scenario,42,block_01,Gear,canonical,010,binary_correct,0,0,0,2000
scenario,123,block_01,Gear,canonical,010,exact_correct,0,0,0,2000
scenario,123,block_01,Gear,canonical,010,binary_correct,4,4,0,2000
scenario,2026,block_01,Gear,canonical,010,exact_correct,0,0,0,2000
scenario,2026,block_01,Gear,canonical,010,binary_correct,0,0,0,2000
scenario,3407,block_01,Gear,canonical,010,exact_correct,0,0,0,2000
scenario,3407,block_01,Gear,canonical,010,binary_correct,0,0,0,2000
scenario,7,block_01,Gear,canonical,011,exact_correct,22,22,0,2000
scenario,7,block_01,Gear,canonical,011,binary_correct,74,74,0,2000
scenario,42,block_01,Gear,canonical,011,exact_correct,0,0,0,2000
scenario,42,block_01,Gear,canonical,011,binary_correct,0,0,0,2000
scenario,123,block_01,Gear,canonical,011,exact_correct,0,0,0,2000
scenario,123,block_01,Gear,canonical,011,binary_correct,3,3,0,2000
scenario,2026,block_01,Gear,canonical,011,exact_correct,0,0,0,2000
scenario,2026,block_01,Gear,canonical,011,binary_correct,0,0,0,2000
scenario,3407,block_01,Gear,canonical,011,exact_correct,0,0,0,2000
scenario,3407,block_01,Gear,canonical,011,binary_correct,0,0,0,2000
scenario,7,block_01,Gear,canonical,100,exact_correct,7,7,0,2000
scenario,7,block_01,Gear,canonical,100,binary_correct,1955,1955,0,2000
scenario,42,block_01,Gear,canonical,100,exact_correct,0,0,0,2000
scenario,42,block_01,Gear,canonical,100,binary_correct,836,836,0,2000
scenario,123,block_01,Gear,canonical,100,exact_correct,0,0,0,2000
scenario,123,block_01,Gear,canonical,100,binary_correct,1968,1968,0,2000
scenario,2026,block_01,Gear,canonical,100,exact_correct,0,0,0,2000
scenario,2026,block_01,Gear,canonical,100,binary_correct,1894,1894,0,2000
scenario,3407,block_01,Gear,canonical,100,exact_correct,0,0,0,2000
scenario,3407,block_01,Gear,canonical,100,binary_correct,1960,1960,0,2000
scenario,7,block_01,Gear,canonical,101,exact_correct,5,5,0,2000
scenario,7,block_01,Gear,canonical,101,binary_correct,1992,1992,0,2000
scenario,42,block_01,Gear,canonical,101,exact_correct,0,0,0,2000
scenario,42,block_01,Gear,canonical,101,binary_correct,1189,1189,0,2000
scenario,123,block_01,Gear,canonical,101,exact_correct,0,0,0,2000
scenario,123,block_01,Gear,canonical,101,binary_correct,1972,1972,0,2000
scenario,2026,block_01,Gear,canonical,101,exact_correct,0,0,0,2000
scenario,2026,block_01,Gear,canonical,101,binary_correct,1955,1955,0,2000
scenario,3407,block_01,Gear,canonical,101,exact_correct,0,0,0,2000
scenario,3407,block_01,Gear,canonical,101,binary_correct,1981,1981,0,2000
scenario,7,block_01,Gear,canonical,110,exact_correct,0,0,0,2000
scenario,7,block_01,Gear,canonical,110,binary_correct,1687,1687,0,2000
scenario,42,block_01,Gear,canonical,110,exact_correct,0,0,0,2000
scenario,42,block_01,Gear,canonical,110,binary_correct,52,52,0,2000
scenario,123,block_01,Gear,canonical,110,exact_correct,0,0,0,2000
scenario,123,block_01,Gear,canonical,110,binary_correct,1950,1950,0,2000
scenario,2026,block_01,Gear,canonical,110,exact_correct,0,0,0,2000
scenario,2026,block_01,Gear,canonical,110,binary_correct,857,857,0,2000
scenario,3407,block_01,Gear,canonical,110,exact_correct,0,0,0,2000
scenario,3407,block_01,Gear,canonical,110,binary_correct,1828,1828,0,2000
scenario,7,block_01,Gear,canonical,111,exact_correct,1,1,0,2000
scenario,7,block_01,Gear,canonical,111,binary_correct,1622,1622,0,2000
scenario,42,block_01,Gear,canonical,111,exact_correct,0,0,0,2000
scenario,42,block_01,Gear,canonical,111,binary_correct,67,67,0,2000
scenario,123,block_01,Gear,canonical,111,exact_correct,0,0,0,2000
scenario,123,block_01,Gear,canonical,111,binary_correct,1918,1918,0,2000
scenario,2026,block_01,Gear,canonical,111,exact_correct,0,0,0,2000
scenario,2026,block_01,Gear,canonical,111,binary_correct,1006,1006,0,2000
scenario,3407,block_01,Gear,canonical,111,exact_correct,0,0,0,2000
scenario,3407,block_01,Gear,canonical,111,binary_correct,1758,1758,0,2000
scenario,7,block_01,Gear,shifted,000,exact_correct,33,33,0,2000
scenario,7,block_01,Gear,shifted,000,binary_correct,484,484,0,2000
scenario,42,block_01,Gear,shifted,000,exact_correct,0,0,0,2000
scenario,42,block_01,Gear,shifted,000,binary_correct,0,0,0,2000
scenario,123,block_01,Gear,shifted,000,exact_correct,0,0,0,2000
scenario,123,block_01,Gear,shifted,000,binary_correct,39,39,0,2000
scenario,2026,block_01,Gear,shifted,000,exact_correct,0,0,0,2000
scenario,2026,block_01,Gear,shifted,000,binary_correct,30,30,0,2000
scenario,3407,block_01,Gear,shifted,000,exact_correct,0,0,0,2000
scenario,3407,block_01,Gear,shifted,000,binary_correct,0,0,0,2000
scenario,7,block_01,Gear,shifted,001,exact_correct,36,36,0,2000
scenario,7,block_01,Gear,shifted,001,binary_correct,427,427,0,2000
scenario,42,block_01,Gear,shifted,001,exact_correct,0,0,0,2000
scenario,42,block_01,Gear,shifted,001,binary_correct,0,0,0,2000
scenario,123,block_01,Gear,shifted,001,exact_correct,0,0,0,2000
scenario,123,block_01,Gear,shifted,001,binary_correct,26,26,0,2000
scenario,2026,block_01,Gear,shifted,001,exact_correct,0,0,0,2000
scenario,2026,block_01,Gear,shifted,001,binary_correct,23,23,0,2000
scenario,3407,block_01,Gear,shifted,001,exact_correct,0,0,0,2000
scenario,3407,block_01,Gear,shifted,001,binary_correct,2,2,0,2000
scenario,7,block_01,Gear,shifted,010,exact_correct,26,26,0,2000
scenario,7,block_01,Gear,shifted,010,binary_correct,100,100,0,2000
scenario,42,block_01,Gear,shifted,010,exact_correct,0,0,0,2000
scenario,42,block_01,Gear,shifted,010,binary_correct,0,0,0,2000
scenario,123,block_01,Gear,shifted,010,exact_correct,0,0,0,2000
scenario,123,block_01,Gear,shifted,010,binary_correct,4,4,0,2000
scenario,2026,block_01,Gear,shifted,010,exact_correct,0,0,0,2000
scenario,2026,block_01,Gear,shifted,010,binary_correct,0,0,0,2000
scenario,3407,block_01,Gear,shifted,010,exact_correct,0,0,0,2000
scenario,3407,block_01,Gear,shifted,010,binary_correct,0,0,0,2000
scenario,7,block_01,Gear,shifted,011,exact_correct,22,22,0,2000
scenario,7,block_01,Gear,shifted,011,binary_correct,75,75,0,2000
scenario,42,block_01,Gear,shifted,011,exact_correct,0,0,0,2000
scenario,42,block_01,Gear,shifted,011,binary_correct,0,0,0,2000
scenario,123,block_01,Gear,shifted,011,exact_correct,0,0,0,2000
scenario,123,block_01,Gear,shifted,011,binary_correct,3,3,0,2000
scenario,2026,block_01,Gear,shifted,011,exact_correct,0,0,0,2000
scenario,2026,block_01,Gear,shifted,011,binary_correct,0,0,0,2000
scenario,3407,block_01,Gear,shifted,011,exact_correct,0,0,0,2000
scenario,3407,block_01,Gear,shifted,011,binary_correct,0,0,0,2000
scenario,7,block_01,Gear,shifted,100,exact_correct,7,7,0,2000
scenario,7,block_01,Gear,shifted,100,binary_correct,1955,1955,0,2000
scenario,42,block_01,Gear,shifted,100,exact_correct,0,0,0,2000
scenario,42,block_01,Gear,shifted,100,binary_correct,837,837,0,2000
scenario,123,block_01,Gear,shifted,100,exact_correct,0,0,0,2000
scenario,123,block_01,Gear,shifted,100,binary_correct,1969,1969,0,2000
scenario,2026,block_01,Gear,shifted,100,exact_correct,0,0,0,2000
scenario,2026,block_01,Gear,shifted,100,binary_correct,1899,1899,0,2000
scenario,3407,block_01,Gear,shifted,100,exact_correct,0,0,0,2000
scenario,3407,block_01,Gear,shifted,100,binary_correct,1961,1961,0,2000
scenario,7,block_01,Gear,shifted,101,exact_correct,5,5,0,2000
scenario,7,block_01,Gear,shifted,101,binary_correct,1992,1992,0,2000
scenario,42,block_01,Gear,shifted,101,exact_correct,0,0,0,2000
scenario,42,block_01,Gear,shifted,101,binary_correct,1193,1193,0,2000
scenario,123,block_01,Gear,shifted,101,exact_correct,0,0,0,2000
scenario,123,block_01,Gear,shifted,101,binary_correct,1972,1972,0,2000
scenario,2026,block_01,Gear,shifted,101,exact_correct,0,0,0,2000
scenario,2026,block_01,Gear,shifted,101,binary_correct,1955,1955,0,2000
scenario,3407,block_01,Gear,shifted,101,exact_correct,0,0,0,2000
scenario,3407,block_01,Gear,shifted,101,binary_correct,1981,1981,0,2000
scenario,7,block_01,Gear,shifted,110,exact_correct,0,0,0,2000
scenario,7,block_01,Gear,shifted,110,binary_correct,1687,1687,0,2000
scenario,42,block_01,Gear,shifted,110,exact_correct,0,0,0,2000
scenario,42,block_01,Gear,shifted,110,binary_correct,53,53,0,2000
scenario,123,block_01,Gear,shifted,110,exact_correct,0,0,0,2000
scenario,123,block_01,Gear,shifted,110,binary_correct,1950,1950,0,2000
scenario,2026,block_01,Gear,shifted,110,exact_correct,0,0,0,2000
scenario,2026,block_01,Gear,shifted,110,binary_correct,859,859,0,2000
scenario,3407,block_01,Gear,shifted,110,exact_correct,0,0,0,2000
scenario,3407,block_01,Gear,shifted,110,binary_correct,1829,1829,0,2000
scenario,7,block_01,Gear,shifted,111,exact_correct,1,1,0,2000
scenario,7,block_01,Gear,shifted,111,binary_correct,1622,1622,0,2000
scenario,42,block_01,Gear,shifted,111,exact_correct,0,0,0,2000
scenario,42,block_01,Gear,shifted,111,binary_correct,67,67,0,2000
scenario,123,block_01,Gear,shifted,111,exact_correct,0,0,0,2000
scenario,123,block_01,Gear,shifted,111,binary_correct,1918,1918,0,2000
scenario,2026,block_01,Gear,shifted,111,exact_correct,0,0,0,2000
scenario,2026,block_01,Gear,shifted,111,binary_correct,1008,1008,0,2000
scenario,3407,block_01,Gear,shifted,111,exact_correct,0,0,0,2000
scenario,3407,block_01,Gear,shifted,111,binary_correct,1759,1759,0,2000
scenario,7,block_01,RPM,canonical,000,exact_correct,3,3,0,2000
scenario,7,block_01,RPM,canonical,000,binary_correct,218,218,0,2000
scenario,42,block_01,RPM,canonical,000,exact_correct,0,0,0,2000
scenario,42,block_01,RPM,canonical,000,binary_correct,0,0,0,2000
scenario,123,block_01,RPM,canonical,000,exact_correct,0,0,0,2000
scenario,123,block_01,RPM,canonical,000,binary_correct,5,5,0,2000
scenario,2026,block_01,RPM,canonical,000,exact_correct,0,0,0,2000
scenario,2026,block_01,RPM,canonical,000,binary_correct,0,0,0,2000
scenario,3407,block_01,RPM,canonical,000,exact_correct,0,0,0,2000
scenario,3407,block_01,RPM,canonical,000,binary_correct,0,0,0,2000
scenario,7,block_01,RPM,canonical,001,exact_correct,14,14,0,2000
scenario,7,block_01,RPM,canonical,001,binary_correct,1316,1316,0,2000
scenario,42,block_01,RPM,canonical,001,exact_correct,0,0,0,2000
scenario,42,block_01,RPM,canonical,001,binary_correct,4,4,0,2000
scenario,123,block_01,RPM,canonical,001,exact_correct,0,0,0,2000
scenario,123,block_01,RPM,canonical,001,binary_correct,12,12,0,2000
scenario,2026,block_01,RPM,canonical,001,exact_correct,0,0,0,2000
scenario,2026,block_01,RPM,canonical,001,binary_correct,189,189,0,2000
scenario,3407,block_01,RPM,canonical,001,exact_correct,0,0,0,2000
scenario,3407,block_01,RPM,canonical,001,binary_correct,22,22,0,2000
scenario,7,block_01,RPM,canonical,010,exact_correct,1,1,0,2000
scenario,7,block_01,RPM,canonical,010,binary_correct,148,148,0,2000
scenario,42,block_01,RPM,canonical,010,exact_correct,0,0,0,2000
scenario,42,block_01,RPM,canonical,010,binary_correct,0,0,0,2000
scenario,123,block_01,RPM,canonical,010,exact_correct,1,1,0,2000
scenario,123,block_01,RPM,canonical,010,binary_correct,3,3,0,2000
scenario,2026,block_01,RPM,canonical,010,exact_correct,0,0,0,2000
scenario,2026,block_01,RPM,canonical,010,binary_correct,0,0,0,2000
scenario,3407,block_01,RPM,canonical,010,exact_correct,0,0,0,2000
scenario,3407,block_01,RPM,canonical,010,binary_correct,0,0,0,2000
scenario,7,block_01,RPM,canonical,011,exact_correct,1,1,0,2000
scenario,7,block_01,RPM,canonical,011,binary_correct,680,680,0,2000
scenario,42,block_01,RPM,canonical,011,exact_correct,0,0,0,2000
scenario,42,block_01,RPM,canonical,011,binary_correct,4,4,0,2000
scenario,123,block_01,RPM,canonical,011,exact_correct,2,2,0,2000
scenario,123,block_01,RPM,canonical,011,binary_correct,33,33,0,2000
scenario,2026,block_01,RPM,canonical,011,exact_correct,0,0,0,2000
scenario,2026,block_01,RPM,canonical,011,binary_correct,11,11,0,2000
scenario,3407,block_01,RPM,canonical,011,exact_correct,0,0,0,2000
scenario,3407,block_01,RPM,canonical,011,binary_correct,52,52,0,2000
scenario,7,block_01,RPM,canonical,100,exact_correct,114,114,0,2000
scenario,7,block_01,RPM,canonical,100,binary_correct,1783,1783,0,2000
scenario,42,block_01,RPM,canonical,100,exact_correct,44,44,0,2000
scenario,42,block_01,RPM,canonical,100,binary_correct,356,356,0,2000
scenario,123,block_01,RPM,canonical,100,exact_correct,32,32,0,2000
scenario,123,block_01,RPM,canonical,100,binary_correct,1895,1895,0,2000
scenario,2026,block_01,RPM,canonical,100,exact_correct,0,0,0,2000
scenario,2026,block_01,RPM,canonical,100,binary_correct,172,172,0,2000
scenario,3407,block_01,RPM,canonical,100,exact_correct,91,91,0,2000
scenario,3407,block_01,RPM,canonical,100,binary_correct,1279,1279,0,2000
scenario,7,block_01,RPM,canonical,101,exact_correct,59,59,0,2000
scenario,7,block_01,RPM,canonical,101,binary_correct,2000,2000,0,2000
scenario,42,block_01,RPM,canonical,101,exact_correct,93,93,0,2000
scenario,42,block_01,RPM,canonical,101,binary_correct,1892,1892,0,2000
scenario,123,block_01,RPM,canonical,101,exact_correct,25,25,0,2000
scenario,123,block_01,RPM,canonical,101,binary_correct,2000,2000,0,2000
scenario,2026,block_01,RPM,canonical,101,exact_correct,9,9,0,2000
scenario,2026,block_01,RPM,canonical,101,binary_correct,1876,1876,0,2000
scenario,3407,block_01,RPM,canonical,101,exact_correct,23,23,0,2000
scenario,3407,block_01,RPM,canonical,101,binary_correct,2000,2000,0,2000
scenario,7,block_01,RPM,canonical,110,exact_correct,165,165,0,2000
scenario,7,block_01,RPM,canonical,110,binary_correct,1330,1330,0,2000
scenario,42,block_01,RPM,canonical,110,exact_correct,38,38,0,2000
scenario,42,block_01,RPM,canonical,110,binary_correct,152,152,0,2000
scenario,123,block_01,RPM,canonical,110,exact_correct,46,46,0,2000
scenario,123,block_01,RPM,canonical,110,binary_correct,1733,1733,0,2000
scenario,2026,block_01,RPM,canonical,110,exact_correct,0,0,0,2000
scenario,2026,block_01,RPM,canonical,110,binary_correct,73,73,0,2000
scenario,3407,block_01,RPM,canonical,110,exact_correct,55,55,0,2000
scenario,3407,block_01,RPM,canonical,110,binary_correct,879,879,0,2000
scenario,7,block_01,RPM,canonical,111,exact_correct,293,293,0,2000
scenario,7,block_01,RPM,canonical,111,binary_correct,1976,1976,0,2000
scenario,42,block_01,RPM,canonical,111,exact_correct,259,259,0,2000
scenario,42,block_01,RPM,canonical,111,binary_correct,1433,1433,0,2000
scenario,123,block_01,RPM,canonical,111,exact_correct,32,32,0,2000
scenario,123,block_01,RPM,canonical,111,binary_correct,2000,2000,0,2000
scenario,2026,block_01,RPM,canonical,111,exact_correct,28,28,0,2000
scenario,2026,block_01,RPM,canonical,111,binary_correct,1648,1648,0,2000
scenario,3407,block_01,RPM,canonical,111,exact_correct,32,32,0,2000
scenario,3407,block_01,RPM,canonical,111,binary_correct,2000,2000,0,2000
scenario,7,block_01,RPM,shifted,000,exact_correct,4,4,0,2000
scenario,7,block_01,RPM,shifted,000,binary_correct,242,242,0,2000
scenario,42,block_01,RPM,shifted,000,exact_correct,0,0,0,2000
scenario,42,block_01,RPM,shifted,000,binary_correct,0,0,0,2000
scenario,123,block_01,RPM,shifted,000,exact_correct,0,0,0,2000
scenario,123,block_01,RPM,shifted,000,binary_correct,5,5,0,2000
scenario,2026,block_01,RPM,shifted,000,exact_correct,0,0,0,2000
scenario,2026,block_01,RPM,shifted,000,binary_correct,0,0,0,2000
scenario,3407,block_01,RPM,shifted,000,exact_correct,0,0,0,2000
scenario,3407,block_01,RPM,shifted,000,binary_correct,0,0,0,2000
scenario,7,block_01,RPM,shifted,001,exact_correct,15,15,0,2000
scenario,7,block_01,RPM,shifted,001,binary_correct,1316,1316,0,2000
scenario,42,block_01,RPM,shifted,001,exact_correct,0,0,0,2000
scenario,42,block_01,RPM,shifted,001,binary_correct,3,3,0,2000
scenario,123,block_01,RPM,shifted,001,exact_correct,0,0,0,2000
scenario,123,block_01,RPM,shifted,001,binary_correct,12,12,0,2000
scenario,2026,block_01,RPM,shifted,001,exact_correct,0,0,0,2000
scenario,2026,block_01,RPM,shifted,001,binary_correct,205,205,0,2000
scenario,3407,block_01,RPM,shifted,001,exact_correct,0,0,0,2000
scenario,3407,block_01,RPM,shifted,001,binary_correct,20,20,0,2000
scenario,7,block_01,RPM,shifted,010,exact_correct,1,1,0,2000
scenario,7,block_01,RPM,shifted,010,binary_correct,154,154,0,2000
scenario,42,block_01,RPM,shifted,010,exact_correct,0,0,0,2000
scenario,42,block_01,RPM,shifted,010,binary_correct,0,0,0,2000
scenario,123,block_01,RPM,shifted,010,exact_correct,1,1,0,2000
scenario,123,block_01,RPM,shifted,010,binary_correct,3,3,0,2000
scenario,2026,block_01,RPM,shifted,010,exact_correct,0,0,0,2000
scenario,2026,block_01,RPM,shifted,010,binary_correct,0,0,0,2000
scenario,3407,block_01,RPM,shifted,010,exact_correct,0,0,0,2000
scenario,3407,block_01,RPM,shifted,010,binary_correct,0,0,0,2000
scenario,7,block_01,RPM,shifted,011,exact_correct,1,1,0,2000
scenario,7,block_01,RPM,shifted,011,binary_correct,699,699,0,2000
scenario,42,block_01,RPM,shifted,011,exact_correct,0,0,0,2000
scenario,42,block_01,RPM,shifted,011,binary_correct,4,4,0,2000
scenario,123,block_01,RPM,shifted,011,exact_correct,2,2,0,2000
scenario,123,block_01,RPM,shifted,011,binary_correct,32,32,0,2000
scenario,2026,block_01,RPM,shifted,011,exact_correct,0,0,0,2000
scenario,2026,block_01,RPM,shifted,011,binary_correct,13,13,0,2000
scenario,3407,block_01,RPM,shifted,011,exact_correct,0,0,0,2000
scenario,3407,block_01,RPM,shifted,011,binary_correct,48,48,0,2000
scenario,7,block_01,RPM,shifted,100,exact_correct,115,115,0,2000
scenario,7,block_01,RPM,shifted,100,binary_correct,1802,1802,0,2000
scenario,42,block_01,RPM,shifted,100,exact_correct,44,44,0,2000
scenario,42,block_01,RPM,shifted,100,binary_correct,370,370,0,2000
scenario,123,block_01,RPM,shifted,100,exact_correct,33,33,0,2000
scenario,123,block_01,RPM,shifted,100,binary_correct,1900,1900,0,2000
scenario,2026,block_01,RPM,shifted,100,exact_correct,0,0,0,2000
scenario,2026,block_01,RPM,shifted,100,binary_correct,192,192,0,2000
scenario,3407,block_01,RPM,shifted,100,exact_correct,92,92,0,2000
scenario,3407,block_01,RPM,shifted,100,binary_correct,1305,1305,0,2000
scenario,7,block_01,RPM,shifted,101,exact_correct,59,59,0,2000
scenario,7,block_01,RPM,shifted,101,binary_correct,2000,2000,0,2000
scenario,42,block_01,RPM,shifted,101,exact_correct,87,87,0,2000
scenario,42,block_01,RPM,shifted,101,binary_correct,1905,1905,0,2000
scenario,123,block_01,RPM,shifted,101,exact_correct,25,25,0,2000
scenario,123,block_01,RPM,shifted,101,binary_correct,2000,2000,0,2000
scenario,2026,block_01,RPM,shifted,101,exact_correct,9,9,0,2000
scenario,2026,block_01,RPM,shifted,101,binary_correct,1885,1885,0,2000
scenario,3407,block_01,RPM,shifted,101,exact_correct,21,21,0,2000
scenario,3407,block_01,RPM,shifted,101,binary_correct,2000,2000,0,2000
scenario,7,block_01,RPM,shifted,110,exact_correct,165,165,0,2000
scenario,7,block_01,RPM,shifted,110,binary_correct,1343,1343,0,2000
scenario,42,block_01,RPM,shifted,110,exact_correct,38,38,0,2000
scenario,42,block_01,RPM,shifted,110,binary_correct,159,159,0,2000
scenario,123,block_01,RPM,shifted,110,exact_correct,46,46,0,2000
scenario,123,block_01,RPM,shifted,110,binary_correct,1739,1739,0,2000
scenario,2026,block_01,RPM,shifted,110,exact_correct,0,0,0,2000
scenario,2026,block_01,RPM,shifted,110,binary_correct,76,76,0,2000
scenario,3407,block_01,RPM,shifted,110,exact_correct,54,54,0,2000
scenario,3407,block_01,RPM,shifted,110,binary_correct,893,893,0,2000
scenario,7,block_01,RPM,shifted,111,exact_correct,294,294,0,2000
scenario,7,block_01,RPM,shifted,111,binary_correct,1978,1978,0,2000
scenario,42,block_01,RPM,shifted,111,exact_correct,253,253,0,2000
scenario,42,block_01,RPM,shifted,111,binary_correct,1461,1461,0,2000
scenario,123,block_01,RPM,shifted,111,exact_correct,32,32,0,2000
scenario,123,block_01,RPM,shifted,111,binary_correct,2000,2000,0,2000
scenario,2026,block_01,RPM,shifted,111,exact_correct,27,27,0,2000
scenario,2026,block_01,RPM,shifted,111,binary_correct,1678,1678,0,2000
scenario,3407,block_01,RPM,shifted,111,exact_correct,29,29,0,2000
scenario,3407,block_01,RPM,shifted,111,binary_correct,2000,2000,0,2000
scenario,7,block_02,Gear,canonical,000,exact_correct,32,32,0,2000
scenario,7,block_02,Gear,canonical,000,binary_correct,498,498,0,2000
scenario,42,block_02,Gear,canonical,000,exact_correct,0,0,0,2000
scenario,42,block_02,Gear,canonical,000,binary_correct,2,2,0,2000
scenario,123,block_02,Gear,canonical,000,exact_correct,0,0,0,2000
scenario,123,block_02,Gear,canonical,000,binary_correct,38,38,0,2000
scenario,2026,block_02,Gear,canonical,000,exact_correct,0,0,0,2000
scenario,2026,block_02,Gear,canonical,000,binary_correct,33,33,0,2000
scenario,3407,block_02,Gear,canonical,000,exact_correct,0,0,0,2000
scenario,3407,block_02,Gear,canonical,000,binary_correct,2,2,0,2000
scenario,7,block_02,Gear,canonical,001,exact_correct,43,43,0,2000
scenario,7,block_02,Gear,canonical,001,binary_correct,447,447,0,2000
scenario,42,block_02,Gear,canonical,001,exact_correct,0,0,0,2000
scenario,42,block_02,Gear,canonical,001,binary_correct,2,2,0,2000
scenario,123,block_02,Gear,canonical,001,exact_correct,0,0,0,2000
scenario,123,block_02,Gear,canonical,001,binary_correct,19,19,0,2000
scenario,2026,block_02,Gear,canonical,001,exact_correct,0,0,0,2000
scenario,2026,block_02,Gear,canonical,001,binary_correct,25,25,0,2000
scenario,3407,block_02,Gear,canonical,001,exact_correct,0,0,0,2000
scenario,3407,block_02,Gear,canonical,001,binary_correct,3,3,0,2000
scenario,7,block_02,Gear,canonical,010,exact_correct,24,24,0,2000
scenario,7,block_02,Gear,canonical,010,binary_correct,96,96,0,2000
scenario,42,block_02,Gear,canonical,010,exact_correct,0,0,0,2000
scenario,42,block_02,Gear,canonical,010,binary_correct,2,2,0,2000
scenario,123,block_02,Gear,canonical,010,exact_correct,0,0,0,2000
scenario,123,block_02,Gear,canonical,010,binary_correct,3,3,0,2000
scenario,2026,block_02,Gear,canonical,010,exact_correct,0,0,0,2000
scenario,2026,block_02,Gear,canonical,010,binary_correct,3,3,0,2000
scenario,3407,block_02,Gear,canonical,010,exact_correct,0,0,0,2000
scenario,3407,block_02,Gear,canonical,010,binary_correct,3,3,0,2000
scenario,7,block_02,Gear,canonical,011,exact_correct,20,20,0,2000
scenario,7,block_02,Gear,canonical,011,binary_correct,65,65,0,2000
scenario,42,block_02,Gear,canonical,011,exact_correct,0,0,0,2000
scenario,42,block_02,Gear,canonical,011,binary_correct,2,2,0,2000
scenario,123,block_02,Gear,canonical,011,exact_correct,0,0,0,2000
scenario,123,block_02,Gear,canonical,011,binary_correct,3,3,0,2000
scenario,2026,block_02,Gear,canonical,011,exact_correct,0,0,0,2000
scenario,2026,block_02,Gear,canonical,011,binary_correct,2,2,0,2000
scenario,3407,block_02,Gear,canonical,011,exact_correct,0,0,0,2000
scenario,3407,block_02,Gear,canonical,011,binary_correct,4,4,0,2000
scenario,7,block_02,Gear,canonical,100,exact_correct,15,15,0,2000
scenario,7,block_02,Gear,canonical,100,binary_correct,1953,1953,0,2000
scenario,42,block_02,Gear,canonical,100,exact_correct,0,0,0,2000
scenario,42,block_02,Gear,canonical,100,binary_correct,806,806,0,2000
scenario,123,block_02,Gear,canonical,100,exact_correct,2,2,0,2000
scenario,123,block_02,Gear,canonical,100,binary_correct,1958,1958,0,2000
scenario,2026,block_02,Gear,canonical,100,exact_correct,0,0,0,2000
scenario,2026,block_02,Gear,canonical,100,binary_correct,1858,1858,0,2000
scenario,3407,block_02,Gear,canonical,100,exact_correct,0,0,0,2000
scenario,3407,block_02,Gear,canonical,100,binary_correct,1946,1946,0,2000
scenario,7,block_02,Gear,canonical,101,exact_correct,9,9,0,2000
scenario,7,block_02,Gear,canonical,101,binary_correct,1995,1995,0,2000
scenario,42,block_02,Gear,canonical,101,exact_correct,0,0,0,2000
scenario,42,block_02,Gear,canonical,101,binary_correct,1187,1187,0,2000
scenario,123,block_02,Gear,canonical,101,exact_correct,2,2,0,2000
scenario,123,block_02,Gear,canonical,101,binary_correct,1965,1965,0,2000
scenario,2026,block_02,Gear,canonical,101,exact_correct,0,0,0,2000
scenario,2026,block_02,Gear,canonical,101,binary_correct,1945,1945,0,2000
scenario,3407,block_02,Gear,canonical,101,exact_correct,0,0,0,2000
scenario,3407,block_02,Gear,canonical,101,binary_correct,1978,1978,0,2000
scenario,7,block_02,Gear,canonical,110,exact_correct,2,2,0,2000
scenario,7,block_02,Gear,canonical,110,binary_correct,1715,1715,0,2000
scenario,42,block_02,Gear,canonical,110,exact_correct,0,0,0,2000
scenario,42,block_02,Gear,canonical,110,binary_correct,53,53,0,2000
scenario,123,block_02,Gear,canonical,110,exact_correct,0,0,0,2000
scenario,123,block_02,Gear,canonical,110,binary_correct,1952,1952,0,2000
scenario,2026,block_02,Gear,canonical,110,exact_correct,0,0,0,2000
scenario,2026,block_02,Gear,canonical,110,binary_correct,864,864,0,2000
scenario,3407,block_02,Gear,canonical,110,exact_correct,0,0,0,2000
scenario,3407,block_02,Gear,canonical,110,binary_correct,1841,1841,0,2000
scenario,7,block_02,Gear,canonical,111,exact_correct,2,2,0,2000
scenario,7,block_02,Gear,canonical,111,binary_correct,1663,1663,0,2000
scenario,42,block_02,Gear,canonical,111,exact_correct,0,0,0,2000
scenario,42,block_02,Gear,canonical,111,binary_correct,74,74,0,2000
scenario,123,block_02,Gear,canonical,111,exact_correct,0,0,0,2000
scenario,123,block_02,Gear,canonical,111,binary_correct,1897,1897,0,2000
scenario,2026,block_02,Gear,canonical,111,exact_correct,0,0,0,2000
scenario,2026,block_02,Gear,canonical,111,binary_correct,1026,1026,0,2000
scenario,3407,block_02,Gear,canonical,111,exact_correct,0,0,0,2000
scenario,3407,block_02,Gear,canonical,111,binary_correct,1781,1781,0,2000
scenario,7,block_02,Gear,shifted,000,exact_correct,32,32,0,2000
scenario,7,block_02,Gear,shifted,000,binary_correct,500,500,0,2000
scenario,42,block_02,Gear,shifted,000,exact_correct,0,0,0,2000
scenario,42,block_02,Gear,shifted,000,binary_correct,2,2,0,2000
scenario,123,block_02,Gear,shifted,000,exact_correct,0,0,0,2000
scenario,123,block_02,Gear,shifted,000,binary_correct,38,38,0,2000
scenario,2026,block_02,Gear,shifted,000,exact_correct,0,0,0,2000
scenario,2026,block_02,Gear,shifted,000,binary_correct,33,33,0,2000
scenario,3407,block_02,Gear,shifted,000,exact_correct,0,0,0,2000
scenario,3407,block_02,Gear,shifted,000,binary_correct,2,2,0,2000
scenario,7,block_02,Gear,shifted,001,exact_correct,43,43,0,2000
scenario,7,block_02,Gear,shifted,001,binary_correct,449,449,0,2000
scenario,42,block_02,Gear,shifted,001,exact_correct,0,0,0,2000
scenario,42,block_02,Gear,shifted,001,binary_correct,2,2,0,2000
scenario,123,block_02,Gear,shifted,001,exact_correct,0,0,0,2000
scenario,123,block_02,Gear,shifted,001,binary_correct,19,19,0,2000
scenario,2026,block_02,Gear,shifted,001,exact_correct,0,0,0,2000
scenario,2026,block_02,Gear,shifted,001,binary_correct,25,25,0,2000
scenario,3407,block_02,Gear,shifted,001,exact_correct,0,0,0,2000
scenario,3407,block_02,Gear,shifted,001,binary_correct,3,3,0,2000
scenario,7,block_02,Gear,shifted,010,exact_correct,26,26,0,2000
scenario,7,block_02,Gear,shifted,010,binary_correct,97,97,0,2000
scenario,42,block_02,Gear,shifted,010,exact_correct,0,0,0,2000
scenario,42,block_02,Gear,shifted,010,binary_correct,2,2,0,2000
scenario,123,block_02,Gear,shifted,010,exact_correct,0,0,0,2000
scenario,123,block_02,Gear,shifted,010,binary_correct,3,3,0,2000
scenario,2026,block_02,Gear,shifted,010,exact_correct,0,0,0,2000
scenario,2026,block_02,Gear,shifted,010,binary_correct,3,3,0,2000
scenario,3407,block_02,Gear,shifted,010,exact_correct,0,0,0,2000
scenario,3407,block_02,Gear,shifted,010,binary_correct,3,3,0,2000
scenario,7,block_02,Gear,shifted,011,exact_correct,20,20,0,2000
scenario,7,block_02,Gear,shifted,011,binary_correct,65,65,0,2000
scenario,42,block_02,Gear,shifted,011,exact_correct,0,0,0,2000
scenario,42,block_02,Gear,shifted,011,binary_correct,2,2,0,2000
scenario,123,block_02,Gear,shifted,011,exact_correct,0,0,0,2000
scenario,123,block_02,Gear,shifted,011,binary_correct,3,3,0,2000
scenario,2026,block_02,Gear,shifted,011,exact_correct,0,0,0,2000
scenario,2026,block_02,Gear,shifted,011,binary_correct,2,2,0,2000
scenario,3407,block_02,Gear,shifted,011,exact_correct,0,0,0,2000
scenario,3407,block_02,Gear,shifted,011,binary_correct,4,4,0,2000
scenario,7,block_02,Gear,shifted,100,exact_correct,15,15,0,2000
scenario,7,block_02,Gear,shifted,100,binary_correct,1953,1953,0,2000
scenario,42,block_02,Gear,shifted,100,exact_correct,0,0,0,2000
scenario,42,block_02,Gear,shifted,100,binary_correct,808,808,0,2000
scenario,123,block_02,Gear,shifted,100,exact_correct,2,2,0,2000
scenario,123,block_02,Gear,shifted,100,binary_correct,1958,1958,0,2000
scenario,2026,block_02,Gear,shifted,100,exact_correct,0,0,0,2000
scenario,2026,block_02,Gear,shifted,100,binary_correct,1862,1862,0,2000
scenario,3407,block_02,Gear,shifted,100,exact_correct,0,0,0,2000
scenario,3407,block_02,Gear,shifted,100,binary_correct,1946,1946,0,2000
scenario,7,block_02,Gear,shifted,101,exact_correct,9,9,0,2000
scenario,7,block_02,Gear,shifted,101,binary_correct,1995,1995,0,2000
scenario,42,block_02,Gear,shifted,101,exact_correct,0,0,0,2000
scenario,42,block_02,Gear,shifted,101,binary_correct,1191,1191,0,2000
scenario,123,block_02,Gear,shifted,101,exact_correct,2,2,0,2000
scenario,123,block_02,Gear,shifted,101,binary_correct,1965,1965,0,2000
scenario,2026,block_02,Gear,shifted,101,exact_correct,0,0,0,2000
scenario,2026,block_02,Gear,shifted,101,binary_correct,1946,1946,0,2000
scenario,3407,block_02,Gear,shifted,101,exact_correct,0,0,0,2000
scenario,3407,block_02,Gear,shifted,101,binary_correct,1978,1978,0,2000
scenario,7,block_02,Gear,shifted,110,exact_correct,2,2,0,2000
scenario,7,block_02,Gear,shifted,110,binary_correct,1715,1715,0,2000
scenario,42,block_02,Gear,shifted,110,exact_correct,0,0,0,2000
scenario,42,block_02,Gear,shifted,110,binary_correct,53,53,0,2000
scenario,123,block_02,Gear,shifted,110,exact_correct,0,0,0,2000
scenario,123,block_02,Gear,shifted,110,binary_correct,1952,1952,0,2000
scenario,2026,block_02,Gear,shifted,110,exact_correct,0,0,0,2000
scenario,2026,block_02,Gear,shifted,110,binary_correct,871,871,0,2000
scenario,3407,block_02,Gear,shifted,110,exact_correct,0,0,0,2000
scenario,3407,block_02,Gear,shifted,110,binary_correct,1841,1841,0,2000
scenario,7,block_02,Gear,shifted,111,exact_correct,2,2,0,2000
scenario,7,block_02,Gear,shifted,111,binary_correct,1666,1666,0,2000
scenario,42,block_02,Gear,shifted,111,exact_correct,0,0,0,2000
scenario,42,block_02,Gear,shifted,111,binary_correct,74,74,0,2000
scenario,123,block_02,Gear,shifted,111,exact_correct,0,0,0,2000
scenario,123,block_02,Gear,shifted,111,binary_correct,1898,1898,0,2000
scenario,2026,block_02,Gear,shifted,111,exact_correct,0,0,0,2000
scenario,2026,block_02,Gear,shifted,111,binary_correct,1032,1032,0,2000
scenario,3407,block_02,Gear,shifted,111,exact_correct,0,0,0,2000
scenario,3407,block_02,Gear,shifted,111,binary_correct,1781,1781,0,2000
scenario,7,block_02,RPM,canonical,000,exact_correct,0,0,0,2000
scenario,7,block_02,RPM,canonical,000,binary_correct,250,250,0,2000
scenario,42,block_02,RPM,canonical,000,exact_correct,2,2,0,2000
scenario,42,block_02,RPM,canonical,000,binary_correct,2,2,0,2000
scenario,123,block_02,RPM,canonical,000,exact_correct,1,1,0,2000
scenario,123,block_02,RPM,canonical,000,binary_correct,5,5,0,2000
scenario,2026,block_02,RPM,canonical,000,exact_correct,0,0,0,2000
scenario,2026,block_02,RPM,canonical,000,binary_correct,4,4,0,2000
scenario,3407,block_02,RPM,canonical,000,exact_correct,0,0,0,2000
scenario,3407,block_02,RPM,canonical,000,binary_correct,3,3,0,2000
scenario,7,block_02,RPM,canonical,001,exact_correct,22,22,0,2000
scenario,7,block_02,RPM,canonical,001,binary_correct,1271,1271,0,2000
scenario,42,block_02,RPM,canonical,001,exact_correct,2,2,0,2000
scenario,42,block_02,RPM,canonical,001,binary_correct,6,6,0,2000
scenario,123,block_02,RPM,canonical,001,exact_correct,1,1,0,2000
scenario,123,block_02,RPM,canonical,001,binary_correct,18,18,0,2000
scenario,2026,block_02,RPM,canonical,001,exact_correct,0,0,0,2000
scenario,2026,block_02,RPM,canonical,001,binary_correct,197,197,0,2000
scenario,3407,block_02,RPM,canonical,001,exact_correct,0,0,0,2000
scenario,3407,block_02,RPM,canonical,001,binary_correct,21,21,0,2000
scenario,7,block_02,RPM,canonical,010,exact_correct,7,7,0,2000
scenario,7,block_02,RPM,canonical,010,binary_correct,142,142,0,2000
scenario,42,block_02,RPM,canonical,010,exact_correct,2,2,0,2000
scenario,42,block_02,RPM,canonical,010,binary_correct,2,2,0,2000
scenario,123,block_02,RPM,canonical,010,exact_correct,0,0,0,2000
scenario,123,block_02,RPM,canonical,010,binary_correct,3,3,0,2000
scenario,2026,block_02,RPM,canonical,010,exact_correct,0,0,0,2000
scenario,2026,block_02,RPM,canonical,010,binary_correct,2,2,0,2000
scenario,3407,block_02,RPM,canonical,010,exact_correct,0,0,0,2000
scenario,3407,block_02,RPM,canonical,010,binary_correct,2,2,0,2000
scenario,7,block_02,RPM,canonical,011,exact_correct,6,6,0,2000
scenario,7,block_02,RPM,canonical,011,binary_correct,637,637,0,2000
scenario,42,block_02,RPM,canonical,011,exact_correct,2,2,0,2000
scenario,42,block_02,RPM,canonical,011,binary_correct,4,4,0,2000
scenario,123,block_02,RPM,canonical,011,exact_correct,5,5,0,2000
scenario,123,block_02,RPM,canonical,011,binary_correct,30,30,0,2000
scenario,2026,block_02,RPM,canonical,011,exact_correct,0,0,0,2000
scenario,2026,block_02,RPM,canonical,011,binary_correct,12,12,0,2000
scenario,3407,block_02,RPM,canonical,011,exact_correct,0,0,0,2000
scenario,3407,block_02,RPM,canonical,011,binary_correct,65,65,0,2000
scenario,7,block_02,RPM,canonical,100,exact_correct,127,127,0,2000
scenario,7,block_02,RPM,canonical,100,binary_correct,1757,1757,0,2000
scenario,42,block_02,RPM,canonical,100,exact_correct,47,47,0,2000
scenario,42,block_02,RPM,canonical,100,binary_correct,355,355,0,2000
scenario,123,block_02,RPM,canonical,100,exact_correct,27,27,0,2000
scenario,123,block_02,RPM,canonical,100,binary_correct,1890,1890,0,2000
scenario,2026,block_02,RPM,canonical,100,exact_correct,0,0,0,2000
scenario,2026,block_02,RPM,canonical,100,binary_correct,180,180,0,2000
scenario,3407,block_02,RPM,canonical,100,exact_correct,79,79,0,2000
scenario,3407,block_02,RPM,canonical,100,binary_correct,1312,1312,0,2000
scenario,7,block_02,RPM,canonical,101,exact_correct,56,56,0,2000
scenario,7,block_02,RPM,canonical,101,binary_correct,2000,2000,0,2000
scenario,42,block_02,RPM,canonical,101,exact_correct,104,104,0,2000
scenario,42,block_02,RPM,canonical,101,binary_correct,1884,1884,0,2000
scenario,123,block_02,RPM,canonical,101,exact_correct,16,16,0,2000
scenario,123,block_02,RPM,canonical,101,binary_correct,1998,1998,0,2000
scenario,2026,block_02,RPM,canonical,101,exact_correct,10,10,0,2000
scenario,2026,block_02,RPM,canonical,101,binary_correct,1839,1839,0,2000
scenario,3407,block_02,RPM,canonical,101,exact_correct,25,25,0,2000
scenario,3407,block_02,RPM,canonical,101,binary_correct,2000,2000,0,2000
scenario,7,block_02,RPM,canonical,110,exact_correct,183,183,0,2000
scenario,7,block_02,RPM,canonical,110,binary_correct,1365,1365,0,2000
scenario,42,block_02,RPM,canonical,110,exact_correct,41,41,0,2000
scenario,42,block_02,RPM,canonical,110,binary_correct,139,139,0,2000
scenario,123,block_02,RPM,canonical,110,exact_correct,47,47,0,2000
scenario,123,block_02,RPM,canonical,110,binary_correct,1729,1729,0,2000
scenario,2026,block_02,RPM,canonical,110,exact_correct,1,1,0,2000
scenario,2026,block_02,RPM,canonical,110,binary_correct,77,77,0,2000
scenario,3407,block_02,RPM,canonical,110,exact_correct,61,61,0,2000
scenario,3407,block_02,RPM,canonical,110,binary_correct,899,899,0,2000
scenario,7,block_02,RPM,canonical,111,exact_correct,307,307,0,2000
scenario,7,block_02,RPM,canonical,111,binary_correct,1982,1982,0,2000
scenario,42,block_02,RPM,canonical,111,exact_correct,292,292,0,2000
scenario,42,block_02,RPM,canonical,111,binary_correct,1473,1473,0,2000
scenario,123,block_02,RPM,canonical,111,exact_correct,23,23,0,2000
scenario,123,block_02,RPM,canonical,111,binary_correct,2000,2000,0,2000
scenario,2026,block_02,RPM,canonical,111,exact_correct,29,29,0,2000
scenario,2026,block_02,RPM,canonical,111,binary_correct,1628,1628,0,2000
scenario,3407,block_02,RPM,canonical,111,exact_correct,27,27,0,2000
scenario,3407,block_02,RPM,canonical,111,binary_correct,2000,2000,0,2000
scenario,7,block_02,RPM,shifted,000,exact_correct,1,1,0,2000
scenario,7,block_02,RPM,shifted,000,binary_correct,258,258,0,2000
scenario,42,block_02,RPM,shifted,000,exact_correct,2,2,0,2000
scenario,42,block_02,RPM,shifted,000,binary_correct,2,2,0,2000
scenario,123,block_02,RPM,shifted,000,exact_correct,1,1,0,2000
scenario,123,block_02,RPM,shifted,000,binary_correct,5,5,0,2000
scenario,2026,block_02,RPM,shifted,000,exact_correct,0,0,0,2000
scenario,2026,block_02,RPM,shifted,000,binary_correct,6,6,0,2000
scenario,3407,block_02,RPM,shifted,000,exact_correct,0,0,0,2000
scenario,3407,block_02,RPM,shifted,000,binary_correct,3,3,0,2000
scenario,7,block_02,RPM,shifted,001,exact_correct,22,22,0,2000
scenario,7,block_02,RPM,shifted,001,binary_correct,1268,1268,0,2000
scenario,42,block_02,RPM,shifted,001,exact_correct,2,2,0,2000
scenario,42,block_02,RPM,shifted,001,binary_correct,6,6,0,2000
scenario,123,block_02,RPM,shifted,001,exact_correct,1,1,0,2000
scenario,123,block_02,RPM,shifted,001,binary_correct,18,18,0,2000
scenario,2026,block_02,RPM,shifted,001,exact_correct,0,0,0,2000
scenario,2026,block_02,RPM,shifted,001,binary_correct,209,209,0,2000
scenario,3407,block_02,RPM,shifted,001,exact_correct,0,0,0,2000
scenario,3407,block_02,RPM,shifted,001,binary_correct,16,16,0,2000
scenario,7,block_02,RPM,shifted,010,exact_correct,7,7,0,2000
scenario,7,block_02,RPM,shifted,010,binary_correct,150,150,0,2000
scenario,42,block_02,RPM,shifted,010,exact_correct,2,2,0,2000
scenario,42,block_02,RPM,shifted,010,binary_correct,2,2,0,2000
scenario,123,block_02,RPM,shifted,010,exact_correct,0,0,0,2000
scenario,123,block_02,RPM,shifted,010,binary_correct,3,3,0,2000
scenario,2026,block_02,RPM,shifted,010,exact_correct,0,0,0,2000
scenario,2026,block_02,RPM,shifted,010,binary_correct,2,2,0,2000
scenario,3407,block_02,RPM,shifted,010,exact_correct,0,0,0,2000
scenario,3407,block_02,RPM,shifted,010,binary_correct,2,2,0,2000
scenario,7,block_02,RPM,shifted,011,exact_correct,6,6,0,2000
scenario,7,block_02,RPM,shifted,011,binary_correct,655,655,0,2000
scenario,42,block_02,RPM,shifted,011,exact_correct,2,2,0,2000
scenario,42,block_02,RPM,shifted,011,binary_correct,5,5,0,2000
scenario,123,block_02,RPM,shifted,011,exact_correct,4,4,0,2000
scenario,123,block_02,RPM,shifted,011,binary_correct,30,30,0,2000
scenario,2026,block_02,RPM,shifted,011,exact_correct,0,0,0,2000
scenario,2026,block_02,RPM,shifted,011,binary_correct,14,14,0,2000
scenario,3407,block_02,RPM,shifted,011,exact_correct,0,0,0,2000
scenario,3407,block_02,RPM,shifted,011,binary_correct,61,61,0,2000
scenario,7,block_02,RPM,shifted,100,exact_correct,128,128,0,2000
scenario,7,block_02,RPM,shifted,100,binary_correct,1774,1774,0,2000
scenario,42,block_02,RPM,shifted,100,exact_correct,50,50,0,2000
scenario,42,block_02,RPM,shifted,100,binary_correct,377,377,0,2000
scenario,123,block_02,RPM,shifted,100,exact_correct,27,27,0,2000
scenario,123,block_02,RPM,shifted,100,binary_correct,1896,1896,0,2000
scenario,2026,block_02,RPM,shifted,100,exact_correct,0,0,0,2000
scenario,2026,block_02,RPM,shifted,100,binary_correct,201,201,0,2000
scenario,3407,block_02,RPM,shifted,100,exact_correct,75,75,0,2000
scenario,3407,block_02,RPM,shifted,100,binary_correct,1325,1325,0,2000
scenario,7,block_02,RPM,shifted,101,exact_correct,55,55,0,2000
scenario,7,block_02,RPM,shifted,101,binary_correct,2000,2000,0,2000
scenario,42,block_02,RPM,shifted,101,exact_correct,103,103,0,2000
scenario,42,block_02,RPM,shifted,101,binary_correct,1895,1895,0,2000
scenario,123,block_02,RPM,shifted,101,exact_correct,16,16,0,2000
scenario,123,block_02,RPM,shifted,101,binary_correct,1998,1998,0,2000
scenario,2026,block_02,RPM,shifted,101,exact_correct,11,11,0,2000
scenario,2026,block_02,RPM,shifted,101,binary_correct,1860,1860,0,2000
scenario,3407,block_02,RPM,shifted,101,exact_correct,22,22,0,2000
scenario,3407,block_02,RPM,shifted,101,binary_correct,2000,2000,0,2000
scenario,7,block_02,RPM,shifted,110,exact_correct,190,190,0,2000
scenario,7,block_02,RPM,shifted,110,binary_correct,1386,1386,0,2000
scenario,42,block_02,RPM,shifted,110,exact_correct,42,42,0,2000
scenario,42,block_02,RPM,shifted,110,binary_correct,148,148,0,2000
scenario,123,block_02,RPM,shifted,110,exact_correct,49,49,0,2000
scenario,123,block_02,RPM,shifted,110,binary_correct,1740,1740,0,2000
scenario,2026,block_02,RPM,shifted,110,exact_correct,1,1,0,2000
scenario,2026,block_02,RPM,shifted,110,binary_correct,83,83,0,2000
scenario,3407,block_02,RPM,shifted,110,exact_correct,62,62,0,2000
scenario,3407,block_02,RPM,shifted,110,binary_correct,918,918,0,2000
scenario,7,block_02,RPM,shifted,111,exact_correct,309,309,0,2000
scenario,7,block_02,RPM,shifted,111,binary_correct,1982,1982,0,2000
scenario,42,block_02,RPM,shifted,111,exact_correct,284,284,0,2000
scenario,42,block_02,RPM,shifted,111,binary_correct,1495,1495,0,2000
scenario,123,block_02,RPM,shifted,111,exact_correct,23,23,0,2000
scenario,123,block_02,RPM,shifted,111,binary_correct,2000,2000,0,2000
scenario,2026,block_02,RPM,shifted,111,exact_correct,29,29,0,2000
scenario,2026,block_02,RPM,shifted,111,binary_correct,1672,1672,0,2000
scenario,3407,block_02,RPM,shifted,111,exact_correct,24,24,0,2000
scenario,3407,block_02,RPM,shifted,111,binary_correct,2000,2000,0,2000
scenario,7,block_03,Gear,canonical,000,exact_correct,34,34,0,2000
scenario,7,block_03,Gear,canonical,000,binary_correct,527,527,0,2000
scenario,42,block_03,Gear,canonical,000,exact_correct,0,0,0,2000
scenario,42,block_03,Gear,canonical,000,binary_correct,0,0,0,2000
scenario,123,block_03,Gear,canonical,000,exact_correct,0,0,0,2000
scenario,123,block_03,Gear,canonical,000,binary_correct,35,35,0,2000
scenario,2026,block_03,Gear,canonical,000,exact_correct,0,0,0,2000
scenario,2026,block_03,Gear,canonical,000,binary_correct,34,34,0,2000
scenario,3407,block_03,Gear,canonical,000,exact_correct,0,0,0,2000
scenario,3407,block_03,Gear,canonical,000,binary_correct,0,0,0,2000
scenario,7,block_03,Gear,canonical,001,exact_correct,34,34,0,2000
scenario,7,block_03,Gear,canonical,001,binary_correct,453,453,0,2000
scenario,42,block_03,Gear,canonical,001,exact_correct,0,0,0,2000
scenario,42,block_03,Gear,canonical,001,binary_correct,0,0,0,2000
scenario,123,block_03,Gear,canonical,001,exact_correct,0,0,0,2000
scenario,123,block_03,Gear,canonical,001,binary_correct,19,19,0,2000
scenario,2026,block_03,Gear,canonical,001,exact_correct,0,0,0,2000
scenario,2026,block_03,Gear,canonical,001,binary_correct,19,19,0,2000
scenario,3407,block_03,Gear,canonical,001,exact_correct,0,0,0,2000
scenario,3407,block_03,Gear,canonical,001,binary_correct,0,0,0,2000
scenario,7,block_03,Gear,canonical,010,exact_correct,18,18,0,2000
scenario,7,block_03,Gear,canonical,010,binary_correct,87,87,0,2000
scenario,42,block_03,Gear,canonical,010,exact_correct,0,0,0,2000
scenario,42,block_03,Gear,canonical,010,binary_correct,0,0,0,2000
scenario,123,block_03,Gear,canonical,010,exact_correct,0,0,0,2000
scenario,123,block_03,Gear,canonical,010,binary_correct,2,2,0,2000
scenario,2026,block_03,Gear,canonical,010,exact_correct,0,0,0,2000
scenario,2026,block_03,Gear,canonical,010,binary_correct,0,0,0,2000
scenario,3407,block_03,Gear,canonical,010,exact_correct,0,0,0,2000
scenario,3407,block_03,Gear,canonical,010,binary_correct,0,0,0,2000
scenario,7,block_03,Gear,canonical,011,exact_correct,17,17,0,2000
scenario,7,block_03,Gear,canonical,011,binary_correct,61,61,0,2000
scenario,42,block_03,Gear,canonical,011,exact_correct,0,0,0,2000
scenario,42,block_03,Gear,canonical,011,binary_correct,0,0,0,2000
scenario,123,block_03,Gear,canonical,011,exact_correct,0,0,0,2000
scenario,123,block_03,Gear,canonical,011,binary_correct,0,0,0,2000
scenario,2026,block_03,Gear,canonical,011,exact_correct,0,0,0,2000
scenario,2026,block_03,Gear,canonical,011,binary_correct,0,0,0,2000
scenario,3407,block_03,Gear,canonical,011,exact_correct,0,0,0,2000
scenario,3407,block_03,Gear,canonical,011,binary_correct,2,2,0,2000
scenario,7,block_03,Gear,canonical,100,exact_correct,8,8,0,2000
scenario,7,block_03,Gear,canonical,100,binary_correct,1960,1960,0,2000
scenario,42,block_03,Gear,canonical,100,exact_correct,0,0,0,2000
scenario,42,block_03,Gear,canonical,100,binary_correct,850,850,0,2000
scenario,123,block_03,Gear,canonical,100,exact_correct,0,0,0,2000
scenario,123,block_03,Gear,canonical,100,binary_correct,1969,1969,0,2000
scenario,2026,block_03,Gear,canonical,100,exact_correct,0,0,0,2000
scenario,2026,block_03,Gear,canonical,100,binary_correct,1894,1894,0,2000
scenario,3407,block_03,Gear,canonical,100,exact_correct,0,0,0,2000
scenario,3407,block_03,Gear,canonical,100,binary_correct,1968,1968,0,2000
scenario,7,block_03,Gear,canonical,101,exact_correct,2,2,0,2000
scenario,7,block_03,Gear,canonical,101,binary_correct,1994,1994,0,2000
scenario,42,block_03,Gear,canonical,101,exact_correct,0,0,0,2000
scenario,42,block_03,Gear,canonical,101,binary_correct,1212,1212,0,2000
scenario,123,block_03,Gear,canonical,101,exact_correct,1,1,0,2000
scenario,123,block_03,Gear,canonical,101,binary_correct,1975,1975,0,2000
scenario,2026,block_03,Gear,canonical,101,exact_correct,0,0,0,2000
scenario,2026,block_03,Gear,canonical,101,binary_correct,1962,1962,0,2000
scenario,3407,block_03,Gear,canonical,101,exact_correct,0,0,0,2000
scenario,3407,block_03,Gear,canonical,101,binary_correct,1984,1984,0,2000
scenario,7,block_03,Gear,canonical,110,exact_correct,2,2,0,2000
scenario,7,block_03,Gear,canonical,110,binary_correct,1691,1691,0,2000
scenario,42,block_03,Gear,canonical,110,exact_correct,0,0,0,2000
scenario,42,block_03,Gear,canonical,110,binary_correct,46,46,0,2000
scenario,123,block_03,Gear,canonical,110,exact_correct,0,0,0,2000
scenario,123,block_03,Gear,canonical,110,binary_correct,1955,1955,0,2000
scenario,2026,block_03,Gear,canonical,110,exact_correct,0,0,0,2000
scenario,2026,block_03,Gear,canonical,110,binary_correct,814,814,0,2000
scenario,3407,block_03,Gear,canonical,110,exact_correct,0,0,0,2000
scenario,3407,block_03,Gear,canonical,110,binary_correct,1834,1834,0,2000
scenario,7,block_03,Gear,canonical,111,exact_correct,1,1,0,2000
scenario,7,block_03,Gear,canonical,111,binary_correct,1633,1633,0,2000
scenario,42,block_03,Gear,canonical,111,exact_correct,0,0,0,2000
scenario,42,block_03,Gear,canonical,111,binary_correct,69,69,0,2000
scenario,123,block_03,Gear,canonical,111,exact_correct,0,0,0,2000
scenario,123,block_03,Gear,canonical,111,binary_correct,1906,1906,0,2000
scenario,2026,block_03,Gear,canonical,111,exact_correct,0,0,0,2000
scenario,2026,block_03,Gear,canonical,111,binary_correct,969,969,0,2000
scenario,3407,block_03,Gear,canonical,111,exact_correct,0,0,0,2000
scenario,3407,block_03,Gear,canonical,111,binary_correct,1770,1770,0,2000
scenario,7,block_03,Gear,shifted,000,exact_correct,34,34,0,2000
scenario,7,block_03,Gear,shifted,000,binary_correct,528,528,0,2000
scenario,42,block_03,Gear,shifted,000,exact_correct,0,0,0,2000
scenario,42,block_03,Gear,shifted,000,binary_correct,0,0,0,2000
scenario,123,block_03,Gear,shifted,000,exact_correct,0,0,0,2000
scenario,123,block_03,Gear,shifted,000,binary_correct,36,36,0,2000
scenario,2026,block_03,Gear,shifted,000,exact_correct,0,0,0,2000
scenario,2026,block_03,Gear,shifted,000,binary_correct,34,34,0,2000
scenario,3407,block_03,Gear,shifted,000,exact_correct,0,0,0,2000
scenario,3407,block_03,Gear,shifted,000,binary_correct,0,0,0,2000
scenario,7,block_03,Gear,shifted,001,exact_correct,34,34,0,2000
scenario,7,block_03,Gear,shifted,001,binary_correct,453,453,0,2000
scenario,42,block_03,Gear,shifted,001,exact_correct,0,0,0,2000
scenario,42,block_03,Gear,shifted,001,binary_correct,0,0,0,2000
scenario,123,block_03,Gear,shifted,001,exact_correct,0,0,0,2000
scenario,123,block_03,Gear,shifted,001,binary_correct,19,19,0,2000
scenario,2026,block_03,Gear,shifted,001,exact_correct,0,0,0,2000
scenario,2026,block_03,Gear,shifted,001,binary_correct,21,21,0,2000
scenario,3407,block_03,Gear,shifted,001,exact_correct,0,0,0,2000
scenario,3407,block_03,Gear,shifted,001,binary_correct,0,0,0,2000
scenario,7,block_03,Gear,shifted,010,exact_correct,18,18,0,2000
scenario,7,block_03,Gear,shifted,010,binary_correct,87,87,0,2000
scenario,42,block_03,Gear,shifted,010,exact_correct,0,0,0,2000
scenario,42,block_03,Gear,shifted,010,binary_correct,0,0,0,2000
scenario,123,block_03,Gear,shifted,010,exact_correct,0,0,0,2000
scenario,123,block_03,Gear,shifted,010,binary_correct,2,2,0,2000
scenario,2026,block_03,Gear,shifted,010,exact_correct,0,0,0,2000
scenario,2026,block_03,Gear,shifted,010,binary_correct,0,0,0,2000
scenario,3407,block_03,Gear,shifted,010,exact_correct,0,0,0,2000
scenario,3407,block_03,Gear,shifted,010,binary_correct,0,0,0,2000
scenario,7,block_03,Gear,shifted,011,exact_correct,17,17,0,2000
scenario,7,block_03,Gear,shifted,011,binary_correct,61,61,0,2000
scenario,42,block_03,Gear,shifted,011,exact_correct,0,0,0,2000
scenario,42,block_03,Gear,shifted,011,binary_correct,0,0,0,2000
scenario,123,block_03,Gear,shifted,011,exact_correct,0,0,0,2000
scenario,123,block_03,Gear,shifted,011,binary_correct,0,0,0,2000
scenario,2026,block_03,Gear,shifted,011,exact_correct,0,0,0,2000
scenario,2026,block_03,Gear,shifted,011,binary_correct,0,0,0,2000
scenario,3407,block_03,Gear,shifted,011,exact_correct,0,0,0,2000
scenario,3407,block_03,Gear,shifted,011,binary_correct,2,2,0,2000
scenario,7,block_03,Gear,shifted,100,exact_correct,8,8,0,2000
scenario,7,block_03,Gear,shifted,100,binary_correct,1960,1960,0,2000
scenario,42,block_03,Gear,shifted,100,exact_correct,0,0,0,2000
scenario,42,block_03,Gear,shifted,100,binary_correct,857,857,0,2000
scenario,123,block_03,Gear,shifted,100,exact_correct,0,0,0,2000
scenario,123,block_03,Gear,shifted,100,binary_correct,1969,1969,0,2000
scenario,2026,block_03,Gear,shifted,100,exact_correct,0,0,0,2000
scenario,2026,block_03,Gear,shifted,100,binary_correct,1894,1894,0,2000
scenario,3407,block_03,Gear,shifted,100,exact_correct,0,0,0,2000
scenario,3407,block_03,Gear,shifted,100,binary_correct,1968,1968,0,2000
scenario,7,block_03,Gear,shifted,101,exact_correct,2,2,0,2000
scenario,7,block_03,Gear,shifted,101,binary_correct,1994,1994,0,2000
scenario,42,block_03,Gear,shifted,101,exact_correct,0,0,0,2000
scenario,42,block_03,Gear,shifted,101,binary_correct,1218,1218,0,2000
scenario,123,block_03,Gear,shifted,101,exact_correct,1,1,0,2000
scenario,123,block_03,Gear,shifted,101,binary_correct,1975,1975,0,2000
scenario,2026,block_03,Gear,shifted,101,exact_correct,0,0,0,2000
scenario,2026,block_03,Gear,shifted,101,binary_correct,1964,1964,0,2000
scenario,3407,block_03,Gear,shifted,101,exact_correct,0,0,0,2000
scenario,3407,block_03,Gear,shifted,101,binary_correct,1984,1984,0,2000
scenario,7,block_03,Gear,shifted,110,exact_correct,2,2,0,2000
scenario,7,block_03,Gear,shifted,110,binary_correct,1692,1692,0,2000
scenario,42,block_03,Gear,shifted,110,exact_correct,0,0,0,2000
scenario,42,block_03,Gear,shifted,110,binary_correct,46,46,0,2000
scenario,123,block_03,Gear,shifted,110,exact_correct,0,0,0,2000
scenario,123,block_03,Gear,shifted,110,binary_correct,1955,1955,0,2000
scenario,2026,block_03,Gear,shifted,110,exact_correct,0,0,0,2000
scenario,2026,block_03,Gear,shifted,110,binary_correct,816,816,0,2000
scenario,3407,block_03,Gear,shifted,110,exact_correct,0,0,0,2000
scenario,3407,block_03,Gear,shifted,110,binary_correct,1835,1835,0,2000
scenario,7,block_03,Gear,shifted,111,exact_correct,1,1,0,2000
scenario,7,block_03,Gear,shifted,111,binary_correct,1634,1634,0,2000
scenario,42,block_03,Gear,shifted,111,exact_correct,0,0,0,2000
scenario,42,block_03,Gear,shifted,111,binary_correct,69,69,0,2000
scenario,123,block_03,Gear,shifted,111,exact_correct,0,0,0,2000
scenario,123,block_03,Gear,shifted,111,binary_correct,1906,1906,0,2000
scenario,2026,block_03,Gear,shifted,111,exact_correct,0,0,0,2000
scenario,2026,block_03,Gear,shifted,111,binary_correct,971,971,0,2000
scenario,3407,block_03,Gear,shifted,111,exact_correct,0,0,0,2000
scenario,3407,block_03,Gear,shifted,111,binary_correct,1771,1771,0,2000
scenario,7,block_03,RPM,canonical,000,exact_correct,1,1,0,2000
scenario,7,block_03,RPM,canonical,000,binary_correct,260,260,0,2000
scenario,42,block_03,RPM,canonical,000,exact_correct,0,0,0,2000
scenario,42,block_03,RPM,canonical,000,binary_correct,0,0,0,2000
scenario,123,block_03,RPM,canonical,000,exact_correct,0,0,0,2000
scenario,123,block_03,RPM,canonical,000,binary_correct,4,4,0,2000
scenario,2026,block_03,RPM,canonical,000,exact_correct,0,0,0,2000
scenario,2026,block_03,RPM,canonical,000,binary_correct,3,3,0,2000
scenario,3407,block_03,RPM,canonical,000,exact_correct,0,0,0,2000
scenario,3407,block_03,RPM,canonical,000,binary_correct,0,0,0,2000
scenario,7,block_03,RPM,canonical,001,exact_correct,13,13,0,2000
scenario,7,block_03,RPM,canonical,001,binary_correct,1278,1278,0,2000
scenario,42,block_03,RPM,canonical,001,exact_correct,0,0,0,2000
scenario,42,block_03,RPM,canonical,001,binary_correct,3,3,0,2000
scenario,123,block_03,RPM,canonical,001,exact_correct,2,2,0,2000
scenario,123,block_03,RPM,canonical,001,binary_correct,13,13,0,2000
scenario,2026,block_03,RPM,canonical,001,exact_correct,0,0,0,2000
scenario,2026,block_03,RPM,canonical,001,binary_correct,206,206,0,2000
scenario,3407,block_03,RPM,canonical,001,exact_correct,0,0,0,2000
scenario,3407,block_03,RPM,canonical,001,binary_correct,22,22,0,2000
scenario,7,block_03,RPM,canonical,010,exact_correct,1,1,0,2000
scenario,7,block_03,RPM,canonical,010,binary_correct,146,146,0,2000
scenario,42,block_03,RPM,canonical,010,exact_correct,0,0,0,2000
scenario,42,block_03,RPM,canonical,010,binary_correct,0,0,0,2000
scenario,123,block_03,RPM,canonical,010,exact_correct,0,0,0,2000
scenario,123,block_03,RPM,canonical,010,binary_correct,2,2,0,2000
scenario,2026,block_03,RPM,canonical,010,exact_correct,0,0,0,2000
scenario,2026,block_03,RPM,canonical,010,binary_correct,0,0,0,2000
scenario,3407,block_03,RPM,canonical,010,exact_correct,0,0,0,2000
scenario,3407,block_03,RPM,canonical,010,binary_correct,6,6,0,2000
scenario,7,block_03,RPM,canonical,011,exact_correct,1,1,0,2000
scenario,7,block_03,RPM,canonical,011,binary_correct,669,669,0,2000
scenario,42,block_03,RPM,canonical,011,exact_correct,0,0,0,2000
scenario,42,block_03,RPM,canonical,011,binary_correct,3,3,0,2000
scenario,123,block_03,RPM,canonical,011,exact_correct,2,2,0,2000
scenario,123,block_03,RPM,canonical,011,binary_correct,31,31,0,2000
scenario,2026,block_03,RPM,canonical,011,exact_correct,0,0,0,2000
scenario,2026,block_03,RPM,canonical,011,binary_correct,12,12,0,2000
scenario,3407,block_03,RPM,canonical,011,exact_correct,0,0,0,2000
scenario,3407,block_03,RPM,canonical,011,binary_correct,74,74,0,2000
scenario,7,block_03,RPM,canonical,100,exact_correct,111,111,0,2000
scenario,7,block_03,RPM,canonical,100,binary_correct,1750,1750,0,2000
scenario,42,block_03,RPM,canonical,100,exact_correct,49,49,0,2000
scenario,42,block_03,RPM,canonical,100,binary_correct,364,364,0,2000
scenario,123,block_03,RPM,canonical,100,exact_correct,38,38,0,2000
scenario,123,block_03,RPM,canonical,100,binary_correct,1879,1879,0,2000
scenario,2026,block_03,RPM,canonical,100,exact_correct,0,0,0,2000
scenario,2026,block_03,RPM,canonical,100,binary_correct,189,189,0,2000
scenario,3407,block_03,RPM,canonical,100,exact_correct,65,65,0,2000
scenario,3407,block_03,RPM,canonical,100,binary_correct,1295,1295,0,2000
scenario,7,block_03,RPM,canonical,101,exact_correct,53,53,0,2000
scenario,7,block_03,RPM,canonical,101,binary_correct,1999,1999,0,2000
scenario,42,block_03,RPM,canonical,101,exact_correct,94,94,0,2000
scenario,42,block_03,RPM,canonical,101,binary_correct,1903,1903,0,2000
scenario,123,block_03,RPM,canonical,101,exact_correct,18,18,0,2000
scenario,123,block_03,RPM,canonical,101,binary_correct,1998,1998,0,2000
scenario,2026,block_03,RPM,canonical,101,exact_correct,10,10,0,2000
scenario,2026,block_03,RPM,canonical,101,binary_correct,1868,1868,0,2000
scenario,3407,block_03,RPM,canonical,101,exact_correct,27,27,0,2000
scenario,3407,block_03,RPM,canonical,101,binary_correct,2000,2000,0,2000
scenario,7,block_03,RPM,canonical,110,exact_correct,183,183,0,2000
scenario,7,block_03,RPM,canonical,110,binary_correct,1338,1338,0,2000
scenario,42,block_03,RPM,canonical,110,exact_correct,37,37,0,2000
scenario,42,block_03,RPM,canonical,110,binary_correct,147,147,0,2000
scenario,123,block_03,RPM,canonical,110,exact_correct,42,42,0,2000
scenario,123,block_03,RPM,canonical,110,binary_correct,1727,1727,0,2000
scenario,2026,block_03,RPM,canonical,110,exact_correct,0,0,0,2000
scenario,2026,block_03,RPM,canonical,110,binary_correct,64,64,0,2000
scenario,3407,block_03,RPM,canonical,110,exact_correct,51,51,0,2000
scenario,3407,block_03,RPM,canonical,110,binary_correct,895,895,0,2000
scenario,7,block_03,RPM,canonical,111,exact_correct,289,289,0,2000
scenario,7,block_03,RPM,canonical,111,binary_correct,1989,1989,0,2000
scenario,42,block_03,RPM,canonical,111,exact_correct,270,270,0,2000
scenario,42,block_03,RPM,canonical,111,binary_correct,1437,1437,0,2000
scenario,123,block_03,RPM,canonical,111,exact_correct,27,27,0,2000
scenario,123,block_03,RPM,canonical,111,binary_correct,2000,2000,0,2000
scenario,2026,block_03,RPM,canonical,111,exact_correct,24,24,0,2000
scenario,2026,block_03,RPM,canonical,111,binary_correct,1626,1626,0,2000
scenario,3407,block_03,RPM,canonical,111,exact_correct,26,26,0,2000
scenario,3407,block_03,RPM,canonical,111,binary_correct,2000,2000,0,2000
scenario,7,block_03,RPM,shifted,000,exact_correct,1,1,0,2000
scenario,7,block_03,RPM,shifted,000,binary_correct,273,273,0,2000
scenario,42,block_03,RPM,shifted,000,exact_correct,0,0,0,2000
scenario,42,block_03,RPM,shifted,000,binary_correct,0,0,0,2000
scenario,123,block_03,RPM,shifted,000,exact_correct,0,0,0,2000
scenario,123,block_03,RPM,shifted,000,binary_correct,4,4,0,2000
scenario,2026,block_03,RPM,shifted,000,exact_correct,0,0,0,2000
scenario,2026,block_03,RPM,shifted,000,binary_correct,3,3,0,2000
scenario,3407,block_03,RPM,shifted,000,exact_correct,0,0,0,2000
scenario,3407,block_03,RPM,shifted,000,binary_correct,0,0,0,2000
scenario,7,block_03,RPM,shifted,001,exact_correct,13,13,0,2000
scenario,7,block_03,RPM,shifted,001,binary_correct,1286,1286,0,2000
scenario,42,block_03,RPM,shifted,001,exact_correct,0,0,0,2000
scenario,42,block_03,RPM,shifted,001,binary_correct,3,3,0,2000
scenario,123,block_03,RPM,shifted,001,exact_correct,2,2,0,2000
scenario,123,block_03,RPM,shifted,001,binary_correct,13,13,0,2000
scenario,2026,block_03,RPM,shifted,001,exact_correct,0,0,0,2000
scenario,2026,block_03,RPM,shifted,001,binary_correct,227,227,0,2000
scenario,3407,block_03,RPM,shifted,001,exact_correct,0,0,0,2000
scenario,3407,block_03,RPM,shifted,001,binary_correct,16,16,0,2000
scenario,7,block_03,RPM,shifted,010,exact_correct,1,1,0,2000
scenario,7,block_03,RPM,shifted,010,binary_correct,155,155,0,2000
scenario,42,block_03,RPM,shifted,010,exact_correct,0,0,0,2000
scenario,42,block_03,RPM,shifted,010,binary_correct,0,0,0,2000
scenario,123,block_03,RPM,shifted,010,exact_correct,0,0,0,2000
scenario,123,block_03,RPM,shifted,010,binary_correct,2,2,0,2000
scenario,2026,block_03,RPM,shifted,010,exact_correct,0,0,0,2000
scenario,2026,block_03,RPM,shifted,010,binary_correct,0,0,0,2000
scenario,3407,block_03,RPM,shifted,010,exact_correct,0,0,0,2000
scenario,3407,block_03,RPM,shifted,010,binary_correct,6,6,0,2000
scenario,7,block_03,RPM,shifted,011,exact_correct,2,2,0,2000
scenario,7,block_03,RPM,shifted,011,binary_correct,693,693,0,2000
scenario,42,block_03,RPM,shifted,011,exact_correct,0,0,0,2000
scenario,42,block_03,RPM,shifted,011,binary_correct,3,3,0,2000
scenario,123,block_03,RPM,shifted,011,exact_correct,2,2,0,2000
scenario,123,block_03,RPM,shifted,011,binary_correct,30,30,0,2000
scenario,2026,block_03,RPM,shifted,011,exact_correct,0,0,0,2000
scenario,2026,block_03,RPM,shifted,011,binary_correct,12,12,0,2000
scenario,3407,block_03,RPM,shifted,011,exact_correct,0,0,0,2000
scenario,3407,block_03,RPM,shifted,011,binary_correct,63,63,0,2000
scenario,7,block_03,RPM,shifted,100,exact_correct,114,114,0,2000
scenario,7,block_03,RPM,shifted,100,binary_correct,1769,1769,0,2000
scenario,42,block_03,RPM,shifted,100,exact_correct,47,47,0,2000
scenario,42,block_03,RPM,shifted,100,binary_correct,388,388,0,2000
scenario,123,block_03,RPM,shifted,100,exact_correct,39,39,0,2000
scenario,123,block_03,RPM,shifted,100,binary_correct,1885,1885,0,2000
scenario,2026,block_03,RPM,shifted,100,exact_correct,0,0,0,2000
scenario,2026,block_03,RPM,shifted,100,binary_correct,204,204,0,2000
scenario,3407,block_03,RPM,shifted,100,exact_correct,64,64,0,2000
scenario,3407,block_03,RPM,shifted,100,binary_correct,1315,1315,0,2000
scenario,7,block_03,RPM,shifted,101,exact_correct,52,52,0,2000
scenario,7,block_03,RPM,shifted,101,binary_correct,1999,1999,0,2000
scenario,42,block_03,RPM,shifted,101,exact_correct,88,88,0,2000
scenario,42,block_03,RPM,shifted,101,binary_correct,1917,1917,0,2000
scenario,123,block_03,RPM,shifted,101,exact_correct,18,18,0,2000
scenario,123,block_03,RPM,shifted,101,binary_correct,1998,1998,0,2000
scenario,2026,block_03,RPM,shifted,101,exact_correct,11,11,0,2000
scenario,2026,block_03,RPM,shifted,101,binary_correct,1894,1894,0,2000
scenario,3407,block_03,RPM,shifted,101,exact_correct,24,24,0,2000
scenario,3407,block_03,RPM,shifted,101,binary_correct,2000,2000,0,2000
scenario,7,block_03,RPM,shifted,110,exact_correct,186,186,0,2000
scenario,7,block_03,RPM,shifted,110,binary_correct,1355,1355,0,2000
scenario,42,block_03,RPM,shifted,110,exact_correct,37,37,0,2000
scenario,42,block_03,RPM,shifted,110,binary_correct,159,159,0,2000
scenario,123,block_03,RPM,shifted,110,exact_correct,43,43,0,2000
scenario,123,block_03,RPM,shifted,110,binary_correct,1739,1739,0,2000
scenario,2026,block_03,RPM,shifted,110,exact_correct,1,1,0,2000
scenario,2026,block_03,RPM,shifted,110,binary_correct,70,70,0,2000
scenario,3407,block_03,RPM,shifted,110,exact_correct,50,50,0,2000
scenario,3407,block_03,RPM,shifted,110,binary_correct,910,910,0,2000
scenario,7,block_03,RPM,shifted,111,exact_correct,291,291,0,2000
scenario,7,block_03,RPM,shifted,111,binary_correct,1990,1990,0,2000
scenario,42,block_03,RPM,shifted,111,exact_correct,263,263,0,2000
scenario,42,block_03,RPM,shifted,111,binary_correct,1460,1460,0,2000
scenario,123,block_03,RPM,shifted,111,exact_correct,27,27,0,2000
scenario,123,block_03,RPM,shifted,111,binary_correct,2000,2000,0,2000
scenario,2026,block_03,RPM,shifted,111,exact_correct,26,26,0,2000
scenario,2026,block_03,RPM,shifted,111,binary_correct,1662,1662,0,2000
scenario,3407,block_03,RPM,shifted,111,exact_correct,26,26,0,2000
scenario,3407,block_03,RPM,shifted,111,binary_correct,2000,2000,0,2000
normal,7,block_01,,,,normal_correct,2000,2000,0,2000
normal,42,block_01,,,,normal_correct,2000,2000,0,2000
normal,123,block_01,,,,normal_correct,2000,2000,0,2000
normal,2026,block_01,,,,normal_correct,2000,2000,0,2000
normal,3407,block_01,,,,normal_correct,2000,2000,0,2000
normal,7,block_02,,,,normal_correct,1999,1999,0,2000
normal,42,block_02,,,,normal_correct,1998,1998,0,2000
normal,123,block_02,,,,normal_correct,1997,1997,0,2000
normal,2026,block_02,,,,normal_correct,1998,1998,0,2000
normal,3407,block_02,,,,normal_correct,1997,1997,0,2000
normal,7,block_03,,,,normal_correct,2000,2000,0,2000
normal,42,block_03,,,,normal_correct,2000,2000,0,2000
normal,123,block_03,,,,normal_correct,2000,2000,0,2000
normal,2026,block_03,,,,normal_correct,2000,2000,0,2000
normal,3407,block_03,,,,normal_correct,2000,2000,0,2000
