family,endpoint,effect,n,mean,sd,ci95_low,ci95_high,raw_p,strict_positive,strict_negative,holm_adjusted_p,resolved
exact_rule_minus_placebo_secondary,exact_recall,S,20,-0.0029831250000000036,0.018010300338020917,-0.01141220502214334,0.005445955022143333,0.4679078133657591,8,12,1.0,False
exact_rule_minus_placebo_secondary,exact_recall,D,20,-0.002000624999999999,0.015200659580167863,-0.009114752670603524,0.0051135026706035265,0.5630640595392256,9,11,1.0,False
exact_rule_minus_placebo_secondary,exact_recall,PS,20,-0.005967916666666672,0.03602180385388032,-0.02282663981551524,0.010890806482181896,0.467799906651575,7,13,1.0,False
exact_rule_minus_placebo_secondary,exact_recall,PD,20,-0.00399958333333333,0.03040036723517703,-0.01822739315985228,0.01022822649318562,0.5632131081452739,9,11,1.0,False
exact_rule_minus_placebo_secondary,exact_recall,SD,20,0.00028458333333333287,0.013644909477230434,-0.0061014308763062035,0.006670597542972869,0.9266635752657488,9,11,1.0,False
exact_rule_minus_placebo_secondary,exact_recall,PSD,20,0.0005691666666666671,0.02728656047049429,-0.012201336735172959,0.013339670068506294,0.9266548443350014,9,11,1.0,False
binary_rule_minus_placebo_companion,binary_recall,P,20,0.0028652083333333246,0.0273459783102072,-0.009933103473490294,0.015663520140156942,0.6447056909069631,9,11,1.0,False
binary_rule_minus_placebo_companion,binary_recall,S,20,-0.0020964583333333334,0.005030911079718273,-0.004450997196059077,0.0002580805293924105,0.07790703848520575,6,14,0.38904495685703233,False
binary_rule_minus_placebo_companion,binary_recall,D,20,-0.004098958333333335,0.02404905344557846,-0.015354261806626659,0.0071563451399599895,0.45527712508304374,10,10,1.0,False
binary_rule_minus_placebo_companion,binary_recall,PS,20,-0.004194583333333337,0.010062217005936673,-0.00890384585263521,0.0005146791859685362,0.07780899137140647,6,14,0.38904495685703233,False
binary_rule_minus_placebo_companion,binary_recall,PD,20,-0.008197916666666666,0.04809810689115692,-0.030708523613253314,0.014312690279919982,0.45527712508304397,10,10,1.0,False
binary_rule_minus_placebo_companion,binary_recall,SD,20,0.004113750000000008,0.007046363934703652,0.0008159501656809496,0.007411549834319067,0.017181219421846205,14,6,0.12026853595292343,False
binary_rule_minus_placebo_companion,binary_recall,PSD,20,0.008227500000000013,0.014092727869407308,0.001631900331361894,0.01482309966863813,0.017181219421846253,14,6,0.12026853595292343,False
