construction_seed,role,effect,delta_rule_minus_real,delta_placebo_minus_real,theta_rule_minus_placebo,closure_residual
141421,bridge_sensitivity,P,-0.9138708333333334,-0.8295708333333334,-0.08430000000000004,0.0
161803,bridge_sensitivity,P,-0.9245458333333334,-0.9337791666666668,0.009233333333333427,0.0
173205,bridge_sensitivity,P,-0.8734750000000002,-0.8753875000000001,0.0019124999999998726,0.0
192753,primary,P,-0.9378250000000001,-0.8876833333333334,-0.05014166666666675,0.0
222537,primary,P,-0.8933,-0.8727708333333334,-0.0205291666666666,0.0
271828,bridge_sensitivity,P,-0.8575916666666666,-0.8687083333333334,0.011116666666666775,0.0
298581,primary,P,-0.8854875000000002,-0.8218625000000002,-0.06362500000000004,0.0
415637,primary,P,-0.9162833333333333,-0.9394708333333334,0.023187500000000028,0.0
457191,primary,P,-0.9421333333333333,-0.9181416666666667,-0.023991666666666522,0.0
459336,primary,P,-0.8916416666666667,-0.9111833333333335,0.01954166666666679,0.0
467232,primary,P,-0.8827291666666668,-0.9168916666666668,0.034162499999999985,0.0
485791,primary,P,-0.8583125,-0.9216208333333334,0.06330833333333341,0.0
550427,primary,P,-0.9056166666666667,-0.9102708333333334,0.004654166666666626,0.0
560657,primary,P,-0.8374083333333335,-0.8162666666666667,-0.021141666666666836,0.0
583909,primary,P,-0.7913791666666667,-0.8770083333333334,0.08562916666666665,0.0
685012,primary,P,-0.9140041666666667,-0.8614124999999999,-0.052591666666666814,0.0
715822,primary,P,-0.8118291666666666,-0.8132166666666667,0.001387500000000097,0.0
739263,primary,P,-0.8586541666666667,-0.8138541666666667,-0.04480000000000006,0.0
748203,primary,P,-0.8623,-0.8448583333333334,-0.017441666666666578,0.0
820632,primary,P,-0.8920541666666667,-0.8992208333333334,0.0071666666666666545,0.0
837943,primary,P,-0.9331916666666666,-0.9048708333333334,-0.02832083333333324,0.0
864178,primary,P,-0.8385291666666668,-0.847925,0.00939583333333327,0.0
922089,primary,P,-0.889875,-0.831575,-0.05830000000000002,0.0
999191,primary,P,-0.8801125000000001,-0.8942583333333335,0.014145833333333413,0.0
