construction_seed,role,effect,delta_rule_minus_real,delta_placebo_minus_real,theta_rule_minus_placebo,closure_residual,theta_p1_component,theta_p0_component
141421,bridge_sensitivity,P,-0.8077708333333333,-0.8499708333333335,0.042200000000000126,0.0,0.03882083333333333,-0.0033791666666666
161803,bridge_sensitivity,P,-0.8345666666666667,-0.7533416666666667,-0.08122499999999999,0.0,-0.08083333333333331,0.00039166666666667904
173205,bridge_sensitivity,P,-0.8636416666666665,-0.8084875,-0.055154166666666504,0.0,-0.05513333333333334,2.0833333333358794e-05
192753,primary,P,-0.7804875,-0.8758125,0.095325,0.0,0.09503333333333334,-0.0002916666666668011
222537,primary,P,-0.8610166666666667,-0.8937833333333334,0.03276666666666672,0.0,0.03273333333333332,-3.3333333333440684e-05
271828,bridge_sensitivity,P,-0.8177041666666666,-0.9224916666666665,0.10478749999999992,0.0,0.10486666666666669,7.916666666663019e-05
298581,primary,P,-0.8007624999999999,-0.9365666666666665,0.13580416666666661,0.0,0.13542500000000002,-0.00037916666666659715
415637,primary,P,-0.9093958333333333,-0.7910916666666666,-0.11830416666666665,0.0,-0.11835,-4.583333333341155e-05
457191,primary,P,-0.9245083333333334,-0.9328083333333334,0.008299999999999974,0.0,0.008308333333333348,8.333333333387927e-06
459336,primary,P,-0.9266375,-0.912425,-0.014212499999999961,0.0,-0.014329166666666657,-0.00011666666666665382
467232,primary,P,-0.8880375,-0.8116499999999999,-0.07638750000000016,0.0,-0.074775,0.0016125000000000167
485791,primary,P,-0.8346833333333332,-0.8817999999999999,0.047116666666666696,0.0,0.04711250000000003,-4.166666666693963e-06
550427,primary,P,-0.9244166666666667,-0.9565125,0.03209583333333332,0.0,0.03212083333333333,2.4999999999941735e-05
560657,primary,P,-0.9243666666666666,-0.8958208333333333,-0.02854583333333327,0.0,-0.031504166666666666,-0.002958333333333507
583909,primary,P,-0.9621375000000001,-0.7941791666666667,-0.16795833333333343,0.0,-0.16794583333333335,1.2499999999859845e-05
685012,primary,P,-0.865325,-0.8445958333333333,-0.020729166666666687,0.0,-0.021124999999999977,-0.000395833333333373
715822,primary,P,-0.9411458333333332,-0.9224958333333333,-0.018649999999999944,0.0,-0.01866666666666667,-1.666666666666483e-05
739263,primary,P,-0.9564124999999999,-0.9170791666666667,-0.03933333333333322,0.0,-0.039204166666666686,0.0001291666666667357
748203,primary,P,-0.7678625,-0.8524875,0.08462499999999995,0.0,0.08488750000000003,0.0002624999999998323
820632,primary,P,-0.9523041666666667,-0.7612708333333333,-0.1910333333333334,0.0,-0.1910625,-2.9166666666524677e-05
837943,primary,P,-0.899625,-0.8387916666666666,-0.060833333333333406,0.0,-0.06085416666666668,-2.0833333333247772e-05
864178,primary,P,-0.8433666666666666,-0.8519916666666667,0.008625000000000105,0.0,0.008612499999999995,-1.2499999999859845e-05
922089,primary,P,-0.9390708333333333,-0.9432,0.004129166666666739,0.0,0.004070833333333336,-5.833333333349344e-05
999191,primary,P,-0.7743416666666667,-0.9521541666666666,0.17781249999999993,0.0,0.17781249999999998,0.0
