construction_seed,arm,pipeline_seed,role,requested,drawn,unique,repeated,index_sha256
415637,rule,7,primary,78645,78645,78645,0,d2c7acc8cbe7f58e1db3d0cc1b63f730adb335dd8bd0aab76f192e70cf187a50
415637,rule,42,primary,78645,78645,78645,0,60eaa0f1314053ddb38a4ba023908d80d92889250274637706176f90b4485c4c
415637,rule,123,primary,78645,78645,78645,0,ea399358a29d6152749b8c64658c1a834368dbd96a85027516a8e7ee44230f8b
415637,rule,2026,primary,78645,78645,78645,0,a8c7b7058569c5f4df77ddc4f4fc837839d24168ee1d52f7a9033ebc35530f2d
415637,rule,3407,primary,78645,78645,78645,0,e2c2b0bd1ae98e843a32b5088eee60d53eef4e142b7ea99d13856ddb7d0f6d16
415637,placebo,7,primary,78645,78645,78645,0,d2c7acc8cbe7f58e1db3d0cc1b63f730adb335dd8bd0aab76f192e70cf187a50
415637,placebo,42,primary,78645,78645,78645,0,60eaa0f1314053ddb38a4ba023908d80d92889250274637706176f90b4485c4c
415637,placebo,123,primary,78645,78645,78645,0,ea399358a29d6152749b8c64658c1a834368dbd96a85027516a8e7ee44230f8b
415637,placebo,2026,primary,78645,78645,78645,0,a8c7b7058569c5f4df77ddc4f4fc837839d24168ee1d52f7a9033ebc35530f2d
415637,placebo,3407,primary,78645,78645,78645,0,e2c2b0bd1ae98e843a32b5088eee60d53eef4e142b7ea99d13856ddb7d0f6d16
748203,rule,7,primary,78645,78645,78645,0,f69ad9da49fb248258dcbdbba9933d3034f7aee341d9371dc59ea08b6bb7d8b0
748203,rule,42,primary,78645,78645,78645,0,fcc7b46d421dceb6286d927c200c5881342d9c3a7d69a20a2f4706aa0020cdc0
748203,rule,123,primary,78645,78645,78645,0,bd70649c5d1520fd91ad997856819485291ca2b6267a831a2a762de7d78b89f2
748203,rule,2026,primary,78645,78645,78645,0,c8e69efc8a7b0734d500b6e28c976867b5f7554f3fb26da050c7aa9584ca8edb
748203,rule,3407,primary,78645,78645,78645,0,f0af597d9feea9873934266e52f4a663a57d51b9c052868a218785bdc5902c20
748203,placebo,7,primary,78645,78645,78645,0,f69ad9da49fb248258dcbdbba9933d3034f7aee341d9371dc59ea08b6bb7d8b0
748203,placebo,42,primary,78645,78645,78645,0,fcc7b46d421dceb6286d927c200c5881342d9c3a7d69a20a2f4706aa0020cdc0
748203,placebo,123,primary,78645,78645,78645,0,bd70649c5d1520fd91ad997856819485291ca2b6267a831a2a762de7d78b89f2
748203,placebo,2026,primary,78645,78645,78645,0,c8e69efc8a7b0734d500b6e28c976867b5f7554f3fb26da050c7aa9584ca8edb
748203,placebo,3407,primary,78645,78645,78645,0,f0af597d9feea9873934266e52f4a663a57d51b9c052868a218785bdc5902c20
560657,rule,7,primary,78645,78645,78645,0,7be78eefa6491708f2966b3d37783e7abb33b2b3ff6c014e9d76d748a5b07268
560657,rule,42,primary,78645,78645,78645,0,a26f3d92767a62a52084755172627d9726b89a71e82e6dc02c59da3d5e6d0a73
560657,rule,123,primary,78645,78645,78645,0,a7671ecf7005c1978b76bdd28372bb7a795c507520f958477027c4fbf5e51597
560657,rule,2026,primary,78645,78645,78645,0,260fbdc92bd80cd4723a1d271262e5576796a292134a481e721281713dcf55da
560657,rule,3407,primary,78645,78645,78645,0,eb283f789174957248c1bc68c1fdee7367fa3848ae3684203fafb4170d0faffb
560657,placebo,7,primary,78645,78645,78645,0,7be78eefa6491708f2966b3d37783e7abb33b2b3ff6c014e9d76d748a5b07268
560657,placebo,42,primary,78645,78645,78645,0,a26f3d92767a62a52084755172627d9726b89a71e82e6dc02c59da3d5e6d0a73
560657,placebo,123,primary,78645,78645,78645,0,a7671ecf7005c1978b76bdd28372bb7a795c507520f958477027c4fbf5e51597
560657,placebo,2026,primary,78645,78645,78645,0,260fbdc92bd80cd4723a1d271262e5576796a292134a481e721281713dcf55da
560657,placebo,3407,primary,78645,78645,78645,0,eb283f789174957248c1bc68c1fdee7367fa3848ae3684203fafb4170d0faffb
459336,rule,7,primary,78645,78645,78645,0,dee8eede3f2eac650bed831cf77ae95e26675f41c0f87683744f27fefc733c45
459336,rule,42,primary,78645,78645,78645,0,f48d53777751f5c5059f75032abba72a661cf0e168b8f8dbc8d92f096386b3ba
459336,rule,123,primary,78645,78645,78645,0,6c7444256dd87bfc8d459e0f830f59e51a1d16278bc1b22173518d7feef5494e
459336,rule,2026,primary,78645,78645,78645,0,f02b8644c30fee07b3c1448cb0506645a52c8086cdd3937e8f9fbe9f1a5140f1
459336,rule,3407,primary,78645,78645,78645,0,2d85cfdb874a7a1f689a6d0f98af06bff7a510f55433ba745ded068c90d77938
459336,placebo,7,primary,78645,78645,78645,0,dee8eede3f2eac650bed831cf77ae95e26675f41c0f87683744f27fefc733c45
459336,placebo,42,primary,78645,78645,78645,0,f48d53777751f5c5059f75032abba72a661cf0e168b8f8dbc8d92f096386b3ba
459336,placebo,123,primary,78645,78645,78645,0,6c7444256dd87bfc8d459e0f830f59e51a1d16278bc1b22173518d7feef5494e
459336,placebo,2026,primary,78645,78645,78645,0,f02b8644c30fee07b3c1448cb0506645a52c8086cdd3937e8f9fbe9f1a5140f1
459336,placebo,3407,primary,78645,78645,78645,0,2d85cfdb874a7a1f689a6d0f98af06bff7a510f55433ba745ded068c90d77938
457191,rule,7,primary,78645,78645,78645,0,6c1c158e4d4411adef2671ab0aa53eefc4c1c2e6e2b9f5501600b2cb9ac3d2be
457191,rule,42,primary,78645,78645,78645,0,5d3b2e701d3284069f6e4aa69596c666685143b1a7876e450cd0fb4e1725a4a4
457191,rule,123,primary,78645,78645,78645,0,5b6dd3a045e7a076ab5dddbd981d530a4d16c4bd612bf4502227a2354108e3bd
457191,rule,2026,primary,78645,78645,78645,0,ce5afcff50163d309452691e5c6403844dd2097e72a583a428800d50e96aad78
457191,rule,3407,primary,78645,78645,78645,0,5594d2f0e730edfb675e9c98d1fd8686157d084054966207df04f67498331a1c
457191,placebo,7,primary,78645,78645,78645,0,6c1c158e4d4411adef2671ab0aa53eefc4c1c2e6e2b9f5501600b2cb9ac3d2be
457191,placebo,42,primary,78645,78645,78645,0,5d3b2e701d3284069f6e4aa69596c666685143b1a7876e450cd0fb4e1725a4a4
457191,placebo,123,primary,78645,78645,78645,0,5b6dd3a045e7a076ab5dddbd981d530a4d16c4bd612bf4502227a2354108e3bd
457191,placebo,2026,primary,78645,78645,78645,0,ce5afcff50163d309452691e5c6403844dd2097e72a583a428800d50e96aad78
457191,placebo,3407,primary,78645,78645,78645,0,5594d2f0e730edfb675e9c98d1fd8686157d084054966207df04f67498331a1c
999191,rule,7,primary,78645,78645,78645,0,d0b1f7f007456cff62e6ceecb3ad90d55429499e9be91cc0bb1ee110ca368ff4
999191,rule,42,primary,78645,78645,78645,0,59d9e22be4de24d2798b9e32094c1fa944a31e36699c78ebc7b35e6b215fe3ec
999191,rule,123,primary,78645,78645,78645,0,be695016520c076084639fb9b5ceedb86f5ddf98b9e89aa940ff35586133e6f2
999191,rule,2026,primary,78645,78645,78645,0,da8b9a12427bcac6953b8f6601a5cf28ead70636c26376cc084c4d59ed5484a9
999191,rule,3407,primary,78645,78645,78645,0,01e2b8a308adfc91a91848bd6f1a1cbe83208b761d458d5e001e702b78213c49
999191,placebo,7,primary,78645,78645,78645,0,d0b1f7f007456cff62e6ceecb3ad90d55429499e9be91cc0bb1ee110ca368ff4
999191,placebo,42,primary,78645,78645,78645,0,59d9e22be4de24d2798b9e32094c1fa944a31e36699c78ebc7b35e6b215fe3ec
999191,placebo,123,primary,78645,78645,78645,0,be695016520c076084639fb9b5ceedb86f5ddf98b9e89aa940ff35586133e6f2
999191,placebo,2026,primary,78645,78645,78645,0,da8b9a12427bcac6953b8f6601a5cf28ead70636c26376cc084c4d59ed5484a9
999191,placebo,3407,primary,78645,78645,78645,0,01e2b8a308adfc91a91848bd6f1a1cbe83208b761d458d5e001e702b78213c49
715822,rule,7,primary,78645,78645,78645,0,65bdb4e9a5ba188436233c10386536847aea9a1d1a3ed143fbf58e0a923988cf
715822,rule,42,primary,78645,78645,78645,0,00e7ace348b166fc3d6d42a2d2e431b168526a0d1c0a3e93dc394bf98e1894e5
715822,rule,123,primary,78645,78645,78645,0,1a7ad3e00caf833aa40a4f3e9736ad4f9b9d9e5d1280ae93f5d92159f0bcd82a
715822,rule,2026,primary,78645,78645,78645,0,6ffc9f2c01fe3849e59ac2ca27e74b621af64f7fb3e1daca660f0e41c99ad686
715822,rule,3407,primary,78645,78645,78645,0,548699edb942e67879376fec33fd94fd517e31072f729f0634e8ace2165ac407
715822,placebo,7,primary,78645,78645,78645,0,65bdb4e9a5ba188436233c10386536847aea9a1d1a3ed143fbf58e0a923988cf
715822,placebo,42,primary,78645,78645,78645,0,00e7ace348b166fc3d6d42a2d2e431b168526a0d1c0a3e93dc394bf98e1894e5
715822,placebo,123,primary,78645,78645,78645,0,1a7ad3e00caf833aa40a4f3e9736ad4f9b9d9e5d1280ae93f5d92159f0bcd82a
715822,placebo,2026,primary,78645,78645,78645,0,6ffc9f2c01fe3849e59ac2ca27e74b621af64f7fb3e1daca660f0e41c99ad686
715822,placebo,3407,primary,78645,78645,78645,0,548699edb942e67879376fec33fd94fd517e31072f729f0634e8ace2165ac407
298581,rule,7,primary,78645,78645,78645,0,aad7dad27a7ef6bf4a1aad97cc9320ef415fb9ccf774e5b05c3a37ffddf371c0
298581,rule,42,primary,78645,78645,78645,0,46ab4d6da5db14fe5d4ec8bd2f65ecdb80d7992f9191dd6303b612409524e525
298581,rule,123,primary,78645,78645,78645,0,081e20b4ed707d92de5caea5f6708b11c74ffcaec8610ebf3bea968bcc67955b
298581,rule,2026,primary,78645,78645,78645,0,992ea737a2fca5e81baea99fffdad94553440f1b697b7652ad8f97f5141ab702
298581,rule,3407,primary,78645,78645,78645,0,11ea0c24b0d711073308cf6e8ab502d726f0774e29126adc46cc6f602274dc4b
298581,placebo,7,primary,78645,78645,78645,0,aad7dad27a7ef6bf4a1aad97cc9320ef415fb9ccf774e5b05c3a37ffddf371c0
298581,placebo,42,primary,78645,78645,78645,0,46ab4d6da5db14fe5d4ec8bd2f65ecdb80d7992f9191dd6303b612409524e525
298581,placebo,123,primary,78645,78645,78645,0,081e20b4ed707d92de5caea5f6708b11c74ffcaec8610ebf3bea968bcc67955b
298581,placebo,2026,primary,78645,78645,78645,0,992ea737a2fca5e81baea99fffdad94553440f1b697b7652ad8f97f5141ab702
298581,placebo,3407,primary,78645,78645,78645,0,11ea0c24b0d711073308cf6e8ab502d726f0774e29126adc46cc6f602274dc4b
922089,rule,7,primary,78645,78645,78645,0,8640282a78dbd35d9e2817f0f3a2a3ae9ef262d2e90742f467bc221fa3ca028b
922089,rule,42,primary,78645,78645,78645,0,bf6d174c9012653e694a77b92a62be1c572843321b92f1e54e0f73fd0b73a9d0
922089,rule,123,primary,78645,78645,78645,0,d87fe5b740ed776b92f6751d74a6b7dba7c1f1764a6c7456221b96555962449b
922089,rule,2026,primary,78645,78645,78645,0,1b3e9e44b76909869e93cf0643bee5570d95be8a7cea6696b201b7b378b7af60
922089,rule,3407,primary,78645,78645,78645,0,89b247e1f42c692ef94e4df2f766c9c8db48f58638ed32e6e22f199cacebdef5
922089,placebo,7,primary,78645,78645,78645,0,8640282a78dbd35d9e2817f0f3a2a3ae9ef262d2e90742f467bc221fa3ca028b
922089,placebo,42,primary,78645,78645,78645,0,bf6d174c9012653e694a77b92a62be1c572843321b92f1e54e0f73fd0b73a9d0
922089,placebo,123,primary,78645,78645,78645,0,d87fe5b740ed776b92f6751d74a6b7dba7c1f1764a6c7456221b96555962449b
922089,placebo,2026,primary,78645,78645,78645,0,1b3e9e44b76909869e93cf0643bee5570d95be8a7cea6696b201b7b378b7af60
922089,placebo,3407,primary,78645,78645,78645,0,89b247e1f42c692ef94e4df2f766c9c8db48f58638ed32e6e22f199cacebdef5
864178,rule,7,primary,78645,78645,78645,0,d686cd143749c034425e0f6cf27430624b7e07aa216d5e667b586f0bfdd1f3bb
864178,rule,42,primary,78645,78645,78645,0,38852f66b26ef71a0d1a60a74350895f6ba6e24ccbeb13603837c104e57311b2
864178,rule,123,primary,78645,78645,78645,0,77898836e4456ff1e7dc7aecd9f59183d019cc01d9a878a927cd26995d8345d2
864178,rule,2026,primary,78645,78645,78645,0,f3a14cf8e03e585f79e2a6ac5b6bb1b84dac7288e71065f6d6ce031f46cc586e
864178,rule,3407,primary,78645,78645,78645,0,bdfc51729ec4e10517d98100b49ea48c7eeaf9ba42bf24abe67019034d808553
864178,placebo,7,primary,78645,78645,78645,0,d686cd143749c034425e0f6cf27430624b7e07aa216d5e667b586f0bfdd1f3bb
864178,placebo,42,primary,78645,78645,78645,0,38852f66b26ef71a0d1a60a74350895f6ba6e24ccbeb13603837c104e57311b2
864178,placebo,123,primary,78645,78645,78645,0,77898836e4456ff1e7dc7aecd9f59183d019cc01d9a878a927cd26995d8345d2
864178,placebo,2026,primary,78645,78645,78645,0,f3a14cf8e03e585f79e2a6ac5b6bb1b84dac7288e71065f6d6ce031f46cc586e
864178,placebo,3407,primary,78645,78645,78645,0,bdfc51729ec4e10517d98100b49ea48c7eeaf9ba42bf24abe67019034d808553
583909,rule,7,primary,78645,78645,78645,0,d1e912406a57419be93195cde085f469f2ca1638d18e122ea5218e3244f0cc6f
583909,rule,42,primary,78645,78645,78645,0,466bdb1cf9a1be3e91d569130c751ae1af66355396969c9ae014e34dbe0a1fa9
583909,rule,123,primary,78645,78645,78645,0,94d74031ab7ff9fe6ecbbf7e016ead5c47eea533fba7447430663716614a15f1
583909,rule,2026,primary,78645,78645,78645,0,875e2f67d89ab587dff3cabd200a938e5f24d88d7b60f3c8a9f58eb1834d3584
583909,rule,3407,primary,78645,78645,78645,0,a00f3be1a4e29037d2c9ddae0a4003da37974b884ba97944b60056da7c0c902e
583909,placebo,7,primary,78645,78645,78645,0,d1e912406a57419be93195cde085f469f2ca1638d18e122ea5218e3244f0cc6f
583909,placebo,42,primary,78645,78645,78645,0,466bdb1cf9a1be3e91d569130c751ae1af66355396969c9ae014e34dbe0a1fa9
583909,placebo,123,primary,78645,78645,78645,0,94d74031ab7ff9fe6ecbbf7e016ead5c47eea533fba7447430663716614a15f1
583909,placebo,2026,primary,78645,78645,78645,0,875e2f67d89ab587dff3cabd200a938e5f24d88d7b60f3c8a9f58eb1834d3584
583909,placebo,3407,primary,78645,78645,78645,0,a00f3be1a4e29037d2c9ddae0a4003da37974b884ba97944b60056da7c0c902e
467232,rule,7,primary,78645,78645,78645,0,9d14e7cc646c6bdec29bfc76201017837b2f6b22c2a3427bdaa1d3e36da4cf80
467232,rule,42,primary,78645,78645,78645,0,3b11fd0cd950a7d452038a9d753c39911eaf1af925113a0af2ac6cdd601fb131
467232,rule,123,primary,78645,78645,78645,0,40539243843f4d5d5b0551463f1cb9266dd595f32c1b5d99f4758ee03daa33fd
467232,rule,2026,primary,78645,78645,78645,0,8bc55497698643debe0dc0b7d1f7c9e06b29852147ca7e5c996dd833ad5c1c58
467232,rule,3407,primary,78645,78645,78645,0,68917d3ad21aee6123e08f082b29bd90ba73c55441c3199149921fb70c5df933
467232,placebo,7,primary,78645,78645,78645,0,9d14e7cc646c6bdec29bfc76201017837b2f6b22c2a3427bdaa1d3e36da4cf80
467232,placebo,42,primary,78645,78645,78645,0,3b11fd0cd950a7d452038a9d753c39911eaf1af925113a0af2ac6cdd601fb131
467232,placebo,123,primary,78645,78645,78645,0,40539243843f4d5d5b0551463f1cb9266dd595f32c1b5d99f4758ee03daa33fd
467232,placebo,2026,primary,78645,78645,78645,0,8bc55497698643debe0dc0b7d1f7c9e06b29852147ca7e5c996dd833ad5c1c58
467232,placebo,3407,primary,78645,78645,78645,0,68917d3ad21aee6123e08f082b29bd90ba73c55441c3199149921fb70c5df933
550427,rule,7,primary,78645,78645,78645,0,26ea6a735aac4f015b92617925e44501493b702ba74a560599ee61552d9a0864
550427,rule,42,primary,78645,78645,78645,0,ed4922aeff9b6274f557662791e671765737048738f4814e7cbfb13f74544d5b
550427,rule,123,primary,78645,78645,78645,0,d75876938d13de4b0be8f5f762ac5fd09fca1556de6d3b4f2dbce598f6feff4d
550427,rule,2026,primary,78645,78645,78645,0,28140dce0d9174fb699d8033195111af378f23a49e14ce0074ae17ba8bcff291
550427,rule,3407,primary,78645,78645,78645,0,1ac3f68927b85203c0a379d16ab95501008a33fc846247c7dda9b9b90e78c409
550427,placebo,7,primary,78645,78645,78645,0,26ea6a735aac4f015b92617925e44501493b702ba74a560599ee61552d9a0864
550427,placebo,42,primary,78645,78645,78645,0,ed4922aeff9b6274f557662791e671765737048738f4814e7cbfb13f74544d5b
550427,placebo,123,primary,78645,78645,78645,0,d75876938d13de4b0be8f5f762ac5fd09fca1556de6d3b4f2dbce598f6feff4d
550427,placebo,2026,primary,78645,78645,78645,0,28140dce0d9174fb699d8033195111af378f23a49e14ce0074ae17ba8bcff291
550427,placebo,3407,primary,78645,78645,78645,0,1ac3f68927b85203c0a379d16ab95501008a33fc846247c7dda9b9b90e78c409
485791,rule,7,primary,78645,78645,78645,0,928808cdc34497b917aa9e2747dd9281c059cd04c05808bdd80bf1c39e59deb5
485791,rule,42,primary,78645,78645,78645,0,fa1a4a35656e76493bdd50138edda96c6dab626fbfa8f8cc8ef2acfb60bd2a6d
485791,rule,123,primary,78645,78645,78645,0,cb4a3ecd9b1c6da8bc095dc18bbca2dbeb7d2c7a12917a2637908d75717e3a2b
485791,rule,2026,primary,78645,78645,78645,0,938441e7e4b285e3ea1224dcbb32cefc2d038f22f3a2288ecb3d3744519cc79f
485791,rule,3407,primary,78645,78645,78645,0,e4dd8152683608320d5b5f087d7557b3ba31cca41ec7fa044b5f7b22b3c9d44c
485791,placebo,7,primary,78645,78645,78645,0,928808cdc34497b917aa9e2747dd9281c059cd04c05808bdd80bf1c39e59deb5
485791,placebo,42,primary,78645,78645,78645,0,fa1a4a35656e76493bdd50138edda96c6dab626fbfa8f8cc8ef2acfb60bd2a6d
485791,placebo,123,primary,78645,78645,78645,0,cb4a3ecd9b1c6da8bc095dc18bbca2dbeb7d2c7a12917a2637908d75717e3a2b
485791,placebo,2026,primary,78645,78645,78645,0,938441e7e4b285e3ea1224dcbb32cefc2d038f22f3a2288ecb3d3744519cc79f
485791,placebo,3407,primary,78645,78645,78645,0,e4dd8152683608320d5b5f087d7557b3ba31cca41ec7fa044b5f7b22b3c9d44c
820632,rule,7,primary,78645,78645,78645,0,9d03a5f01fafe7a90cc84650daff525a0966611aa42e729c7ff2eca8886817c2
820632,rule,42,primary,78645,78645,78645,0,d1c370b7fad43be673eff48de787394152790644fa786e46c9a21e6845438e0b
820632,rule,123,primary,78645,78645,78645,0,2cb580ed97f0c8ca7d072ff8025982a13a925d4b65d82a870fb5b961641356ee
820632,rule,2026,primary,78645,78645,78645,0,649cf1321bfd8162ee068d5ce65e7d98320351808eeeb6b66cc229adc7f8d97a
820632,rule,3407,primary,78645,78645,78645,0,ba1a850e0f1089699dea1d754b2523d2ba8a2347be4fac95ad5af089c0229a4d
820632,placebo,7,primary,78645,78645,78645,0,9d03a5f01fafe7a90cc84650daff525a0966611aa42e729c7ff2eca8886817c2
820632,placebo,42,primary,78645,78645,78645,0,d1c370b7fad43be673eff48de787394152790644fa786e46c9a21e6845438e0b
820632,placebo,123,primary,78645,78645,78645,0,2cb580ed97f0c8ca7d072ff8025982a13a925d4b65d82a870fb5b961641356ee
820632,placebo,2026,primary,78645,78645,78645,0,649cf1321bfd8162ee068d5ce65e7d98320351808eeeb6b66cc229adc7f8d97a
820632,placebo,3407,primary,78645,78645,78645,0,ba1a850e0f1089699dea1d754b2523d2ba8a2347be4fac95ad5af089c0229a4d
837943,rule,7,primary,78645,78645,78645,0,7ba6ae5314cae46f0d1de9b5f8f1d0cce5e9fc2f1dffe98879b8140657180f1d
837943,rule,42,primary,78645,78645,78645,0,7c79904e0817e27d5f7f3a7e18310fa73ddfd500d191bb55a7cf78d923c0bb14
837943,rule,123,primary,78645,78645,78645,0,b7e72c5e11a9a000d935c8c13cdba97998d43eb4cab817a6d438281772cd0fa2
837943,rule,2026,primary,78645,78645,78645,0,aaf94c82304aa6cf99b534e639698d69f4688c88db0c13858efa4200dfd4d7fd
837943,rule,3407,primary,78645,78645,78645,0,965e806a76e4ed33eb29fe384e646c8ca3c1772359d5413f3cf0bc6d7efde633
837943,placebo,7,primary,78645,78645,78645,0,7ba6ae5314cae46f0d1de9b5f8f1d0cce5e9fc2f1dffe98879b8140657180f1d
837943,placebo,42,primary,78645,78645,78645,0,7c79904e0817e27d5f7f3a7e18310fa73ddfd500d191bb55a7cf78d923c0bb14
837943,placebo,123,primary,78645,78645,78645,0,b7e72c5e11a9a000d935c8c13cdba97998d43eb4cab817a6d438281772cd0fa2
837943,placebo,2026,primary,78645,78645,78645,0,aaf94c82304aa6cf99b534e639698d69f4688c88db0c13858efa4200dfd4d7fd
837943,placebo,3407,primary,78645,78645,78645,0,965e806a76e4ed33eb29fe384e646c8ca3c1772359d5413f3cf0bc6d7efde633
222537,rule,7,primary,78645,78645,78645,0,a508347d13f05f86d13baa68d90fd22b04edfb04f804d0293ea1d939f295a49d
222537,rule,42,primary,78645,78645,78645,0,eaff931143db3cd90af84970279d45838f3102fb6e4e92aaf4386048d3a3565c
222537,rule,123,primary,78645,78645,78645,0,3ef019bf781efb252a5fa36d5998d4b6c3f855ada9804d9ad64b6437e3ff3c7b
222537,rule,2026,primary,78645,78645,78645,0,cdefd66011e8a239d3564d6ad146a9641b6ae86894e95eb0f2ecc856c5c90498
222537,rule,3407,primary,78645,78645,78645,0,1b0389e05ad529f8859d2f34f7fa6d7a3b9a568c06bafd5a8671f4dfa4d0ce1f
222537,placebo,7,primary,78645,78645,78645,0,a508347d13f05f86d13baa68d90fd22b04edfb04f804d0293ea1d939f295a49d
222537,placebo,42,primary,78645,78645,78645,0,eaff931143db3cd90af84970279d45838f3102fb6e4e92aaf4386048d3a3565c
222537,placebo,123,primary,78645,78645,78645,0,3ef019bf781efb252a5fa36d5998d4b6c3f855ada9804d9ad64b6437e3ff3c7b
222537,placebo,2026,primary,78645,78645,78645,0,cdefd66011e8a239d3564d6ad146a9641b6ae86894e95eb0f2ecc856c5c90498
222537,placebo,3407,primary,78645,78645,78645,0,1b0389e05ad529f8859d2f34f7fa6d7a3b9a568c06bafd5a8671f4dfa4d0ce1f
685012,rule,7,primary,78645,78645,78645,0,efa956a3ba88eaadc1ab20a9a91b9d934ff26326d25661a32a9bd3054931d1c1
685012,rule,42,primary,78645,78645,78645,0,66636e691d90e12a720d0407135ea0076a56e565ff05893212abd6489cd423f8
685012,rule,123,primary,78645,78645,78645,0,4a68aed668382c6305609fabb1a34002aaa5b2591d0b2b33f021dde16c3c0bea
685012,rule,2026,primary,78645,78645,78645,0,4d57fbc7e05a4ba9363ab7dca5818da0261f77cc65da6f2f922152ca2fe052bc
685012,rule,3407,primary,78645,78645,78645,0,cfa0eeb21f85cfeae33b624f1513dad89c18d546eb46e5b447a01f2d8fb4e076
685012,placebo,7,primary,78645,78645,78645,0,efa956a3ba88eaadc1ab20a9a91b9d934ff26326d25661a32a9bd3054931d1c1
685012,placebo,42,primary,78645,78645,78645,0,66636e691d90e12a720d0407135ea0076a56e565ff05893212abd6489cd423f8
685012,placebo,123,primary,78645,78645,78645,0,4a68aed668382c6305609fabb1a34002aaa5b2591d0b2b33f021dde16c3c0bea
685012,placebo,2026,primary,78645,78645,78645,0,4d57fbc7e05a4ba9363ab7dca5818da0261f77cc65da6f2f922152ca2fe052bc
685012,placebo,3407,primary,78645,78645,78645,0,cfa0eeb21f85cfeae33b624f1513dad89c18d546eb46e5b447a01f2d8fb4e076
192753,rule,7,primary,78645,78645,78645,0,66dfb28c568c19b19146a9dd5b66f294b635d5220c781613305bf1883bdcc6e7
192753,rule,42,primary,78645,78645,78645,0,47ba32266048b46d7391a5ae82c4ed83aa83bfe76bc337b4a1d3a41f1d3e8b31
192753,rule,123,primary,78645,78645,78645,0,7470c7268c9d453225aef7c7de5186c0cf86e2860d4f3a05a5dce67cf2da2b92
192753,rule,2026,primary,78645,78645,78645,0,288be0e40996a07c18e5933addf6cef9672ec097bd2483ceb17d75d6e082291d
192753,rule,3407,primary,78645,78645,78645,0,33df515357861555fda23af80d0b57bde616e6f2673234e71f8780dc351ba8bb
192753,placebo,7,primary,78645,78645,78645,0,66dfb28c568c19b19146a9dd5b66f294b635d5220c781613305bf1883bdcc6e7
192753,placebo,42,primary,78645,78645,78645,0,47ba32266048b46d7391a5ae82c4ed83aa83bfe76bc337b4a1d3a41f1d3e8b31
192753,placebo,123,primary,78645,78645,78645,0,7470c7268c9d453225aef7c7de5186c0cf86e2860d4f3a05a5dce67cf2da2b92
192753,placebo,2026,primary,78645,78645,78645,0,288be0e40996a07c18e5933addf6cef9672ec097bd2483ceb17d75d6e082291d
192753,placebo,3407,primary,78645,78645,78645,0,33df515357861555fda23af80d0b57bde616e6f2673234e71f8780dc351ba8bb
739263,rule,7,primary,78645,78645,78645,0,a814ec328964ec2910c6e9e4e1b0cc1a0588965a6a4cc09418fc4db123d4eab7
739263,rule,42,primary,78645,78645,78645,0,51f870b6ddd75e0a7eee439a570efdfd86555c79673a7ccbdd1d58db683c8d9f
739263,rule,123,primary,78645,78645,78645,0,2e524f5965c0ffa6ea5c70e6b0be948d7fcb061d24cb17d446c13b17fd6e9750
739263,rule,2026,primary,78645,78645,78645,0,887c96d0aa4b5af8c969540aa972b60237760b940baf66ba42a6ea68b5828794
739263,rule,3407,primary,78645,78645,78645,0,a8f48ac2351f66a2a7fe8ce8e3360b473bff790728b393d2811a7637fe940d7a
739263,placebo,7,primary,78645,78645,78645,0,a814ec328964ec2910c6e9e4e1b0cc1a0588965a6a4cc09418fc4db123d4eab7
739263,placebo,42,primary,78645,78645,78645,0,51f870b6ddd75e0a7eee439a570efdfd86555c79673a7ccbdd1d58db683c8d9f
739263,placebo,123,primary,78645,78645,78645,0,2e524f5965c0ffa6ea5c70e6b0be948d7fcb061d24cb17d446c13b17fd6e9750
739263,placebo,2026,primary,78645,78645,78645,0,887c96d0aa4b5af8c969540aa972b60237760b940baf66ba42a6ea68b5828794
739263,placebo,3407,primary,78645,78645,78645,0,a8f48ac2351f66a2a7fe8ce8e3360b473bff790728b393d2811a7637fe940d7a
271828,rule,7,bridge_sensitivity,78645,78645,78645,0,a943cc4d219e222bc35d9bac3a12fc002bf73afe3994e37f6cddd5910ba9edb5
271828,rule,42,bridge_sensitivity,78645,78645,78645,0,c8cde376d41ce76b5367dc7b907c42f4010f5831ac2b568b87dec9ea9602bd8e
271828,rule,123,bridge_sensitivity,78645,78645,78645,0,d4cf0a4ad79e8552622211b7dda3eafbcc6364cb4f0d01799f823dfd4787e3d5
271828,rule,2026,bridge_sensitivity,78645,78645,78645,0,0b2a90164505f1757e18c39df0b420aaa0ea41925a6a664f75c3cac4426d8237
271828,rule,3407,bridge_sensitivity,78645,78645,78645,0,da8e4051075fd991b4e6edcf562ba144540be21e6585b7ff939b9798136a1ce2
271828,placebo,7,bridge_sensitivity,78645,78645,78645,0,a943cc4d219e222bc35d9bac3a12fc002bf73afe3994e37f6cddd5910ba9edb5
271828,placebo,42,bridge_sensitivity,78645,78645,78645,0,c8cde376d41ce76b5367dc7b907c42f4010f5831ac2b568b87dec9ea9602bd8e
271828,placebo,123,bridge_sensitivity,78645,78645,78645,0,d4cf0a4ad79e8552622211b7dda3eafbcc6364cb4f0d01799f823dfd4787e3d5
271828,placebo,2026,bridge_sensitivity,78645,78645,78645,0,0b2a90164505f1757e18c39df0b420aaa0ea41925a6a664f75c3cac4426d8237
271828,placebo,3407,bridge_sensitivity,78645,78645,78645,0,da8e4051075fd991b4e6edcf562ba144540be21e6585b7ff939b9798136a1ce2
161803,rule,7,bridge_sensitivity,78645,78645,78645,0,9518b9f8eb75b9439c00b9f218c6adcbc86cca103bcaab865a9895a3c8e1abfa
161803,rule,42,bridge_sensitivity,78645,78645,78645,0,3fc35b55fcfddf4dd35320f1091fb2892ae9a26f4f6f059eadfcb6bea01e243b
161803,rule,123,bridge_sensitivity,78645,78645,78645,0,a2fb3d60668d800bbbb9c4feb25ec55fdf511febdc5d9db241abb42cf0097671
161803,rule,2026,bridge_sensitivity,78645,78645,78645,0,692380c01e48a3d94aa525008bad25e31d60380f809595e4e443049705660e31
161803,rule,3407,bridge_sensitivity,78645,78645,78645,0,a3bd9046c735ebef77c27b8e61dbbd3d4c0154b6d7076935861e5fc3f28d7195
161803,placebo,7,bridge_sensitivity,78645,78645,78645,0,9518b9f8eb75b9439c00b9f218c6adcbc86cca103bcaab865a9895a3c8e1abfa
161803,placebo,42,bridge_sensitivity,78645,78645,78645,0,3fc35b55fcfddf4dd35320f1091fb2892ae9a26f4f6f059eadfcb6bea01e243b
161803,placebo,123,bridge_sensitivity,78645,78645,78645,0,a2fb3d60668d800bbbb9c4feb25ec55fdf511febdc5d9db241abb42cf0097671
161803,placebo,2026,bridge_sensitivity,78645,78645,78645,0,692380c01e48a3d94aa525008bad25e31d60380f809595e4e443049705660e31
161803,placebo,3407,bridge_sensitivity,78645,78645,78645,0,a3bd9046c735ebef77c27b8e61dbbd3d4c0154b6d7076935861e5fc3f28d7195
141421,rule,7,bridge_sensitivity,78645,78645,78645,0,79a30630b984c6b5211c6c7e362f2aa4e0afa3cbb797e28a8c8e1eef695f584c
141421,rule,42,bridge_sensitivity,78645,78645,78645,0,2ef06fe50e8f5b101e120c59ecfaf480754e7d355d69edca49498cd74f3d976f
141421,rule,123,bridge_sensitivity,78645,78645,78645,0,523392e55bb2a615dfe7bec7405046d6c06b9b4cdc11ffa26899b026bf13fa04
141421,rule,2026,bridge_sensitivity,78645,78645,78645,0,08c074f1f1e99d82b75c26cece786e97f95b55dbe80caf4187d147b3ae2e4c40
141421,rule,3407,bridge_sensitivity,78645,78645,78645,0,1115dce14a9030459dd7644f3d762d882ebb787ae22d74a6480b2823748660f1
141421,placebo,7,bridge_sensitivity,78645,78645,78645,0,79a30630b984c6b5211c6c7e362f2aa4e0afa3cbb797e28a8c8e1eef695f584c
141421,placebo,42,bridge_sensitivity,78645,78645,78645,0,2ef06fe50e8f5b101e120c59ecfaf480754e7d355d69edca49498cd74f3d976f
141421,placebo,123,bridge_sensitivity,78645,78645,78645,0,523392e55bb2a615dfe7bec7405046d6c06b9b4cdc11ffa26899b026bf13fa04
141421,placebo,2026,bridge_sensitivity,78645,78645,78645,0,08c074f1f1e99d82b75c26cece786e97f95b55dbe80caf4187d147b3ae2e4c40
141421,placebo,3407,bridge_sensitivity,78645,78645,78645,0,1115dce14a9030459dd7644f3d762d882ebb787ae22d74a6480b2823748660f1
173205,rule,7,bridge_sensitivity,78645,78645,78645,0,0cdd7dd526f6fbd958dc0a383d67eb5333ee60859502079a1426c6d1869942bc
173205,rule,42,bridge_sensitivity,78645,78645,78645,0,f68cf55ca14cbd888e8128995e82906cc57344ff53f8a511d0f9d9646eb30987
173205,rule,123,bridge_sensitivity,78645,78645,78645,0,93106d2a1905dc75e139f457e138799a3c3ef4f3ae3b7dc72f60d9ca82f78809
173205,rule,2026,bridge_sensitivity,78645,78645,78645,0,f00b6fd15a09cd4f2b56f91dd978659642d2cc6255336f9b25dd6572b5e9e718
173205,rule,3407,bridge_sensitivity,78645,78645,78645,0,cd7aec2a87f6b1a4b0e519687e1bf716996d09dd40e170d4ff02b43a051d0aa0
173205,placebo,7,bridge_sensitivity,78645,78645,78645,0,0cdd7dd526f6fbd958dc0a383d67eb5333ee60859502079a1426c6d1869942bc
173205,placebo,42,bridge_sensitivity,78645,78645,78645,0,f68cf55ca14cbd888e8128995e82906cc57344ff53f8a511d0f9d9646eb30987
173205,placebo,123,bridge_sensitivity,78645,78645,78645,0,93106d2a1905dc75e139f457e138799a3c3ef4f3ae3b7dc72f60d9ca82f78809
173205,placebo,2026,bridge_sensitivity,78645,78645,78645,0,f00b6fd15a09cd4f2b56f91dd978659642d2cc6255336f9b25dd6572b5e9e718
173205,placebo,3407,bridge_sensitivity,78645,78645,78645,0,cd7aec2a87f6b1a4b0e519687e1bf716996d09dd40e170d4ff02b43a051d0aa0
