arm,construction_seed,pipeline_seed,role,block_id,n,normal_correct,normal_recall,fpr,checkpoint_sha256
real_bilstm,0,7,shared_reference,block_01,2000,2000,1.0,0.0,456518befeecb453b81e4959736154eedcdaf3f777ea744bfa8d0cb5179cc2c6
real_bilstm,0,7,shared_reference,block_02,2000,2000,1.0,0.0,456518befeecb453b81e4959736154eedcdaf3f777ea744bfa8d0cb5179cc2c6
real_bilstm,0,7,shared_reference,block_03,2000,2000,1.0,0.0,456518befeecb453b81e4959736154eedcdaf3f777ea744bfa8d0cb5179cc2c6
real_bilstm,0,42,shared_reference,block_01,2000,2000,1.0,0.0,d1b9fdea3597fdef32999ad6b76b01f40da4eb7e1512faf9d574c789999eb453
real_bilstm,0,42,shared_reference,block_02,2000,1999,0.9995,0.0004999999999999449,d1b9fdea3597fdef32999ad6b76b01f40da4eb7e1512faf9d574c789999eb453
real_bilstm,0,42,shared_reference,block_03,2000,2000,1.0,0.0,d1b9fdea3597fdef32999ad6b76b01f40da4eb7e1512faf9d574c789999eb453
real_bilstm,0,123,shared_reference,block_01,2000,2000,1.0,0.0,4e615b65930f413def1fe47ff87442315c8f525fb6a180e335624f0d937ef90a
real_bilstm,0,123,shared_reference,block_02,2000,1999,0.9995,0.0004999999999999449,4e615b65930f413def1fe47ff87442315c8f525fb6a180e335624f0d937ef90a
real_bilstm,0,123,shared_reference,block_03,2000,2000,1.0,0.0,4e615b65930f413def1fe47ff87442315c8f525fb6a180e335624f0d937ef90a
real_bilstm,0,2026,shared_reference,block_01,2000,2000,1.0,0.0,3202c7776b595258faba99b5b60e1fe2ab507412a035cfdd86680b5de453c9ab
real_bilstm,0,2026,shared_reference,block_02,2000,2000,1.0,0.0,3202c7776b595258faba99b5b60e1fe2ab507412a035cfdd86680b5de453c9ab
real_bilstm,0,2026,shared_reference,block_03,2000,2000,1.0,0.0,3202c7776b595258faba99b5b60e1fe2ab507412a035cfdd86680b5de453c9ab
real_bilstm,0,3407,shared_reference,block_01,2000,2000,1.0,0.0,0fabb86abcc827a1efe5dc1207ac1d4738f445520ae230d69d4db4ab24643e11
real_bilstm,0,3407,shared_reference,block_02,2000,2000,1.0,0.0,0fabb86abcc827a1efe5dc1207ac1d4738f445520ae230d69d4db4ab24643e11
real_bilstm,0,3407,shared_reference,block_03,2000,2000,1.0,0.0,0fabb86abcc827a1efe5dc1207ac1d4738f445520ae230d69d4db4ab24643e11
rule,415637,7,primary,block_01,2000,2000,1.0,0.0,23d51721c2f3c854ba03ce1ee8fbf738c93d9544e1fe89dac061b2497e01d0ac
rule,415637,7,primary,block_02,2000,1999,0.9995,0.0004999999999999449,23d51721c2f3c854ba03ce1ee8fbf738c93d9544e1fe89dac061b2497e01d0ac
rule,415637,7,primary,block_03,2000,2000,1.0,0.0,23d51721c2f3c854ba03ce1ee8fbf738c93d9544e1fe89dac061b2497e01d0ac
rule,415637,42,primary,block_01,2000,2000,1.0,0.0,85e4101bac6625f0043b0e79f9fd6d73b4dbdc3ff79b35d022b351e58d542262
rule,415637,42,primary,block_02,2000,2000,1.0,0.0,85e4101bac6625f0043b0e79f9fd6d73b4dbdc3ff79b35d022b351e58d542262
rule,415637,42,primary,block_03,2000,1999,0.9995,0.0004999999999999449,85e4101bac6625f0043b0e79f9fd6d73b4dbdc3ff79b35d022b351e58d542262
rule,415637,123,primary,block_01,2000,2000,1.0,0.0,c1a2d4b7839cb849df260a5fbbc034bc6974adb446e5dcaa4093a1210be43b7d
rule,415637,123,primary,block_02,2000,2000,1.0,0.0,c1a2d4b7839cb849df260a5fbbc034bc6974adb446e5dcaa4093a1210be43b7d
rule,415637,123,primary,block_03,2000,2000,1.0,0.0,c1a2d4b7839cb849df260a5fbbc034bc6974adb446e5dcaa4093a1210be43b7d
rule,415637,2026,primary,block_01,2000,2000,1.0,0.0,775e0d79111cc4a02d423bb840179806f852be5f76a1707732c90e6ad05117d3
rule,415637,2026,primary,block_02,2000,2000,1.0,0.0,775e0d79111cc4a02d423bb840179806f852be5f76a1707732c90e6ad05117d3
rule,415637,2026,primary,block_03,2000,2000,1.0,0.0,775e0d79111cc4a02d423bb840179806f852be5f76a1707732c90e6ad05117d3
rule,415637,3407,primary,block_01,2000,2000,1.0,0.0,e566e14d663eaa6307258bbfecaab84276a16d8acbcfbc47b13f4461a6a4d436
rule,415637,3407,primary,block_02,2000,2000,1.0,0.0,e566e14d663eaa6307258bbfecaab84276a16d8acbcfbc47b13f4461a6a4d436
rule,415637,3407,primary,block_03,2000,2000,1.0,0.0,e566e14d663eaa6307258bbfecaab84276a16d8acbcfbc47b13f4461a6a4d436
placebo,415637,7,primary,block_01,2000,2000,1.0,0.0,c9bb4c139a6896afee545ef2cb63013ede4278bf0d41cfe19ce987b5e553d11d
placebo,415637,7,primary,block_02,2000,2000,1.0,0.0,c9bb4c139a6896afee545ef2cb63013ede4278bf0d41cfe19ce987b5e553d11d
placebo,415637,7,primary,block_03,2000,2000,1.0,0.0,c9bb4c139a6896afee545ef2cb63013ede4278bf0d41cfe19ce987b5e553d11d
placebo,415637,42,primary,block_01,2000,2000,1.0,0.0,f2f9d231b2a9ede47d15739f2b9da3955c150ae7e51deb42058a2df827fb22de
placebo,415637,42,primary,block_02,2000,1999,0.9995,0.0004999999999999449,f2f9d231b2a9ede47d15739f2b9da3955c150ae7e51deb42058a2df827fb22de
placebo,415637,42,primary,block_03,2000,2000,1.0,0.0,f2f9d231b2a9ede47d15739f2b9da3955c150ae7e51deb42058a2df827fb22de
placebo,415637,123,primary,block_01,2000,2000,1.0,0.0,2dfc7c1f9dc1c1999d17cb7ab091712c6db9baa35823ab060544b6c3dd69caea
placebo,415637,123,primary,block_02,2000,2000,1.0,0.0,2dfc7c1f9dc1c1999d17cb7ab091712c6db9baa35823ab060544b6c3dd69caea
placebo,415637,123,primary,block_03,2000,2000,1.0,0.0,2dfc7c1f9dc1c1999d17cb7ab091712c6db9baa35823ab060544b6c3dd69caea
placebo,415637,2026,primary,block_01,2000,2000,1.0,0.0,cfd0a61b6e744a14836655ee0a088d53571b8d561ecd25c05a5ac1f8d99184fb
placebo,415637,2026,primary,block_02,2000,1999,0.9995,0.0004999999999999449,cfd0a61b6e744a14836655ee0a088d53571b8d561ecd25c05a5ac1f8d99184fb
placebo,415637,2026,primary,block_03,2000,2000,1.0,0.0,cfd0a61b6e744a14836655ee0a088d53571b8d561ecd25c05a5ac1f8d99184fb
placebo,415637,3407,primary,block_01,2000,2000,1.0,0.0,097c76ea9aa8daced05a761e150849dc862233dff384288dbd1f8433e276715b
placebo,415637,3407,primary,block_02,2000,2000,1.0,0.0,097c76ea9aa8daced05a761e150849dc862233dff384288dbd1f8433e276715b
placebo,415637,3407,primary,block_03,2000,2000,1.0,0.0,097c76ea9aa8daced05a761e150849dc862233dff384288dbd1f8433e276715b
rule,748203,7,primary,block_01,2000,2000,1.0,0.0,9887f24621cf535ea4ec837b4262c0152a45b548d91627e0cdc6eeec356d1876
rule,748203,7,primary,block_02,2000,1999,0.9995,0.0004999999999999449,9887f24621cf535ea4ec837b4262c0152a45b548d91627e0cdc6eeec356d1876
rule,748203,7,primary,block_03,2000,2000,1.0,0.0,9887f24621cf535ea4ec837b4262c0152a45b548d91627e0cdc6eeec356d1876
rule,748203,42,primary,block_01,2000,2000,1.0,0.0,1c1fa255bf159893db27b9d717effd665fb36e44ad7acb775197e398777cc380
rule,748203,42,primary,block_02,2000,2000,1.0,0.0,1c1fa255bf159893db27b9d717effd665fb36e44ad7acb775197e398777cc380
rule,748203,42,primary,block_03,2000,2000,1.0,0.0,1c1fa255bf159893db27b9d717effd665fb36e44ad7acb775197e398777cc380
rule,748203,123,primary,block_01,2000,2000,1.0,0.0,9b4882221da77964ecda88c3013b16be2c8135ce114f2827fb38e9a9ebbdf9f7
rule,748203,123,primary,block_02,2000,2000,1.0,0.0,9b4882221da77964ecda88c3013b16be2c8135ce114f2827fb38e9a9ebbdf9f7
rule,748203,123,primary,block_03,2000,2000,1.0,0.0,9b4882221da77964ecda88c3013b16be2c8135ce114f2827fb38e9a9ebbdf9f7
rule,748203,2026,primary,block_01,2000,1999,0.9995,0.0004999999999999449,10812dfcfd9e7ce705abd0b912daf215a5b750ed497311f34c8d2b8bd6148609
rule,748203,2026,primary,block_02,2000,2000,1.0,0.0,10812dfcfd9e7ce705abd0b912daf215a5b750ed497311f34c8d2b8bd6148609
rule,748203,2026,primary,block_03,2000,2000,1.0,0.0,10812dfcfd9e7ce705abd0b912daf215a5b750ed497311f34c8d2b8bd6148609
rule,748203,3407,primary,block_01,2000,2000,1.0,0.0,79b600b5624304de15f5336d3be78ccc49d4c69ee12511f1344b21cb9ebbdf7a
rule,748203,3407,primary,block_02,2000,2000,1.0,0.0,79b600b5624304de15f5336d3be78ccc49d4c69ee12511f1344b21cb9ebbdf7a
rule,748203,3407,primary,block_03,2000,2000,1.0,0.0,79b600b5624304de15f5336d3be78ccc49d4c69ee12511f1344b21cb9ebbdf7a
placebo,748203,7,primary,block_01,2000,2000,1.0,0.0,39737e856acdefc4eeb7ed1d99ccb39968c895165e83d7a8256cab0b339308d2
placebo,748203,7,primary,block_02,2000,1999,0.9995,0.0004999999999999449,39737e856acdefc4eeb7ed1d99ccb39968c895165e83d7a8256cab0b339308d2
placebo,748203,7,primary,block_03,2000,2000,1.0,0.0,39737e856acdefc4eeb7ed1d99ccb39968c895165e83d7a8256cab0b339308d2
placebo,748203,42,primary,block_01,2000,2000,1.0,0.0,0a554a45934285f8ca520b23d3e3fed26cf7e0d2c939b236864988cf618e98fb
placebo,748203,42,primary,block_02,2000,2000,1.0,0.0,0a554a45934285f8ca520b23d3e3fed26cf7e0d2c939b236864988cf618e98fb
placebo,748203,42,primary,block_03,2000,2000,1.0,0.0,0a554a45934285f8ca520b23d3e3fed26cf7e0d2c939b236864988cf618e98fb
placebo,748203,123,primary,block_01,2000,2000,1.0,0.0,8b7062cd428b1dc685462542325557ec6f35282f6833b0653b242aadfe37136a
placebo,748203,123,primary,block_02,2000,2000,1.0,0.0,8b7062cd428b1dc685462542325557ec6f35282f6833b0653b242aadfe37136a
placebo,748203,123,primary,block_03,2000,2000,1.0,0.0,8b7062cd428b1dc685462542325557ec6f35282f6833b0653b242aadfe37136a
placebo,748203,2026,primary,block_01,2000,2000,1.0,0.0,40dd026a15dda612e296372dbe4356b25b25bb6041d9353988e3454c64442eed
placebo,748203,2026,primary,block_02,2000,2000,1.0,0.0,40dd026a15dda612e296372dbe4356b25b25bb6041d9353988e3454c64442eed
placebo,748203,2026,primary,block_03,2000,1999,0.9995,0.0004999999999999449,40dd026a15dda612e296372dbe4356b25b25bb6041d9353988e3454c64442eed
placebo,748203,3407,primary,block_01,2000,2000,1.0,0.0,fd9787d3cbdff3c414e355f67c7274ef0d963dd256b15dbf58209e35c4fb81f4
placebo,748203,3407,primary,block_02,2000,2000,1.0,0.0,fd9787d3cbdff3c414e355f67c7274ef0d963dd256b15dbf58209e35c4fb81f4
placebo,748203,3407,primary,block_03,2000,2000,1.0,0.0,fd9787d3cbdff3c414e355f67c7274ef0d963dd256b15dbf58209e35c4fb81f4
rule,560657,7,primary,block_01,2000,2000,1.0,0.0,db46398a268284520aa4a9a952c77895822dddb3083d6a56e9ed9464cf3709ef
rule,560657,7,primary,block_02,2000,2000,1.0,0.0,db46398a268284520aa4a9a952c77895822dddb3083d6a56e9ed9464cf3709ef
rule,560657,7,primary,block_03,2000,2000,1.0,0.0,db46398a268284520aa4a9a952c77895822dddb3083d6a56e9ed9464cf3709ef
rule,560657,42,primary,block_01,2000,2000,1.0,0.0,0acb717297d194883feac289734bbfb695ff5b71a6e783d45db9af6cb6bdd434
rule,560657,42,primary,block_02,2000,2000,1.0,0.0,0acb717297d194883feac289734bbfb695ff5b71a6e783d45db9af6cb6bdd434
rule,560657,42,primary,block_03,2000,2000,1.0,0.0,0acb717297d194883feac289734bbfb695ff5b71a6e783d45db9af6cb6bdd434
rule,560657,123,primary,block_01,2000,2000,1.0,0.0,d3a91aabef0163c59e39b726f6d52d05bf3f2a2287a35b7dd2981703013ce4b0
rule,560657,123,primary,block_02,2000,2000,1.0,0.0,d3a91aabef0163c59e39b726f6d52d05bf3f2a2287a35b7dd2981703013ce4b0
rule,560657,123,primary,block_03,2000,2000,1.0,0.0,d3a91aabef0163c59e39b726f6d52d05bf3f2a2287a35b7dd2981703013ce4b0
rule,560657,2026,primary,block_01,2000,2000,1.0,0.0,e1c767167ebc4aaca1361130b153e3a6e0a90eca7d50add6f74fb7563f2bf687
rule,560657,2026,primary,block_02,2000,2000,1.0,0.0,e1c767167ebc4aaca1361130b153e3a6e0a90eca7d50add6f74fb7563f2bf687
rule,560657,2026,primary,block_03,2000,2000,1.0,0.0,e1c767167ebc4aaca1361130b153e3a6e0a90eca7d50add6f74fb7563f2bf687
rule,560657,3407,primary,block_01,2000,2000,1.0,0.0,3cb69b6dd44851ce8bc6a9c9d81a4582c055a786d909bafbddfa1e93da431f51
rule,560657,3407,primary,block_02,2000,2000,1.0,0.0,3cb69b6dd44851ce8bc6a9c9d81a4582c055a786d909bafbddfa1e93da431f51
rule,560657,3407,primary,block_03,2000,2000,1.0,0.0,3cb69b6dd44851ce8bc6a9c9d81a4582c055a786d909bafbddfa1e93da431f51
placebo,560657,7,primary,block_01,2000,2000,1.0,0.0,102b7e19254ecfc06479031ddccfe9861e36df723d6743a9b3cb2a2ed62ff7de
placebo,560657,7,primary,block_02,2000,1998,0.999,0.0010000000000000009,102b7e19254ecfc06479031ddccfe9861e36df723d6743a9b3cb2a2ed62ff7de
placebo,560657,7,primary,block_03,2000,2000,1.0,0.0,102b7e19254ecfc06479031ddccfe9861e36df723d6743a9b3cb2a2ed62ff7de
placebo,560657,42,primary,block_01,2000,2000,1.0,0.0,5b072e8d2c84af92936fb14385fda9461d7b651418a5dad140e3f4ec1dd10526
placebo,560657,42,primary,block_02,2000,2000,1.0,0.0,5b072e8d2c84af92936fb14385fda9461d7b651418a5dad140e3f4ec1dd10526
placebo,560657,42,primary,block_03,2000,1999,0.9995,0.0004999999999999449,5b072e8d2c84af92936fb14385fda9461d7b651418a5dad140e3f4ec1dd10526
placebo,560657,123,primary,block_01,2000,2000,1.0,0.0,d2f71e1acbe2a24bb469a2dcb2b563dafe9e07bebd440aa5962306ba18a53817
placebo,560657,123,primary,block_02,2000,2000,1.0,0.0,d2f71e1acbe2a24bb469a2dcb2b563dafe9e07bebd440aa5962306ba18a53817
placebo,560657,123,primary,block_03,2000,2000,1.0,0.0,d2f71e1acbe2a24bb469a2dcb2b563dafe9e07bebd440aa5962306ba18a53817
placebo,560657,2026,primary,block_01,2000,2000,1.0,0.0,ed4bb50e1fb7c8adc0e731dcb5fa4ed08d7855cf40374657c116c9ad3f1a6eb3
placebo,560657,2026,primary,block_02,2000,2000,1.0,0.0,ed4bb50e1fb7c8adc0e731dcb5fa4ed08d7855cf40374657c116c9ad3f1a6eb3
placebo,560657,2026,primary,block_03,2000,2000,1.0,0.0,ed4bb50e1fb7c8adc0e731dcb5fa4ed08d7855cf40374657c116c9ad3f1a6eb3
placebo,560657,3407,primary,block_01,2000,2000,1.0,0.0,3470eeee686e5144be727475599296929e9791c42daf5dfa041383235dd38313
placebo,560657,3407,primary,block_02,2000,2000,1.0,0.0,3470eeee686e5144be727475599296929e9791c42daf5dfa041383235dd38313
placebo,560657,3407,primary,block_03,2000,2000,1.0,0.0,3470eeee686e5144be727475599296929e9791c42daf5dfa041383235dd38313
rule,459336,7,primary,block_01,2000,2000,1.0,0.0,c890087d2c0ef9a831f409a48104928766b5741f0e915450fe103d80223ce52b
rule,459336,7,primary,block_02,2000,2000,1.0,0.0,c890087d2c0ef9a831f409a48104928766b5741f0e915450fe103d80223ce52b
rule,459336,7,primary,block_03,2000,2000,1.0,0.0,c890087d2c0ef9a831f409a48104928766b5741f0e915450fe103d80223ce52b
rule,459336,42,primary,block_01,2000,2000,1.0,0.0,2c64716ae2582351563de944046c46f5da31df2e48ea811d0615decd253c968b
rule,459336,42,primary,block_02,2000,2000,1.0,0.0,2c64716ae2582351563de944046c46f5da31df2e48ea811d0615decd253c968b
rule,459336,42,primary,block_03,2000,2000,1.0,0.0,2c64716ae2582351563de944046c46f5da31df2e48ea811d0615decd253c968b
rule,459336,123,primary,block_01,2000,2000,1.0,0.0,a11f15c4cebf19ebee197c6b681e9d31d3f42895302879ed86201a12d6497373
rule,459336,123,primary,block_02,2000,2000,1.0,0.0,a11f15c4cebf19ebee197c6b681e9d31d3f42895302879ed86201a12d6497373
rule,459336,123,primary,block_03,2000,2000,1.0,0.0,a11f15c4cebf19ebee197c6b681e9d31d3f42895302879ed86201a12d6497373
rule,459336,2026,primary,block_01,2000,2000,1.0,0.0,4b52b3aeb17414052e15213666cd34572ce90628c0f549ed4836bb803606ee73
rule,459336,2026,primary,block_02,2000,2000,1.0,0.0,4b52b3aeb17414052e15213666cd34572ce90628c0f549ed4836bb803606ee73
rule,459336,2026,primary,block_03,2000,2000,1.0,0.0,4b52b3aeb17414052e15213666cd34572ce90628c0f549ed4836bb803606ee73
rule,459336,3407,primary,block_01,2000,2000,1.0,0.0,784ff1d4ccfb780a5d339d0d64c91f4e7e1f2456b4540f864829f4c5b5ca44f4
rule,459336,3407,primary,block_02,2000,2000,1.0,0.0,784ff1d4ccfb780a5d339d0d64c91f4e7e1f2456b4540f864829f4c5b5ca44f4
rule,459336,3407,primary,block_03,2000,2000,1.0,0.0,784ff1d4ccfb780a5d339d0d64c91f4e7e1f2456b4540f864829f4c5b5ca44f4
placebo,459336,7,primary,block_01,2000,2000,1.0,0.0,09def6525ac34a033a42f4113705940a19c1a8f4985e6c2a0b69106b1b19871f
placebo,459336,7,primary,block_02,2000,1999,0.9995,0.0004999999999999449,09def6525ac34a033a42f4113705940a19c1a8f4985e6c2a0b69106b1b19871f
placebo,459336,7,primary,block_03,2000,2000,1.0,0.0,09def6525ac34a033a42f4113705940a19c1a8f4985e6c2a0b69106b1b19871f
placebo,459336,42,primary,block_01,2000,2000,1.0,0.0,94f905531655870d2e0e2b38d25485ac2171fd480a55343258042ad5e2ad6ed5
placebo,459336,42,primary,block_02,2000,2000,1.0,0.0,94f905531655870d2e0e2b38d25485ac2171fd480a55343258042ad5e2ad6ed5
placebo,459336,42,primary,block_03,2000,2000,1.0,0.0,94f905531655870d2e0e2b38d25485ac2171fd480a55343258042ad5e2ad6ed5
placebo,459336,123,primary,block_01,2000,2000,1.0,0.0,0a33687ae49d1cf1fc45320197bd06d7ef261daa054f7e3ef51d8e3b38a4ee0f
placebo,459336,123,primary,block_02,2000,2000,1.0,0.0,0a33687ae49d1cf1fc45320197bd06d7ef261daa054f7e3ef51d8e3b38a4ee0f
placebo,459336,123,primary,block_03,2000,2000,1.0,0.0,0a33687ae49d1cf1fc45320197bd06d7ef261daa054f7e3ef51d8e3b38a4ee0f
placebo,459336,2026,primary,block_01,2000,2000,1.0,0.0,2ceacb203a79314b55db162c5ce2829f434357db71bbf47ad6e4a50ea1900ca7
placebo,459336,2026,primary,block_02,2000,1999,0.9995,0.0004999999999999449,2ceacb203a79314b55db162c5ce2829f434357db71bbf47ad6e4a50ea1900ca7
placebo,459336,2026,primary,block_03,2000,2000,1.0,0.0,2ceacb203a79314b55db162c5ce2829f434357db71bbf47ad6e4a50ea1900ca7
placebo,459336,3407,primary,block_01,2000,2000,1.0,0.0,a467cf5d6e6e566b860fb96888ce7146d62a972a4871c8e9d8c1f7eb67692a83
placebo,459336,3407,primary,block_02,2000,2000,1.0,0.0,a467cf5d6e6e566b860fb96888ce7146d62a972a4871c8e9d8c1f7eb67692a83
placebo,459336,3407,primary,block_03,2000,2000,1.0,0.0,a467cf5d6e6e566b860fb96888ce7146d62a972a4871c8e9d8c1f7eb67692a83
rule,457191,7,primary,block_01,2000,2000,1.0,0.0,93d6f00e2b80d959e4eee18c050abab795e34230c76c2fad3ca2b50cc00b2ae3
rule,457191,7,primary,block_02,2000,1998,0.999,0.0010000000000000009,93d6f00e2b80d959e4eee18c050abab795e34230c76c2fad3ca2b50cc00b2ae3
rule,457191,7,primary,block_03,2000,2000,1.0,0.0,93d6f00e2b80d959e4eee18c050abab795e34230c76c2fad3ca2b50cc00b2ae3
rule,457191,42,primary,block_01,2000,2000,1.0,0.0,f7a4c771f8c1f09281f5c6a60d9e68679e638b3159f304579eadffc2bfc05708
rule,457191,42,primary,block_02,2000,1998,0.999,0.0010000000000000009,f7a4c771f8c1f09281f5c6a60d9e68679e638b3159f304579eadffc2bfc05708
rule,457191,42,primary,block_03,2000,2000,1.0,0.0,f7a4c771f8c1f09281f5c6a60d9e68679e638b3159f304579eadffc2bfc05708
rule,457191,123,primary,block_01,2000,2000,1.0,0.0,b2cbe5ac1a35cb2c2695a73c6ef9780199a88e8b1b7cffc0ee09c0cd3d1e63bf
rule,457191,123,primary,block_02,2000,2000,1.0,0.0,b2cbe5ac1a35cb2c2695a73c6ef9780199a88e8b1b7cffc0ee09c0cd3d1e63bf
rule,457191,123,primary,block_03,2000,2000,1.0,0.0,b2cbe5ac1a35cb2c2695a73c6ef9780199a88e8b1b7cffc0ee09c0cd3d1e63bf
rule,457191,2026,primary,block_01,2000,2000,1.0,0.0,e00011430ea980a47ab539f9a4e422a0fa84dc5c2420d580e26522151fe8f5c2
rule,457191,2026,primary,block_02,2000,1998,0.999,0.0010000000000000009,e00011430ea980a47ab539f9a4e422a0fa84dc5c2420d580e26522151fe8f5c2
rule,457191,2026,primary,block_03,2000,1999,0.9995,0.0004999999999999449,e00011430ea980a47ab539f9a4e422a0fa84dc5c2420d580e26522151fe8f5c2
rule,457191,3407,primary,block_01,2000,2000,1.0,0.0,0496551615c9f00ccb8f909c05b24bd1b680c9d2b1a87e38b7502a5867791dc6
rule,457191,3407,primary,block_02,2000,2000,1.0,0.0,0496551615c9f00ccb8f909c05b24bd1b680c9d2b1a87e38b7502a5867791dc6
rule,457191,3407,primary,block_03,2000,2000,1.0,0.0,0496551615c9f00ccb8f909c05b24bd1b680c9d2b1a87e38b7502a5867791dc6
placebo,457191,7,primary,block_01,2000,2000,1.0,0.0,6d9408f19b0ed851444351be244a3c2394787d26eb8beb8ebf35d384f7f104e6
placebo,457191,7,primary,block_02,2000,1999,0.9995,0.0004999999999999449,6d9408f19b0ed851444351be244a3c2394787d26eb8beb8ebf35d384f7f104e6
placebo,457191,7,primary,block_03,2000,2000,1.0,0.0,6d9408f19b0ed851444351be244a3c2394787d26eb8beb8ebf35d384f7f104e6
placebo,457191,42,primary,block_01,2000,2000,1.0,0.0,fd0c760afc0daee1e2cf0935533a27bdfdb70929e6d08360d750b3002fec04c0
placebo,457191,42,primary,block_02,2000,1998,0.999,0.0010000000000000009,fd0c760afc0daee1e2cf0935533a27bdfdb70929e6d08360d750b3002fec04c0
placebo,457191,42,primary,block_03,2000,2000,1.0,0.0,fd0c760afc0daee1e2cf0935533a27bdfdb70929e6d08360d750b3002fec04c0
placebo,457191,123,primary,block_01,2000,2000,1.0,0.0,00392079eec5c2d8c1029900bab5a3fcd91d9c91e9a8525d15d45db632aaed0c
placebo,457191,123,primary,block_02,2000,1999,0.9995,0.0004999999999999449,00392079eec5c2d8c1029900bab5a3fcd91d9c91e9a8525d15d45db632aaed0c
placebo,457191,123,primary,block_03,2000,2000,1.0,0.0,00392079eec5c2d8c1029900bab5a3fcd91d9c91e9a8525d15d45db632aaed0c
placebo,457191,2026,primary,block_01,2000,2000,1.0,0.0,38804c0aa443d6513cdb72e3c53f16f98db770388f1a9950dbf2e5d468a5a41c
placebo,457191,2026,primary,block_02,2000,1998,0.999,0.0010000000000000009,38804c0aa443d6513cdb72e3c53f16f98db770388f1a9950dbf2e5d468a5a41c
placebo,457191,2026,primary,block_03,2000,2000,1.0,0.0,38804c0aa443d6513cdb72e3c53f16f98db770388f1a9950dbf2e5d468a5a41c
placebo,457191,3407,primary,block_01,2000,2000,1.0,0.0,79eee971d0525c8d9ef1475e1cc61f7965d3a011801e3ccf7cc4a7345fa0110e
placebo,457191,3407,primary,block_02,2000,2000,1.0,0.0,79eee971d0525c8d9ef1475e1cc61f7965d3a011801e3ccf7cc4a7345fa0110e
placebo,457191,3407,primary,block_03,2000,2000,1.0,0.0,79eee971d0525c8d9ef1475e1cc61f7965d3a011801e3ccf7cc4a7345fa0110e
rule,999191,7,primary,block_01,2000,2000,1.0,0.0,ce12ce8742223b06a708001bb6bd6d1a9555894a7c5fe19ce38d3d0f278d6ca8
rule,999191,7,primary,block_02,2000,2000,1.0,0.0,ce12ce8742223b06a708001bb6bd6d1a9555894a7c5fe19ce38d3d0f278d6ca8
rule,999191,7,primary,block_03,2000,2000,1.0,0.0,ce12ce8742223b06a708001bb6bd6d1a9555894a7c5fe19ce38d3d0f278d6ca8
rule,999191,42,primary,block_01,2000,1999,0.9995,0.0004999999999999449,964bfcaf6842ff08f25fe3d042fd26fb2ce4515462c838ace1368fe0c47f3c39
rule,999191,42,primary,block_02,2000,1999,0.9995,0.0004999999999999449,964bfcaf6842ff08f25fe3d042fd26fb2ce4515462c838ace1368fe0c47f3c39
rule,999191,42,primary,block_03,2000,1999,0.9995,0.0004999999999999449,964bfcaf6842ff08f25fe3d042fd26fb2ce4515462c838ace1368fe0c47f3c39
rule,999191,123,primary,block_01,2000,2000,1.0,0.0,b86024e472364dc70083d6b97200a2a83170d35c9b0d1a29e4ba76dd948c37d1
rule,999191,123,primary,block_02,2000,2000,1.0,0.0,b86024e472364dc70083d6b97200a2a83170d35c9b0d1a29e4ba76dd948c37d1
rule,999191,123,primary,block_03,2000,2000,1.0,0.0,b86024e472364dc70083d6b97200a2a83170d35c9b0d1a29e4ba76dd948c37d1
rule,999191,2026,primary,block_01,2000,2000,1.0,0.0,76b700f4cc3e1edffc6ba2b74388ca4216c474d721322155615ea71b62c6138a
rule,999191,2026,primary,block_02,2000,1999,0.9995,0.0004999999999999449,76b700f4cc3e1edffc6ba2b74388ca4216c474d721322155615ea71b62c6138a
rule,999191,2026,primary,block_03,2000,2000,1.0,0.0,76b700f4cc3e1edffc6ba2b74388ca4216c474d721322155615ea71b62c6138a
rule,999191,3407,primary,block_01,2000,2000,1.0,0.0,94f29ea17a3c222d6d14d22f06898f525bfd990bca9d68ed58d807847905a5f5
rule,999191,3407,primary,block_02,2000,2000,1.0,0.0,94f29ea17a3c222d6d14d22f06898f525bfd990bca9d68ed58d807847905a5f5
rule,999191,3407,primary,block_03,2000,2000,1.0,0.0,94f29ea17a3c222d6d14d22f06898f525bfd990bca9d68ed58d807847905a5f5
placebo,999191,7,primary,block_01,2000,2000,1.0,0.0,f40e0bcdca816adfd495905cd97e100d33612f5efb19a10345d4460a3ee25e77
placebo,999191,7,primary,block_02,2000,2000,1.0,0.0,f40e0bcdca816adfd495905cd97e100d33612f5efb19a10345d4460a3ee25e77
placebo,999191,7,primary,block_03,2000,2000,1.0,0.0,f40e0bcdca816adfd495905cd97e100d33612f5efb19a10345d4460a3ee25e77
placebo,999191,42,primary,block_01,2000,2000,1.0,0.0,48bfdcb0c842357bf620285b49a19bacd7995f2d565ea7d3e19f70faed2878f9
placebo,999191,42,primary,block_02,2000,1998,0.999,0.0010000000000000009,48bfdcb0c842357bf620285b49a19bacd7995f2d565ea7d3e19f70faed2878f9
placebo,999191,42,primary,block_03,2000,2000,1.0,0.0,48bfdcb0c842357bf620285b49a19bacd7995f2d565ea7d3e19f70faed2878f9
placebo,999191,123,primary,block_01,2000,2000,1.0,0.0,fee15f9495152d3515794a1f56a00e57086fd0c1bb38f1f44937082d166e37a5
placebo,999191,123,primary,block_02,2000,1998,0.999,0.0010000000000000009,fee15f9495152d3515794a1f56a00e57086fd0c1bb38f1f44937082d166e37a5
placebo,999191,123,primary,block_03,2000,1999,0.9995,0.0004999999999999449,fee15f9495152d3515794a1f56a00e57086fd0c1bb38f1f44937082d166e37a5
placebo,999191,2026,primary,block_01,2000,2000,1.0,0.0,19d1c102d6e4f20490461df8ea4eb8cc0680c945ac0f7454b0639ccc9203e43e
placebo,999191,2026,primary,block_02,2000,1999,0.9995,0.0004999999999999449,19d1c102d6e4f20490461df8ea4eb8cc0680c945ac0f7454b0639ccc9203e43e
placebo,999191,2026,primary,block_03,2000,2000,1.0,0.0,19d1c102d6e4f20490461df8ea4eb8cc0680c945ac0f7454b0639ccc9203e43e
placebo,999191,3407,primary,block_01,2000,2000,1.0,0.0,586c52d91f8b627a1f2bd227b15249b3e7c2863523876500d95bb19a2b7bcf75
placebo,999191,3407,primary,block_02,2000,2000,1.0,0.0,586c52d91f8b627a1f2bd227b15249b3e7c2863523876500d95bb19a2b7bcf75
placebo,999191,3407,primary,block_03,2000,2000,1.0,0.0,586c52d91f8b627a1f2bd227b15249b3e7c2863523876500d95bb19a2b7bcf75
rule,715822,7,primary,block_01,2000,2000,1.0,0.0,04d40866572416a6b31c7ebcfce84ff7a69c68d0d7164aed60ac5b5df3d49d27
rule,715822,7,primary,block_02,2000,2000,1.0,0.0,04d40866572416a6b31c7ebcfce84ff7a69c68d0d7164aed60ac5b5df3d49d27
rule,715822,7,primary,block_03,2000,2000,1.0,0.0,04d40866572416a6b31c7ebcfce84ff7a69c68d0d7164aed60ac5b5df3d49d27
rule,715822,42,primary,block_01,2000,2000,1.0,0.0,f29bbb0dfba5a24011ec7bb60baa7fc226984e976e1e9c4717887d32f913e27b
rule,715822,42,primary,block_02,2000,2000,1.0,0.0,f29bbb0dfba5a24011ec7bb60baa7fc226984e976e1e9c4717887d32f913e27b
rule,715822,42,primary,block_03,2000,2000,1.0,0.0,f29bbb0dfba5a24011ec7bb60baa7fc226984e976e1e9c4717887d32f913e27b
rule,715822,123,primary,block_01,2000,2000,1.0,0.0,c08f66c9e321877f5780a60e37b188daf45e5a8acac7d13f850f4726e2d615f2
rule,715822,123,primary,block_02,2000,1999,0.9995,0.0004999999999999449,c08f66c9e321877f5780a60e37b188daf45e5a8acac7d13f850f4726e2d615f2
rule,715822,123,primary,block_03,2000,2000,1.0,0.0,c08f66c9e321877f5780a60e37b188daf45e5a8acac7d13f850f4726e2d615f2
rule,715822,2026,primary,block_01,2000,2000,1.0,0.0,84ae9fd6f8b045b9326f338e1d5991f223de5a772e9e0b1d90249614a2ce0ce5
rule,715822,2026,primary,block_02,2000,2000,1.0,0.0,84ae9fd6f8b045b9326f338e1d5991f223de5a772e9e0b1d90249614a2ce0ce5
rule,715822,2026,primary,block_03,2000,2000,1.0,0.0,84ae9fd6f8b045b9326f338e1d5991f223de5a772e9e0b1d90249614a2ce0ce5
rule,715822,3407,primary,block_01,2000,2000,1.0,0.0,0ca54701d1995e1fea11e7583d0ab5059406e2c2da14b9bfcd8201de63f2c7de
rule,715822,3407,primary,block_02,2000,2000,1.0,0.0,0ca54701d1995e1fea11e7583d0ab5059406e2c2da14b9bfcd8201de63f2c7de
rule,715822,3407,primary,block_03,2000,2000,1.0,0.0,0ca54701d1995e1fea11e7583d0ab5059406e2c2da14b9bfcd8201de63f2c7de
placebo,715822,7,primary,block_01,2000,2000,1.0,0.0,bdc15ed371802ac4969a6d9f6bea764a472b4318aa991b7e347ec894362dc2d9
placebo,715822,7,primary,block_02,2000,1997,0.9985,0.0014999999999999458,bdc15ed371802ac4969a6d9f6bea764a472b4318aa991b7e347ec894362dc2d9
placebo,715822,7,primary,block_03,2000,2000,1.0,0.0,bdc15ed371802ac4969a6d9f6bea764a472b4318aa991b7e347ec894362dc2d9
placebo,715822,42,primary,block_01,2000,2000,1.0,0.0,db885673ec01c06df32a14237bea19f7b36bf791d071f52bcc8e19f4367237cd
placebo,715822,42,primary,block_02,2000,1999,0.9995,0.0004999999999999449,db885673ec01c06df32a14237bea19f7b36bf791d071f52bcc8e19f4367237cd
placebo,715822,42,primary,block_03,2000,2000,1.0,0.0,db885673ec01c06df32a14237bea19f7b36bf791d071f52bcc8e19f4367237cd
placebo,715822,123,primary,block_01,2000,2000,1.0,0.0,0616237aad9d2690d146fa540841d8d6ae6b206b1453ff29dcf36b067534b489
placebo,715822,123,primary,block_02,2000,2000,1.0,0.0,0616237aad9d2690d146fa540841d8d6ae6b206b1453ff29dcf36b067534b489
placebo,715822,123,primary,block_03,2000,2000,1.0,0.0,0616237aad9d2690d146fa540841d8d6ae6b206b1453ff29dcf36b067534b489
placebo,715822,2026,primary,block_01,2000,2000,1.0,0.0,9fd18d894cefdb22f33e79b2fddb5e4f70477ce1f7f8fc0ac3689fb6b0e86108
placebo,715822,2026,primary,block_02,2000,2000,1.0,0.0,9fd18d894cefdb22f33e79b2fddb5e4f70477ce1f7f8fc0ac3689fb6b0e86108
placebo,715822,2026,primary,block_03,2000,2000,1.0,0.0,9fd18d894cefdb22f33e79b2fddb5e4f70477ce1f7f8fc0ac3689fb6b0e86108
placebo,715822,3407,primary,block_01,2000,2000,1.0,0.0,f7d43896f523da5f17902a0cc8c2fc1ecb44745bc309c004e78fb58222d844ca
placebo,715822,3407,primary,block_02,2000,2000,1.0,0.0,f7d43896f523da5f17902a0cc8c2fc1ecb44745bc309c004e78fb58222d844ca
placebo,715822,3407,primary,block_03,2000,2000,1.0,0.0,f7d43896f523da5f17902a0cc8c2fc1ecb44745bc309c004e78fb58222d844ca
rule,298581,7,primary,block_01,2000,2000,1.0,0.0,9293b417253c613be4243cdd7ced92456a65903ffd4680680041d2983a2aa937
rule,298581,7,primary,block_02,2000,2000,1.0,0.0,9293b417253c613be4243cdd7ced92456a65903ffd4680680041d2983a2aa937
rule,298581,7,primary,block_03,2000,1999,0.9995,0.0004999999999999449,9293b417253c613be4243cdd7ced92456a65903ffd4680680041d2983a2aa937
rule,298581,42,primary,block_01,2000,2000,1.0,0.0,0d8a3669a5bc7d910bd2eec3ab2294c5f1c7a795c2a2be404afd52f679542eb7
rule,298581,42,primary,block_02,2000,2000,1.0,0.0,0d8a3669a5bc7d910bd2eec3ab2294c5f1c7a795c2a2be404afd52f679542eb7
rule,298581,42,primary,block_03,2000,2000,1.0,0.0,0d8a3669a5bc7d910bd2eec3ab2294c5f1c7a795c2a2be404afd52f679542eb7
rule,298581,123,primary,block_01,2000,2000,1.0,0.0,765b78f63056e5d31e98a8780ba7b50b1a99d87ae283da7296e2e040497ab373
rule,298581,123,primary,block_02,2000,1999,0.9995,0.0004999999999999449,765b78f63056e5d31e98a8780ba7b50b1a99d87ae283da7296e2e040497ab373
rule,298581,123,primary,block_03,2000,2000,1.0,0.0,765b78f63056e5d31e98a8780ba7b50b1a99d87ae283da7296e2e040497ab373
rule,298581,2026,primary,block_01,2000,2000,1.0,0.0,dbf86a628d7da3fbaf60317056bbae4449208e37254dfded117042594dfbe382
rule,298581,2026,primary,block_02,2000,1999,0.9995,0.0004999999999999449,dbf86a628d7da3fbaf60317056bbae4449208e37254dfded117042594dfbe382
rule,298581,2026,primary,block_03,2000,2000,1.0,0.0,dbf86a628d7da3fbaf60317056bbae4449208e37254dfded117042594dfbe382
rule,298581,3407,primary,block_01,2000,2000,1.0,0.0,edc27d605e67a25c51c7893ea856534694e5051dbc888dc588fe9b66426f3b57
rule,298581,3407,primary,block_02,2000,2000,1.0,0.0,edc27d605e67a25c51c7893ea856534694e5051dbc888dc588fe9b66426f3b57
rule,298581,3407,primary,block_03,2000,2000,1.0,0.0,edc27d605e67a25c51c7893ea856534694e5051dbc888dc588fe9b66426f3b57
placebo,298581,7,primary,block_01,2000,2000,1.0,0.0,bb1037f691690b29420caf1085695dc1159d2bf5a426f8bae7433bfa36025667
placebo,298581,7,primary,block_02,2000,2000,1.0,0.0,bb1037f691690b29420caf1085695dc1159d2bf5a426f8bae7433bfa36025667
placebo,298581,7,primary,block_03,2000,2000,1.0,0.0,bb1037f691690b29420caf1085695dc1159d2bf5a426f8bae7433bfa36025667
placebo,298581,42,primary,block_01,2000,2000,1.0,0.0,b62ddef3fe0f1e9d276e6640886a709a1b5b7af365036ee7342dae08c4dc9021
placebo,298581,42,primary,block_02,2000,2000,1.0,0.0,b62ddef3fe0f1e9d276e6640886a709a1b5b7af365036ee7342dae08c4dc9021
placebo,298581,42,primary,block_03,2000,2000,1.0,0.0,b62ddef3fe0f1e9d276e6640886a709a1b5b7af365036ee7342dae08c4dc9021
placebo,298581,123,primary,block_01,2000,2000,1.0,0.0,69908c9b1f41ecdf0338a7e6ddb50c498c62f7c8804d47a8b2718bc0a723bb52
placebo,298581,123,primary,block_02,2000,1999,0.9995,0.0004999999999999449,69908c9b1f41ecdf0338a7e6ddb50c498c62f7c8804d47a8b2718bc0a723bb52
placebo,298581,123,primary,block_03,2000,2000,1.0,0.0,69908c9b1f41ecdf0338a7e6ddb50c498c62f7c8804d47a8b2718bc0a723bb52
placebo,298581,2026,primary,block_01,2000,2000,1.0,0.0,6ddcbdbe9de021ec8b807e68fa3f49aaf3d4ff6bc65c50717ebb1f94ff6c2886
placebo,298581,2026,primary,block_02,2000,2000,1.0,0.0,6ddcbdbe9de021ec8b807e68fa3f49aaf3d4ff6bc65c50717ebb1f94ff6c2886
placebo,298581,2026,primary,block_03,2000,2000,1.0,0.0,6ddcbdbe9de021ec8b807e68fa3f49aaf3d4ff6bc65c50717ebb1f94ff6c2886
placebo,298581,3407,primary,block_01,2000,2000,1.0,0.0,c72180cf7ac058dad785e2c846983f76e35fddea3e32356a95b5c5eb45ab6d06
placebo,298581,3407,primary,block_02,2000,2000,1.0,0.0,c72180cf7ac058dad785e2c846983f76e35fddea3e32356a95b5c5eb45ab6d06
placebo,298581,3407,primary,block_03,2000,2000,1.0,0.0,c72180cf7ac058dad785e2c846983f76e35fddea3e32356a95b5c5eb45ab6d06
rule,922089,7,primary,block_01,2000,2000,1.0,0.0,829a4f59a0b468db73c0618cfcdc205047641143f4f1f0fb8d65d8a0b9ffcb48
rule,922089,7,primary,block_02,2000,2000,1.0,0.0,829a4f59a0b468db73c0618cfcdc205047641143f4f1f0fb8d65d8a0b9ffcb48
rule,922089,7,primary,block_03,2000,2000,1.0,0.0,829a4f59a0b468db73c0618cfcdc205047641143f4f1f0fb8d65d8a0b9ffcb48
rule,922089,42,primary,block_01,2000,2000,1.0,0.0,64917451fcec7fce37cd33501d0ea5f63bedddf2487a7bf4b11427fa4371d473
rule,922089,42,primary,block_02,2000,1999,0.9995,0.0004999999999999449,64917451fcec7fce37cd33501d0ea5f63bedddf2487a7bf4b11427fa4371d473
rule,922089,42,primary,block_03,2000,2000,1.0,0.0,64917451fcec7fce37cd33501d0ea5f63bedddf2487a7bf4b11427fa4371d473
rule,922089,123,primary,block_01,2000,2000,1.0,0.0,2fb22da1b6248c888a029eb883e0f5aa20680bfb769fc43c7ae546f89b5a5a79
rule,922089,123,primary,block_02,2000,2000,1.0,0.0,2fb22da1b6248c888a029eb883e0f5aa20680bfb769fc43c7ae546f89b5a5a79
rule,922089,123,primary,block_03,2000,2000,1.0,0.0,2fb22da1b6248c888a029eb883e0f5aa20680bfb769fc43c7ae546f89b5a5a79
rule,922089,2026,primary,block_01,2000,2000,1.0,0.0,271e0f2d7bcf14f69fef0d38b01d282a67153cb13f77418d689f15214ccb9a57
rule,922089,2026,primary,block_02,2000,1999,0.9995,0.0004999999999999449,271e0f2d7bcf14f69fef0d38b01d282a67153cb13f77418d689f15214ccb9a57
rule,922089,2026,primary,block_03,2000,2000,1.0,0.0,271e0f2d7bcf14f69fef0d38b01d282a67153cb13f77418d689f15214ccb9a57
rule,922089,3407,primary,block_01,2000,2000,1.0,0.0,af4b84b90ba2a7843ed90768bc30b111f898382066c27219d4fd86b501d94e7e
rule,922089,3407,primary,block_02,2000,2000,1.0,0.0,af4b84b90ba2a7843ed90768bc30b111f898382066c27219d4fd86b501d94e7e
rule,922089,3407,primary,block_03,2000,2000,1.0,0.0,af4b84b90ba2a7843ed90768bc30b111f898382066c27219d4fd86b501d94e7e
placebo,922089,7,primary,block_01,2000,2000,1.0,0.0,e7c4223a4ab7f4ecaabd2f88582ac2ca0bfb6cc12621695d08155d6b34da4b6e
placebo,922089,7,primary,block_02,2000,1997,0.9985,0.0014999999999999458,e7c4223a4ab7f4ecaabd2f88582ac2ca0bfb6cc12621695d08155d6b34da4b6e
placebo,922089,7,primary,block_03,2000,2000,1.0,0.0,e7c4223a4ab7f4ecaabd2f88582ac2ca0bfb6cc12621695d08155d6b34da4b6e
placebo,922089,42,primary,block_01,2000,2000,1.0,0.0,004284d9ef533df85b6c5b7bf5bd7b8cebd04bf262537418f047861e2a16bfd5
placebo,922089,42,primary,block_02,2000,2000,1.0,0.0,004284d9ef533df85b6c5b7bf5bd7b8cebd04bf262537418f047861e2a16bfd5
placebo,922089,42,primary,block_03,2000,2000,1.0,0.0,004284d9ef533df85b6c5b7bf5bd7b8cebd04bf262537418f047861e2a16bfd5
placebo,922089,123,primary,block_01,2000,2000,1.0,0.0,c45cd5f319d06c5251318634d01b11cd048df074cbcc39a6f19c7a4d4e32434d
placebo,922089,123,primary,block_02,2000,2000,1.0,0.0,c45cd5f319d06c5251318634d01b11cd048df074cbcc39a6f19c7a4d4e32434d
placebo,922089,123,primary,block_03,2000,2000,1.0,0.0,c45cd5f319d06c5251318634d01b11cd048df074cbcc39a6f19c7a4d4e32434d
placebo,922089,2026,primary,block_01,2000,2000,1.0,0.0,c3e5a32764e20b7d8a3621fb19c5e6c07c9e1379c6a5fa4c4096f1650d5c99b6
placebo,922089,2026,primary,block_02,2000,2000,1.0,0.0,c3e5a32764e20b7d8a3621fb19c5e6c07c9e1379c6a5fa4c4096f1650d5c99b6
placebo,922089,2026,primary,block_03,2000,2000,1.0,0.0,c3e5a32764e20b7d8a3621fb19c5e6c07c9e1379c6a5fa4c4096f1650d5c99b6
placebo,922089,3407,primary,block_01,2000,2000,1.0,0.0,576fdcc519c683356808b11a094fd78d78981177f93532b71b09c7395382e98c
placebo,922089,3407,primary,block_02,2000,2000,1.0,0.0,576fdcc519c683356808b11a094fd78d78981177f93532b71b09c7395382e98c
placebo,922089,3407,primary,block_03,2000,2000,1.0,0.0,576fdcc519c683356808b11a094fd78d78981177f93532b71b09c7395382e98c
rule,864178,7,primary,block_01,2000,2000,1.0,0.0,346c055fee10436aa3a2723d1a3a4ca3225b70fe6955d5b451783961402db4cf
rule,864178,7,primary,block_02,2000,2000,1.0,0.0,346c055fee10436aa3a2723d1a3a4ca3225b70fe6955d5b451783961402db4cf
rule,864178,7,primary,block_03,2000,2000,1.0,0.0,346c055fee10436aa3a2723d1a3a4ca3225b70fe6955d5b451783961402db4cf
rule,864178,42,primary,block_01,2000,2000,1.0,0.0,cfb57864bb09fadd5313c782ab3376c8aabfebaf7dc51668c3dc17e6c2729cb9
rule,864178,42,primary,block_02,2000,2000,1.0,0.0,cfb57864bb09fadd5313c782ab3376c8aabfebaf7dc51668c3dc17e6c2729cb9
rule,864178,42,primary,block_03,2000,2000,1.0,0.0,cfb57864bb09fadd5313c782ab3376c8aabfebaf7dc51668c3dc17e6c2729cb9
rule,864178,123,primary,block_01,2000,2000,1.0,0.0,4ac1af56f9afbbaeb991bcef170477c0986153da4756d21c7d5d4c5b7e3e8e30
rule,864178,123,primary,block_02,2000,2000,1.0,0.0,4ac1af56f9afbbaeb991bcef170477c0986153da4756d21c7d5d4c5b7e3e8e30
rule,864178,123,primary,block_03,2000,2000,1.0,0.0,4ac1af56f9afbbaeb991bcef170477c0986153da4756d21c7d5d4c5b7e3e8e30
rule,864178,2026,primary,block_01,2000,2000,1.0,0.0,7bd85d9c928a2f7dceb920e38590a8d9b3cd87c135e9321fff98e81089f1fbc6
rule,864178,2026,primary,block_02,2000,1997,0.9985,0.0014999999999999458,7bd85d9c928a2f7dceb920e38590a8d9b3cd87c135e9321fff98e81089f1fbc6
rule,864178,2026,primary,block_03,2000,2000,1.0,0.0,7bd85d9c928a2f7dceb920e38590a8d9b3cd87c135e9321fff98e81089f1fbc6
rule,864178,3407,primary,block_01,2000,2000,1.0,0.0,833f0f334a5ac75712ac3a1537df17c9f8e7e6721b82e8d30c2b1ab700ab56c4
rule,864178,3407,primary,block_02,2000,1998,0.999,0.0010000000000000009,833f0f334a5ac75712ac3a1537df17c9f8e7e6721b82e8d30c2b1ab700ab56c4
rule,864178,3407,primary,block_03,2000,1999,0.9995,0.0004999999999999449,833f0f334a5ac75712ac3a1537df17c9f8e7e6721b82e8d30c2b1ab700ab56c4
placebo,864178,7,primary,block_01,2000,2000,1.0,0.0,bb6a2f189033f390f8ffdb44e1612dc452b86777c38e17b80fbe0c1c5262a4fc
placebo,864178,7,primary,block_02,2000,2000,1.0,0.0,bb6a2f189033f390f8ffdb44e1612dc452b86777c38e17b80fbe0c1c5262a4fc
placebo,864178,7,primary,block_03,2000,2000,1.0,0.0,bb6a2f189033f390f8ffdb44e1612dc452b86777c38e17b80fbe0c1c5262a4fc
placebo,864178,42,primary,block_01,2000,2000,1.0,0.0,89b4b086495ccea8176c800f10f6d851a771e4fdb7bc58ffc1d619d9fa437f35
placebo,864178,42,primary,block_02,2000,1999,0.9995,0.0004999999999999449,89b4b086495ccea8176c800f10f6d851a771e4fdb7bc58ffc1d619d9fa437f35
placebo,864178,42,primary,block_03,2000,1999,0.9995,0.0004999999999999449,89b4b086495ccea8176c800f10f6d851a771e4fdb7bc58ffc1d619d9fa437f35
placebo,864178,123,primary,block_01,2000,2000,1.0,0.0,3d993ca7fcc97b74bda94f849b397872a252d7c72be9fab26180dbd9d1c4f95a
placebo,864178,123,primary,block_02,2000,2000,1.0,0.0,3d993ca7fcc97b74bda94f849b397872a252d7c72be9fab26180dbd9d1c4f95a
placebo,864178,123,primary,block_03,2000,2000,1.0,0.0,3d993ca7fcc97b74bda94f849b397872a252d7c72be9fab26180dbd9d1c4f95a
placebo,864178,2026,primary,block_01,2000,2000,1.0,0.0,5337c66bf2a118abdff0538cbfbc589efd90234715af4fc66db1a700c957d6c4
placebo,864178,2026,primary,block_02,2000,1999,0.9995,0.0004999999999999449,5337c66bf2a118abdff0538cbfbc589efd90234715af4fc66db1a700c957d6c4
placebo,864178,2026,primary,block_03,2000,2000,1.0,0.0,5337c66bf2a118abdff0538cbfbc589efd90234715af4fc66db1a700c957d6c4
placebo,864178,3407,primary,block_01,2000,2000,1.0,0.0,121cfe94ef096ff88eedab30a45e86fd1db5c91c09ede3ce5d5298139233212b
placebo,864178,3407,primary,block_02,2000,2000,1.0,0.0,121cfe94ef096ff88eedab30a45e86fd1db5c91c09ede3ce5d5298139233212b
placebo,864178,3407,primary,block_03,2000,2000,1.0,0.0,121cfe94ef096ff88eedab30a45e86fd1db5c91c09ede3ce5d5298139233212b
rule,583909,7,primary,block_01,2000,2000,1.0,0.0,482b72721005dd101b0814cfe6427850582bcd04491a720784befe4fd0f16e16
rule,583909,7,primary,block_02,2000,2000,1.0,0.0,482b72721005dd101b0814cfe6427850582bcd04491a720784befe4fd0f16e16
rule,583909,7,primary,block_03,2000,2000,1.0,0.0,482b72721005dd101b0814cfe6427850582bcd04491a720784befe4fd0f16e16
rule,583909,42,primary,block_01,2000,2000,1.0,0.0,01814577812f77b1fc3357c871ca3e6836aed9cace55315d10a8b62a4eb8db6b
rule,583909,42,primary,block_02,2000,1999,0.9995,0.0004999999999999449,01814577812f77b1fc3357c871ca3e6836aed9cace55315d10a8b62a4eb8db6b
rule,583909,42,primary,block_03,2000,2000,1.0,0.0,01814577812f77b1fc3357c871ca3e6836aed9cace55315d10a8b62a4eb8db6b
rule,583909,123,primary,block_01,2000,2000,1.0,0.0,1f75a3bfe41e3fea63fff772cf2a722ad960d980022e5d726c51d996a764040f
rule,583909,123,primary,block_02,2000,2000,1.0,0.0,1f75a3bfe41e3fea63fff772cf2a722ad960d980022e5d726c51d996a764040f
rule,583909,123,primary,block_03,2000,2000,1.0,0.0,1f75a3bfe41e3fea63fff772cf2a722ad960d980022e5d726c51d996a764040f
rule,583909,2026,primary,block_01,2000,2000,1.0,0.0,ff99b0d5e80dd0e3eb8e3265d61f479a11c8c208ea6fef7013973b15af07d2d0
rule,583909,2026,primary,block_02,2000,2000,1.0,0.0,ff99b0d5e80dd0e3eb8e3265d61f479a11c8c208ea6fef7013973b15af07d2d0
rule,583909,2026,primary,block_03,2000,1999,0.9995,0.0004999999999999449,ff99b0d5e80dd0e3eb8e3265d61f479a11c8c208ea6fef7013973b15af07d2d0
rule,583909,3407,primary,block_01,2000,2000,1.0,0.0,95c9f81f7a7ec95088ba15dbc2b2e586d731c424216531e8401e7bcb3d06630b
rule,583909,3407,primary,block_02,2000,2000,1.0,0.0,95c9f81f7a7ec95088ba15dbc2b2e586d731c424216531e8401e7bcb3d06630b
rule,583909,3407,primary,block_03,2000,2000,1.0,0.0,95c9f81f7a7ec95088ba15dbc2b2e586d731c424216531e8401e7bcb3d06630b
placebo,583909,7,primary,block_01,2000,2000,1.0,0.0,6ebfd71c28cee75f5967072f1ee889a8a311a595c4d05d3de9508efd6ecad492
placebo,583909,7,primary,block_02,2000,1999,0.9995,0.0004999999999999449,6ebfd71c28cee75f5967072f1ee889a8a311a595c4d05d3de9508efd6ecad492
placebo,583909,7,primary,block_03,2000,2000,1.0,0.0,6ebfd71c28cee75f5967072f1ee889a8a311a595c4d05d3de9508efd6ecad492
placebo,583909,42,primary,block_01,2000,2000,1.0,0.0,db95654a6ece24f5f9a2f59e54d30ab06c03c56a18e4e57784b47cde1b9cade1
placebo,583909,42,primary,block_02,2000,2000,1.0,0.0,db95654a6ece24f5f9a2f59e54d30ab06c03c56a18e4e57784b47cde1b9cade1
placebo,583909,42,primary,block_03,2000,2000,1.0,0.0,db95654a6ece24f5f9a2f59e54d30ab06c03c56a18e4e57784b47cde1b9cade1
placebo,583909,123,primary,block_01,2000,2000,1.0,0.0,828efe4c903cb4487b0342cf6824a53a42dd66265482d117514e887607d65afb
placebo,583909,123,primary,block_02,2000,1999,0.9995,0.0004999999999999449,828efe4c903cb4487b0342cf6824a53a42dd66265482d117514e887607d65afb
placebo,583909,123,primary,block_03,2000,1999,0.9995,0.0004999999999999449,828efe4c903cb4487b0342cf6824a53a42dd66265482d117514e887607d65afb
placebo,583909,2026,primary,block_01,2000,2000,1.0,0.0,d14dd93b0af069f7349330e62f1f5c7c10d235377d75994db7f61d79c786835e
placebo,583909,2026,primary,block_02,2000,2000,1.0,0.0,d14dd93b0af069f7349330e62f1f5c7c10d235377d75994db7f61d79c786835e
placebo,583909,2026,primary,block_03,2000,2000,1.0,0.0,d14dd93b0af069f7349330e62f1f5c7c10d235377d75994db7f61d79c786835e
placebo,583909,3407,primary,block_01,2000,1998,0.999,0.0010000000000000009,bf0fc763db2a779241cb2827e3369c9a32b903547158c57088f54364b4fd0417
placebo,583909,3407,primary,block_02,2000,2000,1.0,0.0,bf0fc763db2a779241cb2827e3369c9a32b903547158c57088f54364b4fd0417
placebo,583909,3407,primary,block_03,2000,2000,1.0,0.0,bf0fc763db2a779241cb2827e3369c9a32b903547158c57088f54364b4fd0417
rule,467232,7,primary,block_01,2000,2000,1.0,0.0,14932825b62546ecc7aefcc5389f9c36a983986743ed04d9fe5b2cf8dd61ef00
rule,467232,7,primary,block_02,2000,2000,1.0,0.0,14932825b62546ecc7aefcc5389f9c36a983986743ed04d9fe5b2cf8dd61ef00
rule,467232,7,primary,block_03,2000,2000,1.0,0.0,14932825b62546ecc7aefcc5389f9c36a983986743ed04d9fe5b2cf8dd61ef00
rule,467232,42,primary,block_01,2000,2000,1.0,0.0,ad8ab740f68550937ee502cd312c3c940044f15dbd3c5466b9019982394675d0
rule,467232,42,primary,block_02,2000,1999,0.9995,0.0004999999999999449,ad8ab740f68550937ee502cd312c3c940044f15dbd3c5466b9019982394675d0
rule,467232,42,primary,block_03,2000,2000,1.0,0.0,ad8ab740f68550937ee502cd312c3c940044f15dbd3c5466b9019982394675d0
rule,467232,123,primary,block_01,2000,2000,1.0,0.0,8490c41a2de148eb207c31ad1f1529fb7d8dd0e6fac1b73c85c0c3232b3d02d4
rule,467232,123,primary,block_02,2000,2000,1.0,0.0,8490c41a2de148eb207c31ad1f1529fb7d8dd0e6fac1b73c85c0c3232b3d02d4
rule,467232,123,primary,block_03,2000,2000,1.0,0.0,8490c41a2de148eb207c31ad1f1529fb7d8dd0e6fac1b73c85c0c3232b3d02d4
rule,467232,2026,primary,block_01,2000,2000,1.0,0.0,a394ac4a39255c79afb37d62808156f7cfd09cd329d354ecfe199adab850e606
rule,467232,2026,primary,block_02,2000,2000,1.0,0.0,a394ac4a39255c79afb37d62808156f7cfd09cd329d354ecfe199adab850e606
rule,467232,2026,primary,block_03,2000,2000,1.0,0.0,a394ac4a39255c79afb37d62808156f7cfd09cd329d354ecfe199adab850e606
rule,467232,3407,primary,block_01,2000,2000,1.0,0.0,f2d400e1e7ee846c4e11f443592b963f6779be1be4900e89d7c77a7fc2fdfb61
rule,467232,3407,primary,block_02,2000,2000,1.0,0.0,f2d400e1e7ee846c4e11f443592b963f6779be1be4900e89d7c77a7fc2fdfb61
rule,467232,3407,primary,block_03,2000,2000,1.0,0.0,f2d400e1e7ee846c4e11f443592b963f6779be1be4900e89d7c77a7fc2fdfb61
placebo,467232,7,primary,block_01,2000,2000,1.0,0.0,7f0ca2345fa6144b323e3480625df2752fd96e6db775a2240ae2031b097d4f50
placebo,467232,7,primary,block_02,2000,2000,1.0,0.0,7f0ca2345fa6144b323e3480625df2752fd96e6db775a2240ae2031b097d4f50
placebo,467232,7,primary,block_03,2000,2000,1.0,0.0,7f0ca2345fa6144b323e3480625df2752fd96e6db775a2240ae2031b097d4f50
placebo,467232,42,primary,block_01,2000,2000,1.0,0.0,16b5fd5fa73253911e0bce37178defd70a7123d6155130ee54e1535641fe1dc0
placebo,467232,42,primary,block_02,2000,1999,0.9995,0.0004999999999999449,16b5fd5fa73253911e0bce37178defd70a7123d6155130ee54e1535641fe1dc0
placebo,467232,42,primary,block_03,2000,2000,1.0,0.0,16b5fd5fa73253911e0bce37178defd70a7123d6155130ee54e1535641fe1dc0
placebo,467232,123,primary,block_01,2000,2000,1.0,0.0,b81298aa65a5e533ecccf4de0791661decc2cba728e5a610f130f0f6e9d04225
placebo,467232,123,primary,block_02,2000,2000,1.0,0.0,b81298aa65a5e533ecccf4de0791661decc2cba728e5a610f130f0f6e9d04225
placebo,467232,123,primary,block_03,2000,2000,1.0,0.0,b81298aa65a5e533ecccf4de0791661decc2cba728e5a610f130f0f6e9d04225
placebo,467232,2026,primary,block_01,2000,2000,1.0,0.0,abb94f7e4a70e5e67a0b18cf1435c22787d55889c8fc31ff8e85900074f8371c
placebo,467232,2026,primary,block_02,2000,2000,1.0,0.0,abb94f7e4a70e5e67a0b18cf1435c22787d55889c8fc31ff8e85900074f8371c
placebo,467232,2026,primary,block_03,2000,2000,1.0,0.0,abb94f7e4a70e5e67a0b18cf1435c22787d55889c8fc31ff8e85900074f8371c
placebo,467232,3407,primary,block_01,2000,2000,1.0,0.0,888c9d7e06f2ee026668ea8e21bf6428d7df5b640cf41f912e77acf2c82264f4
placebo,467232,3407,primary,block_02,2000,2000,1.0,0.0,888c9d7e06f2ee026668ea8e21bf6428d7df5b640cf41f912e77acf2c82264f4
placebo,467232,3407,primary,block_03,2000,2000,1.0,0.0,888c9d7e06f2ee026668ea8e21bf6428d7df5b640cf41f912e77acf2c82264f4
rule,550427,7,primary,block_01,2000,2000,1.0,0.0,9979dd69b89dbe1896f7ff6372bec3d9634af317f3dadb84c9971584757d467b
rule,550427,7,primary,block_02,2000,1999,0.9995,0.0004999999999999449,9979dd69b89dbe1896f7ff6372bec3d9634af317f3dadb84c9971584757d467b
rule,550427,7,primary,block_03,2000,2000,1.0,0.0,9979dd69b89dbe1896f7ff6372bec3d9634af317f3dadb84c9971584757d467b
rule,550427,42,primary,block_01,2000,2000,1.0,0.0,f166ac87f29c87753fb34f20da52b8973fd99f1f2ffeb08f031ed2992e767799
rule,550427,42,primary,block_02,2000,2000,1.0,0.0,f166ac87f29c87753fb34f20da52b8973fd99f1f2ffeb08f031ed2992e767799
rule,550427,42,primary,block_03,2000,2000,1.0,0.0,f166ac87f29c87753fb34f20da52b8973fd99f1f2ffeb08f031ed2992e767799
rule,550427,123,primary,block_01,2000,2000,1.0,0.0,a4d086a557538b67b77a3911f1976de70cd79ddf1f11ae096872a24b3d4590fe
rule,550427,123,primary,block_02,2000,1999,0.9995,0.0004999999999999449,a4d086a557538b67b77a3911f1976de70cd79ddf1f11ae096872a24b3d4590fe
rule,550427,123,primary,block_03,2000,2000,1.0,0.0,a4d086a557538b67b77a3911f1976de70cd79ddf1f11ae096872a24b3d4590fe
rule,550427,2026,primary,block_01,2000,2000,1.0,0.0,7f5e34457dd4e578934a3aa33b43d467d6bb641beda901c27e2d061d097b6eb2
rule,550427,2026,primary,block_02,2000,2000,1.0,0.0,7f5e34457dd4e578934a3aa33b43d467d6bb641beda901c27e2d061d097b6eb2
rule,550427,2026,primary,block_03,2000,1999,0.9995,0.0004999999999999449,7f5e34457dd4e578934a3aa33b43d467d6bb641beda901c27e2d061d097b6eb2
rule,550427,3407,primary,block_01,2000,2000,1.0,0.0,605249fb113f28dc4ae66165be5ec324f730d922b654c20ee7f1089b8bfdedb5
rule,550427,3407,primary,block_02,2000,2000,1.0,0.0,605249fb113f28dc4ae66165be5ec324f730d922b654c20ee7f1089b8bfdedb5
rule,550427,3407,primary,block_03,2000,2000,1.0,0.0,605249fb113f28dc4ae66165be5ec324f730d922b654c20ee7f1089b8bfdedb5
placebo,550427,7,primary,block_01,2000,2000,1.0,0.0,c57e63de93009ad0427835119d90a8e26063216590c6619fff65bed354b42df4
placebo,550427,7,primary,block_02,2000,2000,1.0,0.0,c57e63de93009ad0427835119d90a8e26063216590c6619fff65bed354b42df4
placebo,550427,7,primary,block_03,2000,2000,1.0,0.0,c57e63de93009ad0427835119d90a8e26063216590c6619fff65bed354b42df4
placebo,550427,42,primary,block_01,2000,2000,1.0,0.0,eb8fa51912435b46eb231d6010fd888ef70adecf9212ad4c9ca0dfd1d46a4091
placebo,550427,42,primary,block_02,2000,2000,1.0,0.0,eb8fa51912435b46eb231d6010fd888ef70adecf9212ad4c9ca0dfd1d46a4091
placebo,550427,42,primary,block_03,2000,2000,1.0,0.0,eb8fa51912435b46eb231d6010fd888ef70adecf9212ad4c9ca0dfd1d46a4091
placebo,550427,123,primary,block_01,2000,2000,1.0,0.0,f12f2491e8dd85e88843339b63da6d3539a5398ddf99e7b646a82d6faddb0884
placebo,550427,123,primary,block_02,2000,1999,0.9995,0.0004999999999999449,f12f2491e8dd85e88843339b63da6d3539a5398ddf99e7b646a82d6faddb0884
placebo,550427,123,primary,block_03,2000,2000,1.0,0.0,f12f2491e8dd85e88843339b63da6d3539a5398ddf99e7b646a82d6faddb0884
placebo,550427,2026,primary,block_01,2000,2000,1.0,0.0,9abd35312ecdf68154bb28ef2a685abfd934acf3b5a22b0f7a1059ef0c5e5691
placebo,550427,2026,primary,block_02,2000,2000,1.0,0.0,9abd35312ecdf68154bb28ef2a685abfd934acf3b5a22b0f7a1059ef0c5e5691
placebo,550427,2026,primary,block_03,2000,1998,0.999,0.0010000000000000009,9abd35312ecdf68154bb28ef2a685abfd934acf3b5a22b0f7a1059ef0c5e5691
placebo,550427,3407,primary,block_01,2000,2000,1.0,0.0,0de18ad5acc1a100da6b9eadb3330c2b772b4bb31f5bbfcd14c6264797e0edcf
placebo,550427,3407,primary,block_02,2000,2000,1.0,0.0,0de18ad5acc1a100da6b9eadb3330c2b772b4bb31f5bbfcd14c6264797e0edcf
placebo,550427,3407,primary,block_03,2000,2000,1.0,0.0,0de18ad5acc1a100da6b9eadb3330c2b772b4bb31f5bbfcd14c6264797e0edcf
rule,485791,7,primary,block_01,2000,1999,0.9995,0.0004999999999999449,7f0d791f759374547ec41241bd77d00367ff7f8c3e9558bea2dce268f47efeef
rule,485791,7,primary,block_02,2000,2000,1.0,0.0,7f0d791f759374547ec41241bd77d00367ff7f8c3e9558bea2dce268f47efeef
rule,485791,7,primary,block_03,2000,2000,1.0,0.0,7f0d791f759374547ec41241bd77d00367ff7f8c3e9558bea2dce268f47efeef
rule,485791,42,primary,block_01,2000,2000,1.0,0.0,5ca7c1c56eed9bcbe1430f1c50acb594273fb11af3a952040f8f49f48a0782f5
rule,485791,42,primary,block_02,2000,2000,1.0,0.0,5ca7c1c56eed9bcbe1430f1c50acb594273fb11af3a952040f8f49f48a0782f5
rule,485791,42,primary,block_03,2000,2000,1.0,0.0,5ca7c1c56eed9bcbe1430f1c50acb594273fb11af3a952040f8f49f48a0782f5
rule,485791,123,primary,block_01,2000,2000,1.0,0.0,bebbd1bcc52486ca86a366143cc50f9d179c15866cbec2945403db651bd16ffa
rule,485791,123,primary,block_02,2000,2000,1.0,0.0,bebbd1bcc52486ca86a366143cc50f9d179c15866cbec2945403db651bd16ffa
rule,485791,123,primary,block_03,2000,1999,0.9995,0.0004999999999999449,bebbd1bcc52486ca86a366143cc50f9d179c15866cbec2945403db651bd16ffa
rule,485791,2026,primary,block_01,2000,2000,1.0,0.0,7ebbb9bc039c4d6a5805aefe7a21aac517f33dc11ce126bb3dc1d19149dc4b88
rule,485791,2026,primary,block_02,2000,2000,1.0,0.0,7ebbb9bc039c4d6a5805aefe7a21aac517f33dc11ce126bb3dc1d19149dc4b88
rule,485791,2026,primary,block_03,2000,2000,1.0,0.0,7ebbb9bc039c4d6a5805aefe7a21aac517f33dc11ce126bb3dc1d19149dc4b88
rule,485791,3407,primary,block_01,2000,2000,1.0,0.0,1d1351e4178969f185524f754518121a226af278a206bddd3b611a1e5e759060
rule,485791,3407,primary,block_02,2000,1999,0.9995,0.0004999999999999449,1d1351e4178969f185524f754518121a226af278a206bddd3b611a1e5e759060
rule,485791,3407,primary,block_03,2000,2000,1.0,0.0,1d1351e4178969f185524f754518121a226af278a206bddd3b611a1e5e759060
placebo,485791,7,primary,block_01,2000,2000,1.0,0.0,45805259487c8792582c530ac6d0100bbd3eaf2111665c4c76f6610c6af3a220
placebo,485791,7,primary,block_02,2000,2000,1.0,0.0,45805259487c8792582c530ac6d0100bbd3eaf2111665c4c76f6610c6af3a220
placebo,485791,7,primary,block_03,2000,2000,1.0,0.0,45805259487c8792582c530ac6d0100bbd3eaf2111665c4c76f6610c6af3a220
placebo,485791,42,primary,block_01,2000,2000,1.0,0.0,7071da0ede4d4538d7b25d15bb3e81af6af9144bc257076da50f85f0ab8641ca
placebo,485791,42,primary,block_02,2000,2000,1.0,0.0,7071da0ede4d4538d7b25d15bb3e81af6af9144bc257076da50f85f0ab8641ca
placebo,485791,42,primary,block_03,2000,2000,1.0,0.0,7071da0ede4d4538d7b25d15bb3e81af6af9144bc257076da50f85f0ab8641ca
placebo,485791,123,primary,block_01,2000,2000,1.0,0.0,b1f32697663d50ff3dc79e47a7fdb82853ca78d9213408d79ea022acf0c66b3a
placebo,485791,123,primary,block_02,2000,2000,1.0,0.0,b1f32697663d50ff3dc79e47a7fdb82853ca78d9213408d79ea022acf0c66b3a
placebo,485791,123,primary,block_03,2000,2000,1.0,0.0,b1f32697663d50ff3dc79e47a7fdb82853ca78d9213408d79ea022acf0c66b3a
placebo,485791,2026,primary,block_01,2000,2000,1.0,0.0,7393b36f794cdb724cb36adde513b46c7617a6e94e076af635c2fc7a682f5ece
placebo,485791,2026,primary,block_02,2000,2000,1.0,0.0,7393b36f794cdb724cb36adde513b46c7617a6e94e076af635c2fc7a682f5ece
placebo,485791,2026,primary,block_03,2000,2000,1.0,0.0,7393b36f794cdb724cb36adde513b46c7617a6e94e076af635c2fc7a682f5ece
placebo,485791,3407,primary,block_01,2000,2000,1.0,0.0,a4acc7afc01b8e0d18da6845209a03aefa807211f5da89a6690c9306c5ca1a33
placebo,485791,3407,primary,block_02,2000,1997,0.9985,0.0014999999999999458,a4acc7afc01b8e0d18da6845209a03aefa807211f5da89a6690c9306c5ca1a33
placebo,485791,3407,primary,block_03,2000,2000,1.0,0.0,a4acc7afc01b8e0d18da6845209a03aefa807211f5da89a6690c9306c5ca1a33
rule,820632,7,primary,block_01,2000,2000,1.0,0.0,b7473db5e020df159ddb92f6828ffe84ff1102a41fb60ce897e9ea17868a706c
rule,820632,7,primary,block_02,2000,1998,0.999,0.0010000000000000009,b7473db5e020df159ddb92f6828ffe84ff1102a41fb60ce897e9ea17868a706c
rule,820632,7,primary,block_03,2000,2000,1.0,0.0,b7473db5e020df159ddb92f6828ffe84ff1102a41fb60ce897e9ea17868a706c
rule,820632,42,primary,block_01,2000,2000,1.0,0.0,36f6693e7d7aec15a091e98d1d12cc33f41cd03f71c1d43a016582c9d83ce675
rule,820632,42,primary,block_02,2000,1999,0.9995,0.0004999999999999449,36f6693e7d7aec15a091e98d1d12cc33f41cd03f71c1d43a016582c9d83ce675
rule,820632,42,primary,block_03,2000,2000,1.0,0.0,36f6693e7d7aec15a091e98d1d12cc33f41cd03f71c1d43a016582c9d83ce675
rule,820632,123,primary,block_01,2000,2000,1.0,0.0,602ee5ff25b0e43803141beb172bb4625eee140899bc28039aae97bd2ab07c5a
rule,820632,123,primary,block_02,2000,2000,1.0,0.0,602ee5ff25b0e43803141beb172bb4625eee140899bc28039aae97bd2ab07c5a
rule,820632,123,primary,block_03,2000,2000,1.0,0.0,602ee5ff25b0e43803141beb172bb4625eee140899bc28039aae97bd2ab07c5a
rule,820632,2026,primary,block_01,2000,2000,1.0,0.0,ca042c5ba2337a3b1c00768fcab5e3babb0367981b9384c5c33e4e83c465cfdd
rule,820632,2026,primary,block_02,2000,2000,1.0,0.0,ca042c5ba2337a3b1c00768fcab5e3babb0367981b9384c5c33e4e83c465cfdd
rule,820632,2026,primary,block_03,2000,2000,1.0,0.0,ca042c5ba2337a3b1c00768fcab5e3babb0367981b9384c5c33e4e83c465cfdd
rule,820632,3407,primary,block_01,2000,2000,1.0,0.0,37c0c5e3bea316a5e89a90a8d93663a9b88f4d0b43a9b7b4808e1cf478aeb59a
rule,820632,3407,primary,block_02,2000,2000,1.0,0.0,37c0c5e3bea316a5e89a90a8d93663a9b88f4d0b43a9b7b4808e1cf478aeb59a
rule,820632,3407,primary,block_03,2000,2000,1.0,0.0,37c0c5e3bea316a5e89a90a8d93663a9b88f4d0b43a9b7b4808e1cf478aeb59a
placebo,820632,7,primary,block_01,2000,2000,1.0,0.0,d9997449d3d403907b1d1bf72d2c861dcf3aa585471704c300fa8946f8c0bc4b
placebo,820632,7,primary,block_02,2000,2000,1.0,0.0,d9997449d3d403907b1d1bf72d2c861dcf3aa585471704c300fa8946f8c0bc4b
placebo,820632,7,primary,block_03,2000,2000,1.0,0.0,d9997449d3d403907b1d1bf72d2c861dcf3aa585471704c300fa8946f8c0bc4b
placebo,820632,42,primary,block_01,2000,2000,1.0,0.0,3d9d2d58b3657526616cfd5a3561f349860b26f6e2670555baa7fbfa8559e98e
placebo,820632,42,primary,block_02,2000,1998,0.999,0.0010000000000000009,3d9d2d58b3657526616cfd5a3561f349860b26f6e2670555baa7fbfa8559e98e
placebo,820632,42,primary,block_03,2000,1997,0.9985,0.0014999999999999458,3d9d2d58b3657526616cfd5a3561f349860b26f6e2670555baa7fbfa8559e98e
placebo,820632,123,primary,block_01,2000,2000,1.0,0.0,cd352b7d44d7ef469c50c2c8e06142b8c3b79b53b6343e96186398d1bb6d252a
placebo,820632,123,primary,block_02,2000,2000,1.0,0.0,cd352b7d44d7ef469c50c2c8e06142b8c3b79b53b6343e96186398d1bb6d252a
placebo,820632,123,primary,block_03,2000,2000,1.0,0.0,cd352b7d44d7ef469c50c2c8e06142b8c3b79b53b6343e96186398d1bb6d252a
placebo,820632,2026,primary,block_01,2000,1999,0.9995,0.0004999999999999449,2f764568d90e66a09eed754760551cd035ddb49f6098087f8b5879c78810ed19
placebo,820632,2026,primary,block_02,2000,1999,0.9995,0.0004999999999999449,2f764568d90e66a09eed754760551cd035ddb49f6098087f8b5879c78810ed19
placebo,820632,2026,primary,block_03,2000,2000,1.0,0.0,2f764568d90e66a09eed754760551cd035ddb49f6098087f8b5879c78810ed19
placebo,820632,3407,primary,block_01,2000,2000,1.0,0.0,e98b7d9f9fabf6a2334a3d88b2fd5b318dd0cf76fe62ce9556fe931e2b9448cb
placebo,820632,3407,primary,block_02,2000,1999,0.9995,0.0004999999999999449,e98b7d9f9fabf6a2334a3d88b2fd5b318dd0cf76fe62ce9556fe931e2b9448cb
placebo,820632,3407,primary,block_03,2000,2000,1.0,0.0,e98b7d9f9fabf6a2334a3d88b2fd5b318dd0cf76fe62ce9556fe931e2b9448cb
rule,837943,7,primary,block_01,2000,2000,1.0,0.0,57fb89241412e9afe72f752c45015a6011945e180d8f97c6c07396f3102abb4c
rule,837943,7,primary,block_02,2000,2000,1.0,0.0,57fb89241412e9afe72f752c45015a6011945e180d8f97c6c07396f3102abb4c
rule,837943,7,primary,block_03,2000,2000,1.0,0.0,57fb89241412e9afe72f752c45015a6011945e180d8f97c6c07396f3102abb4c
rule,837943,42,primary,block_01,2000,2000,1.0,0.0,187ac9f971aa0b4d94276315a50cf358fcb2fa73e503ffc00807e6bea8d19dff
rule,837943,42,primary,block_02,2000,2000,1.0,0.0,187ac9f971aa0b4d94276315a50cf358fcb2fa73e503ffc00807e6bea8d19dff
rule,837943,42,primary,block_03,2000,2000,1.0,0.0,187ac9f971aa0b4d94276315a50cf358fcb2fa73e503ffc00807e6bea8d19dff
rule,837943,123,primary,block_01,2000,2000,1.0,0.0,088eca0311656fb7ffc981f7f80c351eebeab2842fffc026d58925bb74707dca
rule,837943,123,primary,block_02,2000,2000,1.0,0.0,088eca0311656fb7ffc981f7f80c351eebeab2842fffc026d58925bb74707dca
rule,837943,123,primary,block_03,2000,2000,1.0,0.0,088eca0311656fb7ffc981f7f80c351eebeab2842fffc026d58925bb74707dca
rule,837943,2026,primary,block_01,2000,1999,0.9995,0.0004999999999999449,e408129701c78d1fb38f7473a2208341675aa321b8e7c8f7c336cd1f06903501
rule,837943,2026,primary,block_02,2000,2000,1.0,0.0,e408129701c78d1fb38f7473a2208341675aa321b8e7c8f7c336cd1f06903501
rule,837943,2026,primary,block_03,2000,2000,1.0,0.0,e408129701c78d1fb38f7473a2208341675aa321b8e7c8f7c336cd1f06903501
rule,837943,3407,primary,block_01,2000,2000,1.0,0.0,74686439bec4fe450b68e4c0a8bddf68ad13f1e48201328d2c818f3655de165d
rule,837943,3407,primary,block_02,2000,2000,1.0,0.0,74686439bec4fe450b68e4c0a8bddf68ad13f1e48201328d2c818f3655de165d
rule,837943,3407,primary,block_03,2000,2000,1.0,0.0,74686439bec4fe450b68e4c0a8bddf68ad13f1e48201328d2c818f3655de165d
placebo,837943,7,primary,block_01,2000,2000,1.0,0.0,8aa7ebe6388a30421f3279fb4d5c290f5f6a9c1c66a45e84ac8faf87c578a647
placebo,837943,7,primary,block_02,2000,2000,1.0,0.0,8aa7ebe6388a30421f3279fb4d5c290f5f6a9c1c66a45e84ac8faf87c578a647
placebo,837943,7,primary,block_03,2000,2000,1.0,0.0,8aa7ebe6388a30421f3279fb4d5c290f5f6a9c1c66a45e84ac8faf87c578a647
placebo,837943,42,primary,block_01,2000,1999,0.9995,0.0004999999999999449,ec4a54733696032cedcc0531f982434cbbb1d0d96ceb37166e663338bf6577c2
placebo,837943,42,primary,block_02,2000,2000,1.0,0.0,ec4a54733696032cedcc0531f982434cbbb1d0d96ceb37166e663338bf6577c2
placebo,837943,42,primary,block_03,2000,2000,1.0,0.0,ec4a54733696032cedcc0531f982434cbbb1d0d96ceb37166e663338bf6577c2
placebo,837943,123,primary,block_01,2000,2000,1.0,0.0,d6160f2de8c8a5913bfc238f6bc6ccce2b0f7e7b347738c9097aa4fcece007e6
placebo,837943,123,primary,block_02,2000,2000,1.0,0.0,d6160f2de8c8a5913bfc238f6bc6ccce2b0f7e7b347738c9097aa4fcece007e6
placebo,837943,123,primary,block_03,2000,2000,1.0,0.0,d6160f2de8c8a5913bfc238f6bc6ccce2b0f7e7b347738c9097aa4fcece007e6
placebo,837943,2026,primary,block_01,2000,2000,1.0,0.0,a9573b0bce9bbdca2c4abbe0a57ed9185c6b914f88c9eb809d63b5ce873232f6
placebo,837943,2026,primary,block_02,2000,2000,1.0,0.0,a9573b0bce9bbdca2c4abbe0a57ed9185c6b914f88c9eb809d63b5ce873232f6
placebo,837943,2026,primary,block_03,2000,2000,1.0,0.0,a9573b0bce9bbdca2c4abbe0a57ed9185c6b914f88c9eb809d63b5ce873232f6
placebo,837943,3407,primary,block_01,2000,2000,1.0,0.0,4d0a1ba253aea220a102b784c2bb80beab9c00d30f0c9d08ec55de031117a8e6
placebo,837943,3407,primary,block_02,2000,2000,1.0,0.0,4d0a1ba253aea220a102b784c2bb80beab9c00d30f0c9d08ec55de031117a8e6
placebo,837943,3407,primary,block_03,2000,2000,1.0,0.0,4d0a1ba253aea220a102b784c2bb80beab9c00d30f0c9d08ec55de031117a8e6
rule,222537,7,primary,block_01,2000,2000,1.0,0.0,3296d8de3b82000272f9705032ec8b2a0a56a57eddcc774b804b86353029706c
rule,222537,7,primary,block_02,2000,2000,1.0,0.0,3296d8de3b82000272f9705032ec8b2a0a56a57eddcc774b804b86353029706c
rule,222537,7,primary,block_03,2000,2000,1.0,0.0,3296d8de3b82000272f9705032ec8b2a0a56a57eddcc774b804b86353029706c
rule,222537,42,primary,block_01,2000,2000,1.0,0.0,5c378511e6d6b965bd63ec5f3a3aee4d1de28b6515faaa8387bf158f74acb883
rule,222537,42,primary,block_02,2000,2000,1.0,0.0,5c378511e6d6b965bd63ec5f3a3aee4d1de28b6515faaa8387bf158f74acb883
rule,222537,42,primary,block_03,2000,2000,1.0,0.0,5c378511e6d6b965bd63ec5f3a3aee4d1de28b6515faaa8387bf158f74acb883
rule,222537,123,primary,block_01,2000,2000,1.0,0.0,1e44ee29900b6c5c7514d0cf17937f05b422f3463f9cb405d8faf89a6b701677
rule,222537,123,primary,block_02,2000,1999,0.9995,0.0004999999999999449,1e44ee29900b6c5c7514d0cf17937f05b422f3463f9cb405d8faf89a6b701677
rule,222537,123,primary,block_03,2000,2000,1.0,0.0,1e44ee29900b6c5c7514d0cf17937f05b422f3463f9cb405d8faf89a6b701677
rule,222537,2026,primary,block_01,2000,2000,1.0,0.0,7620fab19147e24ee4c5f5061b8437371ebfd170c2ab69367d6c54c755103dff
rule,222537,2026,primary,block_02,2000,1997,0.9985,0.0014999999999999458,7620fab19147e24ee4c5f5061b8437371ebfd170c2ab69367d6c54c755103dff
rule,222537,2026,primary,block_03,2000,1999,0.9995,0.0004999999999999449,7620fab19147e24ee4c5f5061b8437371ebfd170c2ab69367d6c54c755103dff
rule,222537,3407,primary,block_01,2000,2000,1.0,0.0,3737bd41a5615b86d9b83cf62c53c817e508996540b9da69328da8dc39d56154
rule,222537,3407,primary,block_02,2000,1998,0.999,0.0010000000000000009,3737bd41a5615b86d9b83cf62c53c817e508996540b9da69328da8dc39d56154
rule,222537,3407,primary,block_03,2000,2000,1.0,0.0,3737bd41a5615b86d9b83cf62c53c817e508996540b9da69328da8dc39d56154
placebo,222537,7,primary,block_01,2000,2000,1.0,0.0,765863851ade3ef92b5cb7169cb58624166212074d777e0cc864aef22b0650e0
placebo,222537,7,primary,block_02,2000,2000,1.0,0.0,765863851ade3ef92b5cb7169cb58624166212074d777e0cc864aef22b0650e0
placebo,222537,7,primary,block_03,2000,2000,1.0,0.0,765863851ade3ef92b5cb7169cb58624166212074d777e0cc864aef22b0650e0
placebo,222537,42,primary,block_01,2000,2000,1.0,0.0,98e6a9eb6aafc12cdc448230a26a574d64eaabaa7c99212a359aee87a38534e1
placebo,222537,42,primary,block_02,2000,2000,1.0,0.0,98e6a9eb6aafc12cdc448230a26a574d64eaabaa7c99212a359aee87a38534e1
placebo,222537,42,primary,block_03,2000,2000,1.0,0.0,98e6a9eb6aafc12cdc448230a26a574d64eaabaa7c99212a359aee87a38534e1
placebo,222537,123,primary,block_01,2000,2000,1.0,0.0,a71178b9fc256586adedb42c1bdebfc6c64854e6f902f17bb4c1ae358b8d738b
placebo,222537,123,primary,block_02,2000,2000,1.0,0.0,a71178b9fc256586adedb42c1bdebfc6c64854e6f902f17bb4c1ae358b8d738b
placebo,222537,123,primary,block_03,2000,2000,1.0,0.0,a71178b9fc256586adedb42c1bdebfc6c64854e6f902f17bb4c1ae358b8d738b
placebo,222537,2026,primary,block_01,2000,2000,1.0,0.0,12597e113cc043cfaddf0c98333245b8ee5b151e1e1f0b73ced3863741a0fe71
placebo,222537,2026,primary,block_02,2000,1999,0.9995,0.0004999999999999449,12597e113cc043cfaddf0c98333245b8ee5b151e1e1f0b73ced3863741a0fe71
placebo,222537,2026,primary,block_03,2000,2000,1.0,0.0,12597e113cc043cfaddf0c98333245b8ee5b151e1e1f0b73ced3863741a0fe71
placebo,222537,3407,primary,block_01,2000,2000,1.0,0.0,83a353fd5091cb43ab5aa430e8c6451546492a3964c1bf7ee426469f40f251f4
placebo,222537,3407,primary,block_02,2000,1998,0.999,0.0010000000000000009,83a353fd5091cb43ab5aa430e8c6451546492a3964c1bf7ee426469f40f251f4
placebo,222537,3407,primary,block_03,2000,2000,1.0,0.0,83a353fd5091cb43ab5aa430e8c6451546492a3964c1bf7ee426469f40f251f4
rule,685012,7,primary,block_01,2000,2000,1.0,0.0,9b0e83c0e849f71d75501d56860ef40ea9e67f5714ed61e29dc53d6cb72c8a12
rule,685012,7,primary,block_02,2000,2000,1.0,0.0,9b0e83c0e849f71d75501d56860ef40ea9e67f5714ed61e29dc53d6cb72c8a12
rule,685012,7,primary,block_03,2000,2000,1.0,0.0,9b0e83c0e849f71d75501d56860ef40ea9e67f5714ed61e29dc53d6cb72c8a12
rule,685012,42,primary,block_01,2000,1999,0.9995,0.0004999999999999449,56b90427fb9de287d0ac3ecdd6405985105db8f5852bf30066bc5d4df6f4dbf0
rule,685012,42,primary,block_02,2000,2000,1.0,0.0,56b90427fb9de287d0ac3ecdd6405985105db8f5852bf30066bc5d4df6f4dbf0
rule,685012,42,primary,block_03,2000,2000,1.0,0.0,56b90427fb9de287d0ac3ecdd6405985105db8f5852bf30066bc5d4df6f4dbf0
rule,685012,123,primary,block_01,2000,2000,1.0,0.0,a0f7c5237cccefea8590197fee0a86c34988641dedbcc7a697a2cec8ddbc7d69
rule,685012,123,primary,block_02,2000,1998,0.999,0.0010000000000000009,a0f7c5237cccefea8590197fee0a86c34988641dedbcc7a697a2cec8ddbc7d69
rule,685012,123,primary,block_03,2000,2000,1.0,0.0,a0f7c5237cccefea8590197fee0a86c34988641dedbcc7a697a2cec8ddbc7d69
rule,685012,2026,primary,block_01,2000,2000,1.0,0.0,f10a5d74ae5c1883ce216835649bc6650cc4cd5e72f512c094707137e3e25d8f
rule,685012,2026,primary,block_02,2000,2000,1.0,0.0,f10a5d74ae5c1883ce216835649bc6650cc4cd5e72f512c094707137e3e25d8f
rule,685012,2026,primary,block_03,2000,1999,0.9995,0.0004999999999999449,f10a5d74ae5c1883ce216835649bc6650cc4cd5e72f512c094707137e3e25d8f
rule,685012,3407,primary,block_01,2000,2000,1.0,0.0,b4c4d65d098da4e8c8e45e597e0eec8002facf6e47d333089d6139309df918fb
rule,685012,3407,primary,block_02,2000,1997,0.9985,0.0014999999999999458,b4c4d65d098da4e8c8e45e597e0eec8002facf6e47d333089d6139309df918fb
rule,685012,3407,primary,block_03,2000,1999,0.9995,0.0004999999999999449,b4c4d65d098da4e8c8e45e597e0eec8002facf6e47d333089d6139309df918fb
placebo,685012,7,primary,block_01,2000,2000,1.0,0.0,4ceb15c9de4c8052a04a50293c28c4ba2f7904d0ffc06d8c3e7766980f9f3f65
placebo,685012,7,primary,block_02,2000,2000,1.0,0.0,4ceb15c9de4c8052a04a50293c28c4ba2f7904d0ffc06d8c3e7766980f9f3f65
placebo,685012,7,primary,block_03,2000,2000,1.0,0.0,4ceb15c9de4c8052a04a50293c28c4ba2f7904d0ffc06d8c3e7766980f9f3f65
placebo,685012,42,primary,block_01,2000,2000,1.0,0.0,b5ca6a2383a9597974c04ca4d5644512e789269096423f47d65f83734045feeb
placebo,685012,42,primary,block_02,2000,2000,1.0,0.0,b5ca6a2383a9597974c04ca4d5644512e789269096423f47d65f83734045feeb
placebo,685012,42,primary,block_03,2000,2000,1.0,0.0,b5ca6a2383a9597974c04ca4d5644512e789269096423f47d65f83734045feeb
placebo,685012,123,primary,block_01,2000,2000,1.0,0.0,bbfd1289c45ebe5bd9447503e9a7c3ae2abee255cf39182fac4e280de03c9da5
placebo,685012,123,primary,block_02,2000,2000,1.0,0.0,bbfd1289c45ebe5bd9447503e9a7c3ae2abee255cf39182fac4e280de03c9da5
placebo,685012,123,primary,block_03,2000,2000,1.0,0.0,bbfd1289c45ebe5bd9447503e9a7c3ae2abee255cf39182fac4e280de03c9da5
placebo,685012,2026,primary,block_01,2000,2000,1.0,0.0,de4adb024e2c4715691db78bfa63aae8113c91b8f09894f271ec66910fc1dbf7
placebo,685012,2026,primary,block_02,2000,2000,1.0,0.0,de4adb024e2c4715691db78bfa63aae8113c91b8f09894f271ec66910fc1dbf7
placebo,685012,2026,primary,block_03,2000,2000,1.0,0.0,de4adb024e2c4715691db78bfa63aae8113c91b8f09894f271ec66910fc1dbf7
placebo,685012,3407,primary,block_01,2000,2000,1.0,0.0,4dd6200b787a4e25a34c9e1c5efe6bb211af90205c108dd574c27c9c3cc1ef3f
placebo,685012,3407,primary,block_02,2000,2000,1.0,0.0,4dd6200b787a4e25a34c9e1c5efe6bb211af90205c108dd574c27c9c3cc1ef3f
placebo,685012,3407,primary,block_03,2000,2000,1.0,0.0,4dd6200b787a4e25a34c9e1c5efe6bb211af90205c108dd574c27c9c3cc1ef3f
rule,192753,7,primary,block_01,2000,2000,1.0,0.0,facaad8dd896a4649a8e83a8325bbdedbee3032b2795a22566dc582b32999d12
rule,192753,7,primary,block_02,2000,2000,1.0,0.0,facaad8dd896a4649a8e83a8325bbdedbee3032b2795a22566dc582b32999d12
rule,192753,7,primary,block_03,2000,2000,1.0,0.0,facaad8dd896a4649a8e83a8325bbdedbee3032b2795a22566dc582b32999d12
rule,192753,42,primary,block_01,2000,2000,1.0,0.0,6c6fba7d4633956c0e8da4000ef1adf76fe697cdf80f830f1f94456856c57322
rule,192753,42,primary,block_02,2000,2000,1.0,0.0,6c6fba7d4633956c0e8da4000ef1adf76fe697cdf80f830f1f94456856c57322
rule,192753,42,primary,block_03,2000,2000,1.0,0.0,6c6fba7d4633956c0e8da4000ef1adf76fe697cdf80f830f1f94456856c57322
rule,192753,123,primary,block_01,2000,2000,1.0,0.0,6bb77688dd53bab5fdbe8a393d98bc68f08f7d88b5f4f269d9dcc3febc7cd17b
rule,192753,123,primary,block_02,2000,2000,1.0,0.0,6bb77688dd53bab5fdbe8a393d98bc68f08f7d88b5f4f269d9dcc3febc7cd17b
rule,192753,123,primary,block_03,2000,2000,1.0,0.0,6bb77688dd53bab5fdbe8a393d98bc68f08f7d88b5f4f269d9dcc3febc7cd17b
rule,192753,2026,primary,block_01,2000,2000,1.0,0.0,2bdf11142bdc92071dd08de8845f255f1412adf568fb87b4752ae93913b819c7
rule,192753,2026,primary,block_02,2000,2000,1.0,0.0,2bdf11142bdc92071dd08de8845f255f1412adf568fb87b4752ae93913b819c7
rule,192753,2026,primary,block_03,2000,2000,1.0,0.0,2bdf11142bdc92071dd08de8845f255f1412adf568fb87b4752ae93913b819c7
rule,192753,3407,primary,block_01,2000,2000,1.0,0.0,2d9cf0280166a0a05e2013297ed27d34e4a5752bc4e32982449f960e79d3dbda
rule,192753,3407,primary,block_02,2000,1999,0.9995,0.0004999999999999449,2d9cf0280166a0a05e2013297ed27d34e4a5752bc4e32982449f960e79d3dbda
rule,192753,3407,primary,block_03,2000,2000,1.0,0.0,2d9cf0280166a0a05e2013297ed27d34e4a5752bc4e32982449f960e79d3dbda
placebo,192753,7,primary,block_01,2000,2000,1.0,0.0,2335e060f2f9bd33e475dc5a6d74bdd9ede843a3ab5131dfaddf8a441e68a5ba
placebo,192753,7,primary,block_02,2000,2000,1.0,0.0,2335e060f2f9bd33e475dc5a6d74bdd9ede843a3ab5131dfaddf8a441e68a5ba
placebo,192753,7,primary,block_03,2000,2000,1.0,0.0,2335e060f2f9bd33e475dc5a6d74bdd9ede843a3ab5131dfaddf8a441e68a5ba
placebo,192753,42,primary,block_01,2000,2000,1.0,0.0,73559bfba25ad891cf5f29026e4ac31003b92ff6202f86aa869f1cffa64bc8ec
placebo,192753,42,primary,block_02,2000,1997,0.9985,0.0014999999999999458,73559bfba25ad891cf5f29026e4ac31003b92ff6202f86aa869f1cffa64bc8ec
placebo,192753,42,primary,block_03,2000,2000,1.0,0.0,73559bfba25ad891cf5f29026e4ac31003b92ff6202f86aa869f1cffa64bc8ec
placebo,192753,123,primary,block_01,2000,2000,1.0,0.0,eec10a6db0cbb3fe9fa9c7ad112b055eb499141cbcaf58363e21b9c1950c8262
placebo,192753,123,primary,block_02,2000,2000,1.0,0.0,eec10a6db0cbb3fe9fa9c7ad112b055eb499141cbcaf58363e21b9c1950c8262
placebo,192753,123,primary,block_03,2000,2000,1.0,0.0,eec10a6db0cbb3fe9fa9c7ad112b055eb499141cbcaf58363e21b9c1950c8262
placebo,192753,2026,primary,block_01,2000,2000,1.0,0.0,9378f492fa7b162fff17f34ad131fc929b7928e4a8c836ba89efa0be3266a96c
placebo,192753,2026,primary,block_02,2000,1998,0.999,0.0010000000000000009,9378f492fa7b162fff17f34ad131fc929b7928e4a8c836ba89efa0be3266a96c
placebo,192753,2026,primary,block_03,2000,2000,1.0,0.0,9378f492fa7b162fff17f34ad131fc929b7928e4a8c836ba89efa0be3266a96c
placebo,192753,3407,primary,block_01,2000,2000,1.0,0.0,e5e41eeaa7d562b20e6e232836725aeb682377fcddc1386f4b74745ecd73ff90
placebo,192753,3407,primary,block_02,2000,1999,0.9995,0.0004999999999999449,e5e41eeaa7d562b20e6e232836725aeb682377fcddc1386f4b74745ecd73ff90
placebo,192753,3407,primary,block_03,2000,2000,1.0,0.0,e5e41eeaa7d562b20e6e232836725aeb682377fcddc1386f4b74745ecd73ff90
rule,739263,7,primary,block_01,2000,2000,1.0,0.0,6541fcee4d4342bbb6c85c03721cb1f95fd7797a21133a3bd45dff4f36825b14
rule,739263,7,primary,block_02,2000,1999,0.9995,0.0004999999999999449,6541fcee4d4342bbb6c85c03721cb1f95fd7797a21133a3bd45dff4f36825b14
rule,739263,7,primary,block_03,2000,2000,1.0,0.0,6541fcee4d4342bbb6c85c03721cb1f95fd7797a21133a3bd45dff4f36825b14
rule,739263,42,primary,block_01,2000,2000,1.0,0.0,5347f9c6dffbfd6c3a5458f176a51e677dc8aeaa127e70366a05c492d1881d44
rule,739263,42,primary,block_02,2000,2000,1.0,0.0,5347f9c6dffbfd6c3a5458f176a51e677dc8aeaa127e70366a05c492d1881d44
rule,739263,42,primary,block_03,2000,1999,0.9995,0.0004999999999999449,5347f9c6dffbfd6c3a5458f176a51e677dc8aeaa127e70366a05c492d1881d44
rule,739263,123,primary,block_01,2000,2000,1.0,0.0,f08b0fd2ed2534ac1fb3ccb47ed331f1ab776aa7a20a6a29ae14ac3b00fe1591
rule,739263,123,primary,block_02,2000,1999,0.9995,0.0004999999999999449,f08b0fd2ed2534ac1fb3ccb47ed331f1ab776aa7a20a6a29ae14ac3b00fe1591
rule,739263,123,primary,block_03,2000,2000,1.0,0.0,f08b0fd2ed2534ac1fb3ccb47ed331f1ab776aa7a20a6a29ae14ac3b00fe1591
rule,739263,2026,primary,block_01,2000,2000,1.0,0.0,2862cc226537a43fafad2449568b7f3d5574fc91c052f1b24783e8545372ce07
rule,739263,2026,primary,block_02,2000,2000,1.0,0.0,2862cc226537a43fafad2449568b7f3d5574fc91c052f1b24783e8545372ce07
rule,739263,2026,primary,block_03,2000,1998,0.999,0.0010000000000000009,2862cc226537a43fafad2449568b7f3d5574fc91c052f1b24783e8545372ce07
rule,739263,3407,primary,block_01,2000,2000,1.0,0.0,ae32234fe046eeceda76661edb95ab89f324080530e0e4d58db68d7b304ae0a8
rule,739263,3407,primary,block_02,2000,2000,1.0,0.0,ae32234fe046eeceda76661edb95ab89f324080530e0e4d58db68d7b304ae0a8
rule,739263,3407,primary,block_03,2000,2000,1.0,0.0,ae32234fe046eeceda76661edb95ab89f324080530e0e4d58db68d7b304ae0a8
placebo,739263,7,primary,block_01,2000,2000,1.0,0.0,def3c264548584da3fe08a5f2dc606cbfeeb92ac8fe02977e8cb9dd159e74016
placebo,739263,7,primary,block_02,2000,2000,1.0,0.0,def3c264548584da3fe08a5f2dc606cbfeeb92ac8fe02977e8cb9dd159e74016
placebo,739263,7,primary,block_03,2000,2000,1.0,0.0,def3c264548584da3fe08a5f2dc606cbfeeb92ac8fe02977e8cb9dd159e74016
placebo,739263,42,primary,block_01,2000,2000,1.0,0.0,4cf6d81ee4fe8867ba49db4b93c03f4ffcd9209a01ef54a421b4cb6b4a754cc0
placebo,739263,42,primary,block_02,2000,1998,0.999,0.0010000000000000009,4cf6d81ee4fe8867ba49db4b93c03f4ffcd9209a01ef54a421b4cb6b4a754cc0
placebo,739263,42,primary,block_03,2000,2000,1.0,0.0,4cf6d81ee4fe8867ba49db4b93c03f4ffcd9209a01ef54a421b4cb6b4a754cc0
placebo,739263,123,primary,block_01,2000,2000,1.0,0.0,f6b34daa0bacd486bfad248197a39d659c87d3e6f0d0fe7c066aceecbb03288d
placebo,739263,123,primary,block_02,2000,1999,0.9995,0.0004999999999999449,f6b34daa0bacd486bfad248197a39d659c87d3e6f0d0fe7c066aceecbb03288d
placebo,739263,123,primary,block_03,2000,2000,1.0,0.0,f6b34daa0bacd486bfad248197a39d659c87d3e6f0d0fe7c066aceecbb03288d
placebo,739263,2026,primary,block_01,2000,2000,1.0,0.0,ed1b0ce711d9b7812ea092ce80c43b0eb7904b115e437802b74de31d51b73c28
placebo,739263,2026,primary,block_02,2000,1999,0.9995,0.0004999999999999449,ed1b0ce711d9b7812ea092ce80c43b0eb7904b115e437802b74de31d51b73c28
placebo,739263,2026,primary,block_03,2000,2000,1.0,0.0,ed1b0ce711d9b7812ea092ce80c43b0eb7904b115e437802b74de31d51b73c28
placebo,739263,3407,primary,block_01,2000,2000,1.0,0.0,01430faeb53c3cbc2dbe65a70ff0c7af5db0ab8211a2e0a85f37781a14c5a99e
placebo,739263,3407,primary,block_02,2000,2000,1.0,0.0,01430faeb53c3cbc2dbe65a70ff0c7af5db0ab8211a2e0a85f37781a14c5a99e
placebo,739263,3407,primary,block_03,2000,2000,1.0,0.0,01430faeb53c3cbc2dbe65a70ff0c7af5db0ab8211a2e0a85f37781a14c5a99e
rule,271828,7,bridge_sensitivity,block_01,2000,2000,1.0,0.0,6d0960924e5aef290e98e4ca92392c532bbbe2bf9999684b20e5c12b202a0222
rule,271828,7,bridge_sensitivity,block_02,2000,2000,1.0,0.0,6d0960924e5aef290e98e4ca92392c532bbbe2bf9999684b20e5c12b202a0222
rule,271828,7,bridge_sensitivity,block_03,2000,1999,0.9995,0.0004999999999999449,6d0960924e5aef290e98e4ca92392c532bbbe2bf9999684b20e5c12b202a0222
rule,271828,42,bridge_sensitivity,block_01,2000,2000,1.0,0.0,5932436516f5185bacf9aded183c349f70ac3e07526b69f558546f3bf695a531
rule,271828,42,bridge_sensitivity,block_02,2000,2000,1.0,0.0,5932436516f5185bacf9aded183c349f70ac3e07526b69f558546f3bf695a531
rule,271828,42,bridge_sensitivity,block_03,2000,2000,1.0,0.0,5932436516f5185bacf9aded183c349f70ac3e07526b69f558546f3bf695a531
rule,271828,123,bridge_sensitivity,block_01,2000,2000,1.0,0.0,b4f5a97501060c67176586a26035d1bd1d12d58cd7d434cf5aec5d74a5f1b54d
rule,271828,123,bridge_sensitivity,block_02,2000,2000,1.0,0.0,b4f5a97501060c67176586a26035d1bd1d12d58cd7d434cf5aec5d74a5f1b54d
rule,271828,123,bridge_sensitivity,block_03,2000,2000,1.0,0.0,b4f5a97501060c67176586a26035d1bd1d12d58cd7d434cf5aec5d74a5f1b54d
rule,271828,2026,bridge_sensitivity,block_01,2000,2000,1.0,0.0,74ae2fca12c5707c8aa290135d5b4d8f49a9add3f9cdc8fb8e10c3a1d2dd562f
rule,271828,2026,bridge_sensitivity,block_02,2000,2000,1.0,0.0,74ae2fca12c5707c8aa290135d5b4d8f49a9add3f9cdc8fb8e10c3a1d2dd562f
rule,271828,2026,bridge_sensitivity,block_03,2000,2000,1.0,0.0,74ae2fca12c5707c8aa290135d5b4d8f49a9add3f9cdc8fb8e10c3a1d2dd562f
rule,271828,3407,bridge_sensitivity,block_01,2000,2000,1.0,0.0,5c324eb42dda179df48e604fdf063e5517b6ccaad273a08c90360598799f6f1f
rule,271828,3407,bridge_sensitivity,block_02,2000,2000,1.0,0.0,5c324eb42dda179df48e604fdf063e5517b6ccaad273a08c90360598799f6f1f
rule,271828,3407,bridge_sensitivity,block_03,2000,2000,1.0,0.0,5c324eb42dda179df48e604fdf063e5517b6ccaad273a08c90360598799f6f1f
placebo,271828,7,bridge_sensitivity,block_01,2000,2000,1.0,0.0,a30cf49460a25d38e3f0001f41c1049255c24719cc21e462c2609d5f45e3d309
placebo,271828,7,bridge_sensitivity,block_02,2000,2000,1.0,0.0,a30cf49460a25d38e3f0001f41c1049255c24719cc21e462c2609d5f45e3d309
placebo,271828,7,bridge_sensitivity,block_03,2000,1999,0.9995,0.0004999999999999449,a30cf49460a25d38e3f0001f41c1049255c24719cc21e462c2609d5f45e3d309
placebo,271828,42,bridge_sensitivity,block_01,2000,2000,1.0,0.0,81ee1afb04019aa086bd4b18e93c866c1c5ef905c0588ee8c34b58be347f7f4e
placebo,271828,42,bridge_sensitivity,block_02,2000,2000,1.0,0.0,81ee1afb04019aa086bd4b18e93c866c1c5ef905c0588ee8c34b58be347f7f4e
placebo,271828,42,bridge_sensitivity,block_03,2000,2000,1.0,0.0,81ee1afb04019aa086bd4b18e93c866c1c5ef905c0588ee8c34b58be347f7f4e
placebo,271828,123,bridge_sensitivity,block_01,2000,2000,1.0,0.0,fb1c66ae005512ef14792b04a36d456a058b816aa945a5d636b500a74db33b71
placebo,271828,123,bridge_sensitivity,block_02,2000,1999,0.9995,0.0004999999999999449,fb1c66ae005512ef14792b04a36d456a058b816aa945a5d636b500a74db33b71
placebo,271828,123,bridge_sensitivity,block_03,2000,2000,1.0,0.0,fb1c66ae005512ef14792b04a36d456a058b816aa945a5d636b500a74db33b71
placebo,271828,2026,bridge_sensitivity,block_01,2000,2000,1.0,0.0,b6da055737f34d6ef0fbc866a086350c650012a33fd257e5f57021f91888e049
placebo,271828,2026,bridge_sensitivity,block_02,2000,2000,1.0,0.0,b6da055737f34d6ef0fbc866a086350c650012a33fd257e5f57021f91888e049
placebo,271828,2026,bridge_sensitivity,block_03,2000,2000,1.0,0.0,b6da055737f34d6ef0fbc866a086350c650012a33fd257e5f57021f91888e049
placebo,271828,3407,bridge_sensitivity,block_01,2000,2000,1.0,0.0,867657352a815a6eaa2813b25d46ee076300f0f340963e01ca0a30d76c402b49
placebo,271828,3407,bridge_sensitivity,block_02,2000,2000,1.0,0.0,867657352a815a6eaa2813b25d46ee076300f0f340963e01ca0a30d76c402b49
placebo,271828,3407,bridge_sensitivity,block_03,2000,2000,1.0,0.0,867657352a815a6eaa2813b25d46ee076300f0f340963e01ca0a30d76c402b49
rule,161803,7,bridge_sensitivity,block_01,2000,2000,1.0,0.0,4462536029cca748f64d7b793b24fbad86042cfd2ec4d07b877dd92974354e49
rule,161803,7,bridge_sensitivity,block_02,2000,1999,0.9995,0.0004999999999999449,4462536029cca748f64d7b793b24fbad86042cfd2ec4d07b877dd92974354e49
rule,161803,7,bridge_sensitivity,block_03,2000,2000,1.0,0.0,4462536029cca748f64d7b793b24fbad86042cfd2ec4d07b877dd92974354e49
rule,161803,42,bridge_sensitivity,block_01,2000,2000,1.0,0.0,1afcdc2e0e113c51dbe371547d08fa8385f5774eb9d51954016f2044200a0db3
rule,161803,42,bridge_sensitivity,block_02,2000,2000,1.0,0.0,1afcdc2e0e113c51dbe371547d08fa8385f5774eb9d51954016f2044200a0db3
rule,161803,42,bridge_sensitivity,block_03,2000,2000,1.0,0.0,1afcdc2e0e113c51dbe371547d08fa8385f5774eb9d51954016f2044200a0db3
rule,161803,123,bridge_sensitivity,block_01,2000,2000,1.0,0.0,05d8763b9dcbee620e72e6fdd275c08d7a67191201b59e68e0c0e77911861be5
rule,161803,123,bridge_sensitivity,block_02,2000,2000,1.0,0.0,05d8763b9dcbee620e72e6fdd275c08d7a67191201b59e68e0c0e77911861be5
rule,161803,123,bridge_sensitivity,block_03,2000,1999,0.9995,0.0004999999999999449,05d8763b9dcbee620e72e6fdd275c08d7a67191201b59e68e0c0e77911861be5
rule,161803,2026,bridge_sensitivity,block_01,2000,2000,1.0,0.0,18c40949dab5b9d669a2118c7c32e8fcada30cd69c2812b01b8ce0ee7288477d
rule,161803,2026,bridge_sensitivity,block_02,2000,2000,1.0,0.0,18c40949dab5b9d669a2118c7c32e8fcada30cd69c2812b01b8ce0ee7288477d
rule,161803,2026,bridge_sensitivity,block_03,2000,2000,1.0,0.0,18c40949dab5b9d669a2118c7c32e8fcada30cd69c2812b01b8ce0ee7288477d
rule,161803,3407,bridge_sensitivity,block_01,2000,2000,1.0,0.0,d38099f33b82ac955da57e77b7b75b9bd72c5850afced2321c2b68eb98796db8
rule,161803,3407,bridge_sensitivity,block_02,2000,2000,1.0,0.0,d38099f33b82ac955da57e77b7b75b9bd72c5850afced2321c2b68eb98796db8
rule,161803,3407,bridge_sensitivity,block_03,2000,1999,0.9995,0.0004999999999999449,d38099f33b82ac955da57e77b7b75b9bd72c5850afced2321c2b68eb98796db8
placebo,161803,7,bridge_sensitivity,block_01,2000,2000,1.0,0.0,1475be12e524ceb0c085dec83b82969ac18c745e2350aaff1ec33b5bbf86503c
placebo,161803,7,bridge_sensitivity,block_02,2000,2000,1.0,0.0,1475be12e524ceb0c085dec83b82969ac18c745e2350aaff1ec33b5bbf86503c
placebo,161803,7,bridge_sensitivity,block_03,2000,2000,1.0,0.0,1475be12e524ceb0c085dec83b82969ac18c745e2350aaff1ec33b5bbf86503c
placebo,161803,42,bridge_sensitivity,block_01,2000,2000,1.0,0.0,a546fa1f68ed6975a8710ea658bcc7e8177c708e5b0d5bf11c59eaefe9b422fe
placebo,161803,42,bridge_sensitivity,block_02,2000,1999,0.9995,0.0004999999999999449,a546fa1f68ed6975a8710ea658bcc7e8177c708e5b0d5bf11c59eaefe9b422fe
placebo,161803,42,bridge_sensitivity,block_03,2000,2000,1.0,0.0,a546fa1f68ed6975a8710ea658bcc7e8177c708e5b0d5bf11c59eaefe9b422fe
placebo,161803,123,bridge_sensitivity,block_01,2000,2000,1.0,0.0,d8ea6603c4421c287ff84e05377d504151a1e5d356796844e589ab7d23e61857
placebo,161803,123,bridge_sensitivity,block_02,2000,1998,0.999,0.0010000000000000009,d8ea6603c4421c287ff84e05377d504151a1e5d356796844e589ab7d23e61857
placebo,161803,123,bridge_sensitivity,block_03,2000,2000,1.0,0.0,d8ea6603c4421c287ff84e05377d504151a1e5d356796844e589ab7d23e61857
placebo,161803,2026,bridge_sensitivity,block_01,2000,2000,1.0,0.0,4809eb144ad07a2538c5457748d83984c78dbd68960184ded9b0be0962aa4376
placebo,161803,2026,bridge_sensitivity,block_02,2000,2000,1.0,0.0,4809eb144ad07a2538c5457748d83984c78dbd68960184ded9b0be0962aa4376
placebo,161803,2026,bridge_sensitivity,block_03,2000,2000,1.0,0.0,4809eb144ad07a2538c5457748d83984c78dbd68960184ded9b0be0962aa4376
placebo,161803,3407,bridge_sensitivity,block_01,2000,2000,1.0,0.0,8a919d9e2bfe4015b2a5bb4bd51036d508a257150fa8ceca80ec684df85a2a65
placebo,161803,3407,bridge_sensitivity,block_02,2000,2000,1.0,0.0,8a919d9e2bfe4015b2a5bb4bd51036d508a257150fa8ceca80ec684df85a2a65
placebo,161803,3407,bridge_sensitivity,block_03,2000,2000,1.0,0.0,8a919d9e2bfe4015b2a5bb4bd51036d508a257150fa8ceca80ec684df85a2a65
rule,141421,7,bridge_sensitivity,block_01,2000,2000,1.0,0.0,dcf0274d3d71ce98ec076cd6480c9a7912761f742ae3f50715f4f73946fd1181
rule,141421,7,bridge_sensitivity,block_02,2000,1997,0.9985,0.0014999999999999458,dcf0274d3d71ce98ec076cd6480c9a7912761f742ae3f50715f4f73946fd1181
rule,141421,7,bridge_sensitivity,block_03,2000,2000,1.0,0.0,dcf0274d3d71ce98ec076cd6480c9a7912761f742ae3f50715f4f73946fd1181
rule,141421,42,bridge_sensitivity,block_01,2000,2000,1.0,0.0,662cd1004309744c414167350a159c8c63131f280a72bb742672ac9cf9855be7
rule,141421,42,bridge_sensitivity,block_02,2000,2000,1.0,0.0,662cd1004309744c414167350a159c8c63131f280a72bb742672ac9cf9855be7
rule,141421,42,bridge_sensitivity,block_03,2000,1999,0.9995,0.0004999999999999449,662cd1004309744c414167350a159c8c63131f280a72bb742672ac9cf9855be7
rule,141421,123,bridge_sensitivity,block_01,2000,2000,1.0,0.0,c029eed5afd1d8443d5d50cf4a090c96ca82594207f8befe0c4a442b8eae0226
rule,141421,123,bridge_sensitivity,block_02,2000,2000,1.0,0.0,c029eed5afd1d8443d5d50cf4a090c96ca82594207f8befe0c4a442b8eae0226
rule,141421,123,bridge_sensitivity,block_03,2000,2000,1.0,0.0,c029eed5afd1d8443d5d50cf4a090c96ca82594207f8befe0c4a442b8eae0226
rule,141421,2026,bridge_sensitivity,block_01,2000,2000,1.0,0.0,31897304fbcec15216d808ecf0e3f2b05c92f06b49b04577a963ae8e7c185d75
rule,141421,2026,bridge_sensitivity,block_02,2000,2000,1.0,0.0,31897304fbcec15216d808ecf0e3f2b05c92f06b49b04577a963ae8e7c185d75
rule,141421,2026,bridge_sensitivity,block_03,2000,2000,1.0,0.0,31897304fbcec15216d808ecf0e3f2b05c92f06b49b04577a963ae8e7c185d75
rule,141421,3407,bridge_sensitivity,block_01,2000,2000,1.0,0.0,0a9902d9d96b2192b7369d03f020941da798daf55e333c8bc93637772390b4a3
rule,141421,3407,bridge_sensitivity,block_02,2000,1998,0.999,0.0010000000000000009,0a9902d9d96b2192b7369d03f020941da798daf55e333c8bc93637772390b4a3
rule,141421,3407,bridge_sensitivity,block_03,2000,2000,1.0,0.0,0a9902d9d96b2192b7369d03f020941da798daf55e333c8bc93637772390b4a3
placebo,141421,7,bridge_sensitivity,block_01,2000,2000,1.0,0.0,49a9a6abf3256dd86058eac8634a578069c2ea6bfa55a45b1725c12b79eac51a
placebo,141421,7,bridge_sensitivity,block_02,2000,2000,1.0,0.0,49a9a6abf3256dd86058eac8634a578069c2ea6bfa55a45b1725c12b79eac51a
placebo,141421,7,bridge_sensitivity,block_03,2000,2000,1.0,0.0,49a9a6abf3256dd86058eac8634a578069c2ea6bfa55a45b1725c12b79eac51a
placebo,141421,42,bridge_sensitivity,block_01,2000,2000,1.0,0.0,bd1e4bbe1ea0381cd5e6eb0be5706f3e761d3be9adaf67dbf591abcddf8822f1
placebo,141421,42,bridge_sensitivity,block_02,2000,2000,1.0,0.0,bd1e4bbe1ea0381cd5e6eb0be5706f3e761d3be9adaf67dbf591abcddf8822f1
placebo,141421,42,bridge_sensitivity,block_03,2000,2000,1.0,0.0,bd1e4bbe1ea0381cd5e6eb0be5706f3e761d3be9adaf67dbf591abcddf8822f1
placebo,141421,123,bridge_sensitivity,block_01,2000,2000,1.0,0.0,2bdee2f1a7839a739ad659926cf6f105346730e22ce1086897eb93db98fbc3be
placebo,141421,123,bridge_sensitivity,block_02,2000,1998,0.999,0.0010000000000000009,2bdee2f1a7839a739ad659926cf6f105346730e22ce1086897eb93db98fbc3be
placebo,141421,123,bridge_sensitivity,block_03,2000,2000,1.0,0.0,2bdee2f1a7839a739ad659926cf6f105346730e22ce1086897eb93db98fbc3be
placebo,141421,2026,bridge_sensitivity,block_01,2000,2000,1.0,0.0,1d7c6b83e6badbc8c6707f48e95c1e8f05ad4a3ddbb288db7fdc5299feca0f53
placebo,141421,2026,bridge_sensitivity,block_02,2000,2000,1.0,0.0,1d7c6b83e6badbc8c6707f48e95c1e8f05ad4a3ddbb288db7fdc5299feca0f53
placebo,141421,2026,bridge_sensitivity,block_03,2000,1999,0.9995,0.0004999999999999449,1d7c6b83e6badbc8c6707f48e95c1e8f05ad4a3ddbb288db7fdc5299feca0f53
placebo,141421,3407,bridge_sensitivity,block_01,2000,2000,1.0,0.0,f2684370bea0f9a37c4c4238ce25d41afbc9eb6899a60de3be095bc38590d341
placebo,141421,3407,bridge_sensitivity,block_02,2000,1999,0.9995,0.0004999999999999449,f2684370bea0f9a37c4c4238ce25d41afbc9eb6899a60de3be095bc38590d341
placebo,141421,3407,bridge_sensitivity,block_03,2000,1999,0.9995,0.0004999999999999449,f2684370bea0f9a37c4c4238ce25d41afbc9eb6899a60de3be095bc38590d341
rule,173205,7,bridge_sensitivity,block_01,2000,2000,1.0,0.0,7793546b1d1d4831be61e9994299d7a5a1fc774b6493635e781dc0424905f37f
rule,173205,7,bridge_sensitivity,block_02,2000,2000,1.0,0.0,7793546b1d1d4831be61e9994299d7a5a1fc774b6493635e781dc0424905f37f
rule,173205,7,bridge_sensitivity,block_03,2000,2000,1.0,0.0,7793546b1d1d4831be61e9994299d7a5a1fc774b6493635e781dc0424905f37f
rule,173205,42,bridge_sensitivity,block_01,2000,2000,1.0,0.0,76ad25ec174c9efa5fcf84c7b0e449c48f61a47c2fbc792e73069181ff7fba42
rule,173205,42,bridge_sensitivity,block_02,2000,2000,1.0,0.0,76ad25ec174c9efa5fcf84c7b0e449c48f61a47c2fbc792e73069181ff7fba42
rule,173205,42,bridge_sensitivity,block_03,2000,1999,0.9995,0.0004999999999999449,76ad25ec174c9efa5fcf84c7b0e449c48f61a47c2fbc792e73069181ff7fba42
rule,173205,123,bridge_sensitivity,block_01,2000,1999,0.9995,0.0004999999999999449,30d09b2394c7ab32a8e203f14eb8f31beaf2d033864fb83d402bcf7f9f9fd8d1
rule,173205,123,bridge_sensitivity,block_02,2000,2000,1.0,0.0,30d09b2394c7ab32a8e203f14eb8f31beaf2d033864fb83d402bcf7f9f9fd8d1
rule,173205,123,bridge_sensitivity,block_03,2000,1999,0.9995,0.0004999999999999449,30d09b2394c7ab32a8e203f14eb8f31beaf2d033864fb83d402bcf7f9f9fd8d1
rule,173205,2026,bridge_sensitivity,block_01,2000,1999,0.9995,0.0004999999999999449,da9c33fe82a299a432b51e44513af1bb700d93697343e712fcc5d8cf0c7636a5
rule,173205,2026,bridge_sensitivity,block_02,2000,2000,1.0,0.0,da9c33fe82a299a432b51e44513af1bb700d93697343e712fcc5d8cf0c7636a5
rule,173205,2026,bridge_sensitivity,block_03,2000,1999,0.9995,0.0004999999999999449,da9c33fe82a299a432b51e44513af1bb700d93697343e712fcc5d8cf0c7636a5
rule,173205,3407,bridge_sensitivity,block_01,2000,2000,1.0,0.0,2ff3bef8fdb85fc37033a0850e1e3125001ffdd64ff0191c8a6178de827db29c
rule,173205,3407,bridge_sensitivity,block_02,2000,2000,1.0,0.0,2ff3bef8fdb85fc37033a0850e1e3125001ffdd64ff0191c8a6178de827db29c
rule,173205,3407,bridge_sensitivity,block_03,2000,2000,1.0,0.0,2ff3bef8fdb85fc37033a0850e1e3125001ffdd64ff0191c8a6178de827db29c
placebo,173205,7,bridge_sensitivity,block_01,2000,2000,1.0,0.0,ee71612b575f7e7cef014c04c01e28ac34e8d715a83144b40504b757230a1a84
placebo,173205,7,bridge_sensitivity,block_02,2000,1999,0.9995,0.0004999999999999449,ee71612b575f7e7cef014c04c01e28ac34e8d715a83144b40504b757230a1a84
placebo,173205,7,bridge_sensitivity,block_03,2000,1999,0.9995,0.0004999999999999449,ee71612b575f7e7cef014c04c01e28ac34e8d715a83144b40504b757230a1a84
placebo,173205,42,bridge_sensitivity,block_01,2000,2000,1.0,0.0,15500a0b8e07501d1e2687f1ab1d5d3f31977b0248fe5842b797c21bea16e231
placebo,173205,42,bridge_sensitivity,block_02,2000,2000,1.0,0.0,15500a0b8e07501d1e2687f1ab1d5d3f31977b0248fe5842b797c21bea16e231
placebo,173205,42,bridge_sensitivity,block_03,2000,2000,1.0,0.0,15500a0b8e07501d1e2687f1ab1d5d3f31977b0248fe5842b797c21bea16e231
placebo,173205,123,bridge_sensitivity,block_01,2000,2000,1.0,0.0,dc2ec902a4391b718b22b0ac1ebbe8569b960cfe103e3b71149345a45f568ea1
placebo,173205,123,bridge_sensitivity,block_02,2000,2000,1.0,0.0,dc2ec902a4391b718b22b0ac1ebbe8569b960cfe103e3b71149345a45f568ea1
placebo,173205,123,bridge_sensitivity,block_03,2000,1999,0.9995,0.0004999999999999449,dc2ec902a4391b718b22b0ac1ebbe8569b960cfe103e3b71149345a45f568ea1
placebo,173205,2026,bridge_sensitivity,block_01,2000,2000,1.0,0.0,167dab59e97f022ec983caee989bb09405c1d5e2674d3f3d7d204e6ca62dd54f
placebo,173205,2026,bridge_sensitivity,block_02,2000,2000,1.0,0.0,167dab59e97f022ec983caee989bb09405c1d5e2674d3f3d7d204e6ca62dd54f
placebo,173205,2026,bridge_sensitivity,block_03,2000,1999,0.9995,0.0004999999999999449,167dab59e97f022ec983caee989bb09405c1d5e2674d3f3d7d204e6ca62dd54f
placebo,173205,3407,bridge_sensitivity,block_01,2000,2000,1.0,0.0,0337de16f9d4e3137bddbe65f91a04146ea676d56cda8f4a5526a61e4771c3ba
placebo,173205,3407,bridge_sensitivity,block_02,2000,1999,0.9995,0.0004999999999999449,0337de16f9d4e3137bddbe65f91a04146ea676d56cda8f4a5526a61e4771c3ba
placebo,173205,3407,bridge_sensitivity,block_03,2000,2000,1.0,0.0,0337de16f9d4e3137bddbe65f91a04146ea676d56cda8f4a5526a61e4771c3ba
