row_type,dataset,group_type,setting,setting_label,seeds,pipeline_seed_count,pipeline_seed_interpretation,group_count,windows,normal_windows,attack_windows,source_policy_fpr_mean,source_policy_fpr_std,source_policy_normal_recall_mean,source_policy_normal_recall_std,source_policy_attack_recall_mean,source_policy_attack_recall_std,roc_auc_mean,roc_auc_std,average_precision_pr_auc_mean,average_precision_pr_auc_std,attack_prevalence_mean,attack_prevalence_std,achieved_fpr_at_fpr_0p001_mean,achieved_fpr_at_fpr_0p001_std,tpr_at_fpr_0p001_mean,tpr_at_fpr_0p001_std,achieved_fpr_at_fpr_0p01_mean,achieved_fpr_at_fpr_0p01_std,tpr_at_fpr_0p01_mean,tpr_at_fpr_0p01_std,contrast_direction,source_policy_fpr_paired_values_seed7_42_123,source_policy_normal_recall_paired_values_seed7_42_123,source_policy_attack_recall_paired_values_seed7_42_123,roc_auc_paired_values_seed7_42_123,average_precision_pr_auc_paired_values_seed7_42_123,attack_prevalence_paired_values_seed7_42_123,achieved_fpr_at_fpr_0p001_paired_values_seed7_42_123,tpr_at_fpr_0p001_paired_values_seed7_42_123,achieved_fpr_at_fpr_0p01_paired_values_seed7_42_123,tpr_at_fpr_0p01_paired_values_seed7_42_123
setting_summary,OTIDS,source_file_or_scenario,real_only,Real only,7;42;123,3,"paired fits; not capture, vehicle, construction, or population replication",4,144156,74040,70116,0.9980866198451288,0.002133482926178332,0.001913380154871241,0.0021334829261783228,0.9908152204917565,0.008429082323920407,0.5494822755811503,0.06936235793563224,0.5327373132520002,0.0652443635103301,0.4863897444435195,0.0,0.0,0.0,0.0,0.0,0.0,0.0,0.0,0.0,,,,,,,,,,,
setting_summary,OTIDS,source_file_or_scenario,real_oversampling_0p50,Real oversampling +50%,7;42;123,3,"paired fits; not capture, vehicle, construction, or population replication",4,144156,74040,70116,0.8591166936790925,0.14663488046364254,0.14088330632090762,0.14663488046364248,0.8860745051058246,0.11502792618813272,0.6764004674222708,0.028051046597486362,0.6715559345234426,0.051047353846481146,0.4863897444435195,0.0,0.0,0.0,0.0,0.0,0.0,0.0,0.0,0.0,,,,,,,,,,,
setting_summary,OTIDS,source_file_or_scenario,rule_0p10,Rule +10%,7;42;123,3,"paired fits; not capture, vehicle, construction, or population replication",4,144156,74040,70116,0.999540788762831,0.0007837095665264001,0.00045921123716909773,0.0007837095665264186,0.9994152547207484,0.0010128085331496959,0.5258635061786988,0.0311512015843584,0.5018635093766536,0.019706117799185015,0.4863897444435195,0.0,0.0,0.0,0.0,0.0,0.0,0.0,0.0,0.0,,,,,,,,,,,
setting_summary,OTIDS,source_file_or_scenario,rule_0p30,Rule +30%,7;42;123,3,"paired fits; not capture, vehicle, construction, or population replication",4,144156,74040,70116,0.9999729875742842,3.5734080376354586e-05,2.7012425715829283e-05,3.573408037634509e-05,0.9999334436267518,9.169234564623223e-05,0.5011170776714057,0.0035140490728252905,0.48696510841157914,0.0017860736522137177,0.4863897444435195,0.0,0.0,0.0,0.0,0.0,0.0,0.0,0.0,0.0,,,,,,,,,,,
setting_summary,OTIDS,source_file_or_scenario,rule_0p50,Rule +50%,7;42;123,3,"paired fits; not capture, vehicle, construction, or population replication",4,144156,74040,70116,1.0,0.0,0.0,0.0,1.0,0.0,0.5158185589369912,0.008722241971782178,0.49451194898518386,0.0045138510314058355,0.4863897444435195,0.0,0.0,0.0,0.0,0.0,0.0,0.0,0.0,0.0,,,,,,,,,,,
setting_summary,OTIDS,source_file_or_scenario,rule_1p00,Rule +100%,7;42;123,3,"paired fits; not capture, vehicle, construction, or population replication",4,144156,74040,70116,0.9999954979290474,7.797815629237738e-06,4.502070952638214e-06,7.797815629249402e-06,0.9999952459733393,8.234215716688166e-06,0.5120849844843568,0.02004509599720695,0.49272719646136925,0.01053282322606285,0.4863897444435195,0.0,0.0,0.0,0.0,0.0,0.0,0.0,0.0,0.0,,,,,,,,,,,
setting_summary,ROAD,capture,real_only,Real only,7;42;123,3,"paired fits; not capture, vehicle, construction, or population replication",41,856605,808854,47751,0.9996159174997383,0.0006052480212682134,0.0003840825002616871,0.0006052480212682195,1.0,0.0,0.5166878383130453,0.028174286380246886,0.05767928509611161,0.0032742718538604854,0.05574447966098727,0.0,0.0,0.0,0.0,0.0,0.0,0.0,0.0,0.0,,,,,,,,,,,
setting_summary,ROAD,capture,real_oversampling_0p50,Real oversampling +50%,7;42;123,3,"paired fits; not capture, vehicle, construction, or population replication",41,856605,808854,47751,0.9997626271243018,0.00026401665899327016,0.00023737287569821006,0.00026401665899329104,1.0,0.0,0.510717549245387,0.008680773783326838,0.05690815526993911,0.0009457451809211605,0.05574447966098727,0.0,0.0,0.0,0.0,0.0,0.0,0.0,0.0,0.0,,,,,,,,,,,
setting_summary,ROAD,capture,rule_0p10,Rule +10%,7;42;123,3,"paired fits; not capture, vehicle, construction, or population replication",41,856605,808854,47751,1.0,0.0,0.0,0.0,1.0,0.0,0.5001155956451968,0.00013271850692782717,0.05575665387807543,1.3979661578306211e-05,0.05574447966098727,0.0,0.0,0.0,0.0,0.0,0.0,0.0,0.0,0.0,,,,,,,,,,,
setting_summary,ROAD,capture,rule_0p30,Rule +30%,7;42;123,3,"paired fits; not capture, vehicle, construction, or population replication",41,856605,808854,47751,1.0,0.0,0.0,0.0,1.0,0.0,0.5,0.0,0.05574447966098727,0.0,0.05574447966098727,0.0,0.0,0.0,0.0,0.0,0.0,0.0,0.0,0.0,,,,,,,,,,,
setting_summary,ROAD,capture,rule_0p50,Rule +50%,7;42;123,3,"paired fits; not capture, vehicle, construction, or population replication",41,856605,808854,47751,1.0,0.0,0.0,0.0,1.0,0.0,0.5,0.0,0.05574447966098727,0.0,0.05574447966098727,0.0,0.0,0.0,0.0,0.0,0.0,0.0,0.0,0.0,,,,,,,,,,,
setting_summary,ROAD,capture,rule_1p00,Rule +100%,7;42;123,3,"paired fits; not capture, vehicle, construction, or population replication",41,856605,808854,47751,1.0,0.0,0.0,0.0,1.0,0.0,0.5,0.0,0.05574447966098727,0.0,0.05574447966098727,0.0,0.0,0.0,0.0,0.0,0.0,0.0,0.0,0.0,,,,,,,,,,,
setting_summary,can-train-and-test,test_file,real_only,Real only,7;42;123,3,"paired fits; not capture, vehicle, construction, or population replication",176,4490896,4176911,313985,0.9999454142068146,4.701432277286081e-05,5.4585793185442545e-05,4.7014322772852365e-05,1.0,0.0,0.5000183040982021,0.00031215477196751024,0.0699182787078983,4.060358145493227e-05,0.06991589206251937,0.0,0.0,0.0,0.0,0.0,0.0,0.0,0.0,0.0,,,,,,,,,,,
setting_summary,can-train-and-test,test_file,real_oversampling_0p50,Real oversampling +50%,7;42;123,3,"paired fits; not capture, vehicle, construction, or population replication",176,4490896,4176911,313985,0.9998087901162686,0.00016451330416251823,0.00019120988373146248,0.00016451330416255083,0.9992611111995796,0.0006399043974754246,0.500286421152861,0.0005510923130132912,0.06995327126349397,7.175855346713853e-05,0.06991589206251937,0.0,0.0,0.0,0.0,0.0,0.0,0.0,0.0,0.0,,,,,,,,,,,
setting_summary,can-train-and-test,test_file,rule_0p10,Rule +10%,7;42;123,3,"paired fits; not capture, vehicle, construction, or population replication",176,4490896,4176911,313985,0.9999997605886263,4.146726630107378e-07,2.3941137362036206e-07,4.146726630203223e-07,0.9996900064228121,0.0005369246257094006,0.4996658338549638,0.0006835376336035736,0.0698724794308813,8.8818117576759e-05,0.06991589206251937,0.0,0.0,0.0,0.0,0.0,0.0,0.0,0.0,0.0,,,,,,,,,,,
setting_summary,can-train-and-test,test_file,rule_0p30,Rule +30%,7;42;123,3,"paired fits; not capture, vehicle, construction, or population replication",176,4490896,4176911,313985,0.9999966482407694,3.615032465476874e-06,3.3517592306850683e-06,3.6150324655089605e-06,0.9998503113206044,0.0002592683980308989,0.4998629577403584,0.00035048684963527794,0.06989808067942256,4.556426317901664e-05,0.06991589206251937,0.0,0.0,0.0,0.0,0.0,0.0,0.0,0.0,0.0,,,,,,,,,,,
setting_summary,can-train-and-test,test_file,rule_0p50,Rule +50%,7;42;123,3,"paired fits; not capture, vehicle, construction, or population replication",176,4490896,4176911,313985,1.0,0.0,0.0,0.0,1.0,0.0,0.499077423406413,0.0008932384652154694,0.06979605806858212,0.0001159718316002639,0.06991589206251937,0.0,0.0,0.0,0.0,0.0,0.0,0.0,0.0,0.0,,,,,,,,,,,
setting_summary,can-train-and-test,test_file,rule_1p00,Rule +100%,7;42;123,3,"paired fits; not capture, vehicle, construction, or population replication",176,4490896,4176911,313985,0.9999997605886263,4.146726630107378e-07,2.3941137362036206e-07,4.1467266302032224e-07,1.0,0.0,0.49991773177210413,0.00018433857964911623,0.06990519582995254,2.396916845361537e-05,0.06991589206251937,0.0,0.0,0.0,0.0,0.0,0.0,0.0,0.0,0.0,,,,,,,,,,,
primary_paired_contrast,OTIDS,source_file_or_scenario,rule_0p30_minus_real_only,Rule +30% minus Real only,7;42;123,3,paired descriptive difference; supporting evidence only,4,144156,74040,70116,0.0018863677291554397,0.0021326277313631747,-0.0018863677291554115,0.0021326277313631543,0.009118223134995329,0.00835020525269414,-0.048365197909744584,0.07189452920886381,-0.04577220484042097,0.06647586318638435,0.0,0.0,0.0,0.0,0.0,0.0,0.0,0.0,0.0,0.0,positive favors Rule for recall/ranking; negative favors Rule for FPR,0.00420043219881;0.00145867098865;0,-0.00420043219881;-0.00145867098865;0,0.0107536083062;0.0165297506988;7.13103999087e-05,-0.13125896735;-0.0030079972013;-0.0108286291777,-0.122530004829;-0.00692373898775;-0.00786287070482,0;0;0,0;0;0,0;0;0,0;0;0,0;0;0
primary_paired_contrast,ROAD,capture,rule_0p30_minus_real_only,Rule +30% minus Real only,7;42;123,3,paired descriptive difference; supporting evidence only,41,856605,808854,47751,0.00038408250026171026,0.0006052480212682134,-0.0003840825002616871,0.0006052480212682195,0.0,0.0,-0.01668783831304536,0.028174286380246882,-0.0019348054351243371,0.0032742718538604854,0.0,0.0,0.0,0.0,0.0,0.0,0.0,0.0,0.0,0.0,positive favors Rule for recall/ranking; negative favors Rule for FPR,0.00108177742831;7.0470072473e-05;0,-0.00108177742831;-7.04700724729e-05;0,0;0;0,-0.0492203467036;-0.000289916350788;-0.000553251884765,-0.00571557492064;-3.05373923781e-05;-5.83039923532e-05,0;0;0,0;0;0,0;0;0,0;0;0,0;0;0
primary_paired_contrast,can-train-and-test,test_file,rule_0p30_minus_real_only,Rule +30% minus Real only,7;42;123,3,paired descriptive difference; supporting evidence only,176,4490896,4176911,313985,5.123403395475753e-05,4.436093131548286e-05,-5.1234033954757474e-05,4.4360931315477e-05,-0.00014968867939550248,0.0002592683980308989,-0.00015534635784379228,0.0005805393456405611,-2.0198028475730084e-05,7.549160061971561e-05,0.0,0.0,0.0,0.0,0.0,0.0,0.0,0.0,0.0,0.0,positive favors Rule for recall/ranking; negative favors Rule for FPR,4.7882274723e-07;7.0626355218e-05;8.2596923899e-05,-4.78822747241e-07;-7.0626355218e-05;-8.2596923899e-05,-0.000449066038187;0;0,-0.000744031028625;-0.000138697559697;0.000416689514791,-9.67421457258e-05;-1.80470211911e-05;5.41950814897e-05,0;0;0,0;0;0,0;0;0,0;0;0,0;0;0
