row_type,dataset,group_type,group_count,setting,setting_label,seed,paired_pipeline_seed,score_definition,source_policy,external_label_usage,windows,normal_windows,attack_windows,attack_prevalence,source_policy_tn,source_policy_fp,source_policy_fn,source_policy_tp,source_policy_fpr,source_policy_normal_recall,source_policy_attack_recall,roc_auc,average_precision_pr_auc,ranking_status,unique_score_count,score_min,score_max,max_allowed_fp_at_fpr_0p001,achieved_fp_at_fpr_0p001,achieved_fpr_at_fpr_0p001,threshold_at_fpr_0p001,tpr_at_fpr_0p001,next_excluded_score_at_fpr_0p001,next_excluded_normal_tie_count_at_fpr_0p001,next_excluded_attack_tie_count_at_fpr_0p001,unused_fp_capacity_at_fpr_0p001,tie_step_would_exceed_ceiling_at_fpr_0p001,status_at_fpr_0p001,max_allowed_fp_at_fpr_0p01,achieved_fp_at_fpr_0p01,achieved_fpr_at_fpr_0p01,threshold_at_fpr_0p01,tpr_at_fpr_0p01,next_excluded_score_at_fpr_0p01,next_excluded_normal_tie_count_at_fpr_0p01,next_excluded_attack_tie_count_at_fpr_0p01,unused_fp_capacity_at_fpr_0p01,tie_step_would_exceed_ceiling_at_fpr_0p01,status_at_fpr_0p01
pooled_by_seed,OTIDS,source_file_or_scenario,4,real_only,Real only,7,True,1 - p(normal) from unchanged five-class CNN softmax,attack iff five-class argmax != normal class 0,diagnostic_evaluation_only,144156,74040,70116,0.4863897444435195,312,73728,756,69360,0.9957860615883306,0.004213938411669368,0.9892178675338011,0.6295591511522821,0.608069054203148,ok,26966,0.0011165738105773926,1.0,74,0,0.0,1.0000000000000002,0.0,1.0,22166,43428,74,True,attainable_boundary_tie,740,0,0.0,1.0000000000000002,0.0,1.0,22166,43428,740,True,attainable_boundary_tie
pooled_by_seed,OTIDS,source_file_or_scenario,4,real_only,Real only,42,True,1 - p(normal) from unchanged five-class CNN softmax,attack iff five-class argmax != normal class 0,diagnostic_evaluation_only,144156,74040,70116,0.4863897444435195,113,73927,1171,68945,0.9984737979470556,0.0015262020529443544,0.9832991043413771,0.5080628245933057,0.49589215820819943,ok,14786,3.743171691894531e-05,1.0,74,0,0.0,1.0000000000000002,0.0,1.0,49470,50081,74,True,attainable_boundary_tie,740,0,0.0,1.0000000000000002,0.0,1.0,49470,50081,740,True,attainable_boundary_tie
pooled_by_seed,OTIDS,source_file_or_scenario,4,real_only,Real only,123,True,1 - p(normal) from unchanged five-class CNN softmax,attack iff five-class argmax != normal class 0,diagnostic_evaluation_only,144156,74040,70116,0.4863897444435195,0,74040,5,70111,1.0,0.0,0.9999286896000913,0.5108248509978631,0.4942507273446529,ok,3251,0.1887044906616211,1.0,74,0,0.0,1.0000000000000002,0.0,1.0,54936,54403,74,True,attainable_boundary_tie,740,0,0.0,1.0000000000000002,0.0,1.0,54936,54403,740,True,attainable_boundary_tie
pooled_by_seed,OTIDS,source_file_or_scenario,4,real_oversampling_0p50,Real oversampling +50%,7,True,1 - p(normal) from unchanged five-class CNN softmax,attack iff five-class argmax != normal class 0,diagnostic_evaluation_only,144156,74040,70116,0.4863897444435195,21739,52301,16201,53915,0.7063884386817936,0.29361156131820637,0.7689400422157567,0.6816039081019372,0.7198241341566193,ok,76782,0.0,1.0,74,0,0.0,1.0000000000000002,0.0,1.0,6865,39901,74,True,attainable_boundary_tie,740,0,0.0,1.0000000000000002,0.0,1.0,6865,39901,740,True,attainable_boundary_tie
pooled_by_seed,OTIDS,source_file_or_scenario,4,real_oversampling_0p50,Real oversampling +50%,42,True,1 - p(normal) from unchanged five-class CNN softmax,attack iff five-class argmax != normal class 0,diagnostic_evaluation_only,144156,74040,70116,0.4863897444435195,90,73950,79,70037,0.9987844408427877,0.0012155591572123178,0.9988732956814422,0.7014854653609597,0.6767214594972285,ok,20650,0.024813592433929443,1.0,74,0,0.0,1.0000000000000002,0.0,1.0,15123,43889,74,True,attainable_boundary_tie,740,0,0.0,1.0000000000000002,0.0,1.0,15123,43889,740,True,attainable_boundary_tie
pooled_by_seed,OTIDS,source_file_or_scenario,4,real_oversampling_0p50,Real oversampling +50%,123,True,1 - p(normal) from unchanged five-class CNN softmax,attack iff five-class argmax != normal class 0,diagnostic_evaluation_only,144156,74040,70116,0.4863897444435195,9464,64576,7684,62432,0.8721772015126958,0.12782279848730416,0.890410177420275,0.6461120288039156,0.6181222099164801,ok,48621,0.0,1.0,74,0,0.0,1.0000000000000002,0.0,1.0,22102,44477,74,True,attainable_boundary_tie,740,0,0.0,1.0000000000000002,0.0,1.0,22102,44477,740,True,attainable_boundary_tie
pooled_by_seed,OTIDS,source_file_or_scenario,4,rule_0p10,Rule +10%,7,True,1 - p(normal) from unchanged five-class CNN softmax,attack iff five-class argmax != normal class 0,diagnostic_evaluation_only,144156,74040,70116,0.4863897444435195,101,73939,123,69993,0.9986358725013507,0.0013641274986493787,0.9982457641622454,0.5609142428797241,0.5242319318078624,ok,9725,0.0030096769332885742,1.0,74,0,0.0,1.0000000000000002,0.0,1.0,49145,55493,74,True,attainable_boundary_tie,740,0,0.0,1.0000000000000002,0.0,1.0,49145,55493,740,True,attainable_boundary_tie
pooled_by_seed,OTIDS,source_file_or_scenario,4,rule_0p10,Rule +10%,42,True,1 - p(normal) from unchanged five-class CNN softmax,attack iff five-class argmax != normal class 0,diagnostic_evaluation_only,144156,74040,70116,0.4863897444435195,0,74040,0,70116,1.0,0.0,1.0,0.5013394413291314,0.487063867734447,ok,273,0.9940088987350464,1.0,74,0,0.0,1.0000000000000002,0.0,1.0,73046,69363,74,True,attainable_boundary_tie,740,0,0.0,1.0000000000000002,0.0,1.0,73046,69363,740,True,attainable_boundary_tie
pooled_by_seed,OTIDS,source_file_or_scenario,4,rule_0p10,Rule +10%,123,True,1 - p(normal) from unchanged five-class CNN softmax,attack iff five-class argmax != normal class 0,diagnostic_evaluation_only,144156,74040,70116,0.4863897444435195,1,74039,0,70116,0.9999864937871421,1.3506212857914641e-05,1.0,0.5153368343272409,0.4942947285876513,ok,942,0.4065120220184326,1.0,74,0,0.0,1.0000000000000002,0.0,1.0,69668,68134,74,True,attainable_boundary_tie,740,0,0.0,1.0000000000000002,0.0,1.0,69668,68134,740,True,attainable_boundary_tie
pooled_by_seed,OTIDS,source_file_or_scenario,4,rule_0p30,Rule +30%,7,True,1 - p(normal) from unchanged five-class CNN softmax,attack iff five-class argmax != normal class 0,diagnostic_evaluation_only,144156,74040,70116,0.4863897444435195,1,74039,2,70114,0.9999864937871421,1.3506212857914641e-05,0.9999714758400365,0.49830018380207414,0.4855390493744576,ok,1062,0.3477083444595337,1.0,74,0,0.0,1.0000000000000002,0.0,1.0,72063,68011,74,True,attainable_boundary_tie,740,0,0.0,1.0000000000000002,0.0,1.0,72063,68011,740,True,attainable_boundary_tie
pooled_by_seed,OTIDS,source_file_or_scenario,4,rule_0p30,Rule +30%,42,True,1 - p(normal) from unchanged five-class CNN softmax,attack iff five-class argmax != normal class 0,diagnostic_evaluation_only,144156,74040,70116,0.4863897444435195,5,74035,12,70104,0.9999324689357104,6.75310642895732e-05,0.999828855040219,0.505054827392002,0.4889684192204464,ok,1159,0.018189430236816406,1.0,74,0,0.0,1.0000000000000002,0.0,1.0,71096,68039,74,True,attainable_boundary_tie,740,0,0.0,1.0000000000000002,0.0,1.0,71096,68039,740,True,attainable_boundary_tie
pooled_by_seed,OTIDS,source_file_or_scenario,4,rule_0p30,Rule +30%,123,True,1 - p(normal) from unchanged five-class CNN softmax,attack iff five-class argmax != normal class 0,diagnostic_evaluation_only,144156,74040,70116,0.4863897444435195,0,74040,0,70116,1.0,0.0,1.0,0.499996221820141,0.48638785663983347,ok,8,0.9903731346130371,1.0,74,0,0.0,1.0000000000000002,0.0,1.0,74030,70106,74,True,attainable_boundary_tie,740,0,0.0,1.0000000000000002,0.0,1.0,74030,70106,740,True,attainable_boundary_tie
pooled_by_seed,OTIDS,source_file_or_scenario,4,rule_0p50,Rule +50%,7,True,1 - p(normal) from unchanged five-class CNN softmax,attack iff five-class argmax != normal class 0,diagnostic_evaluation_only,144156,74040,70116,0.4863897444435195,0,74040,0,70116,1.0,0.0,1.0,0.5223896468864638,0.4978727683655447,ok,848,0.6234591007232666,1.0,74,0,0.0,1.0000000000000002,0.0,1.0,70207,69623,74,True,attainable_boundary_tie,740,0,0.0,1.0000000000000002,0.0,1.0,70207,69623,740,True,attainable_boundary_tie
pooled_by_seed,OTIDS,source_file_or_scenario,4,rule_0p50,Rule +50%,42,True,1 - p(normal) from unchanged five-class CNN softmax,attack iff five-class argmax != normal class 0,diagnostic_evaluation_only,144156,74040,70116,0.4863897444435195,0,74040,0,70116,1.0,0.0,1.0,0.5059229387611404,0.4893813913339492,ok,363,0.9027248620986938,1.0,74,0,0.0,1.0000000000000002,0.0,1.0,72440,69432,74,True,attainable_boundary_tie,740,0,0.0,1.0000000000000002,0.0,1.0,72440,69432,740,True,attainable_boundary_tie
pooled_by_seed,OTIDS,source_file_or_scenario,4,rule_0p50,Rule +50%,123,True,1 - p(normal) from unchanged five-class CNN softmax,attack iff five-class argmax != normal class 0,diagnostic_evaluation_only,144156,74040,70116,0.4863897444435195,0,74040,0,70116,1.0,0.0,1.0,0.5191430911633693,0.49628168725605765,ok,744,0.8937894105911255,1.0,74,0,0.0,1.0000000000000002,0.0,1.0,69165,68189,74,True,attainable_boundary_tie,740,0,0.0,1.0000000000000002,0.0,1.0,69165,68189,740,True,attainable_boundary_tie
pooled_by_seed,OTIDS,source_file_or_scenario,4,rule_1p00,Rule +100%,7,True,1 - p(normal) from unchanged five-class CNN softmax,attack iff five-class argmax != normal class 0,diagnostic_evaluation_only,144156,74040,70116,0.4863897444435195,0,74040,0,70116,1.0,0.0,1.0,0.500944502297944,0.48686259652315134,ok,159,0.7604557275772095,1.0,74,0,0.0,1.0000000000000002,0.0,1.0,73708,69934,74,True,attainable_boundary_tie,740,0,0.0,1.0000000000000002,0.0,1.0,73708,69934,740,True,attainable_boundary_tie
pooled_by_seed,OTIDS,source_file_or_scenario,4,rule_1p00,Rule +100%,42,True,1 - p(normal) from unchanged five-class CNN softmax,attack iff five-class argmax != normal class 0,diagnostic_evaluation_only,144156,74040,70116,0.4863897444435195,0,74040,0,70116,1.0,0.0,1.0,0.5000847072008078,0.4864320799022738,ok,26,0.9997731447219849,1.0,74,0,0.0,1.0000000000000002,0.0,1.0,74000,70090,74,True,attainable_boundary_tie,740,0,0.0,1.0000000000000002,0.0,1.0,74000,70090,740,True,attainable_boundary_tie
pooled_by_seed,OTIDS,source_file_or_scenario,4,rule_1p00,Rule +100%,123,True,1 - p(normal) from unchanged five-class CNN softmax,attack iff five-class argmax != normal class 0,diagnostic_evaluation_only,144156,74040,70116,0.4863897444435195,1,74039,1,70115,0.9999864937871421,1.3506212857914641e-05,0.9999857379200182,0.5352257439543189,0.5048869129586826,ok,1396,0.5241806507110596,1.0,74,0,0.0,1.0000000000000002,0.0,1.0,66791,68183,74,True,attainable_boundary_tie,740,0,0.0,1.0000000000000002,0.0,1.0,66791,68183,740,True,attainable_boundary_tie
pooled_by_seed,ROAD,capture,41,real_only,Real only,7,True,1 - p(normal) from unchanged five-class CNN softmax,attack iff five-class argmax != normal class 0,diagnostic_evaluation_only,856605,808854,47751,0.05574447966098727,875,807979,0,47751,0.9989182225716878,0.0010817774283121552,1.0,0.549220346703583,0.061460054581628974,ok,14696,0.0037435293197631836,1.0,808,0,0.0,1.0000000000000002,0.0,1.0,727135,47620,808,True,attainable_boundary_tie,8088,0,0.0,1.0000000000000002,0.0,1.0,727135,47620,8088,True,attainable_boundary_tie
pooled_by_seed,ROAD,capture,41,real_only,Real only,42,True,1 - p(normal) from unchanged five-class CNN softmax,attack iff five-class argmax != normal class 0,diagnostic_evaluation_only,856605,808854,47751,0.05574447966098727,57,808797,0,47751,0.999929529927527,7.047007247290612e-05,1.0,0.5002899163507877,0.05577501705336535,ok,436,0.0,1.0,808,0,0.0,1.0000000000000002,0.0,1.0,808385,47751,808,True,attainable_boundary_tie,8088,0,0.0,1.0000000000000002,0.0,1.0,808385,47751,8088,True,attainable_boundary_tie
pooled_by_seed,ROAD,capture,41,real_only,Real only,123,True,1 - p(normal) from unchanged five-class CNN softmax,attack iff five-class argmax != normal class 0,diagnostic_evaluation_only,856605,808854,47751,0.05574447966098727,0,808854,0,47751,1.0,0.0,1.0,0.5005532518847654,0.0558027836533405,ok,134,0.9998631477355957,1.0,808,0,0.0,1.0000000000000002,0.0,1.0,807959,47751,808,True,attainable_boundary_tie,8088,0,0.0,1.0000000000000002,0.0,1.0,807959,47751,8088,True,attainable_boundary_tie
pooled_by_seed,ROAD,capture,41,real_oversampling_0p50,Real oversampling +50%,7,True,1 - p(normal) from unchanged five-class CNN softmax,attack iff five-class argmax != normal class 0,diagnostic_evaluation_only,856605,808854,47751,0.05574447966098727,422,808432,0,47751,0.9994782742002883,0.0005217257997116909,1.0,0.5172170994606261,0.057620247730001725,ok,6311,0.0006400942802429199,1.0,808,0,0.0,1.0000000000000002,0.0,1.0,777459,47539,808,True,attainable_boundary_tie,8088,0,0.0,1.0000000000000002,0.0,1.0,777459,47539,8088,True,attainable_boundary_tie
pooled_by_seed,ROAD,capture,41,real_oversampling_0p50,Real oversampling +50%,42,True,1 - p(normal) from unchanged five-class CNN softmax,attack iff five-class argmax != normal class 0,diagnostic_evaluation_only,856605,808854,47751,0.05574447966098727,0,808854,0,47751,1.0,0.0,1.0,0.5008592403573451,0.055835082406178564,ok,498,0.9672067165374756,1.0,808,0,0.0,1.0000000000000002,0.0,1.0,807464,47751,808,True,attainable_boundary_tie,8088,0,0.0,1.0000000000000002,0.0,1.0,807464,47751,8088,True,attainable_boundary_tie
pooled_by_seed,ROAD,capture,41,real_oversampling_0p50,Real oversampling +50%,123,True,1 - p(normal) from unchanged five-class CNN softmax,attack iff five-class argmax != normal class 0,diagnostic_evaluation_only,856605,808854,47751,0.05574447966098727,154,808700,0,47751,0.999809607172617,0.00019039282738293932,1.0,0.5140763079181898,0.05726913567363703,ok,5537,4.649162292480469e-06,1.0,808,0,0.0,1.0000000000000002,0.0,1.0,782405,47532,808,True,attainable_boundary_tie,8088,0,0.0,1.0000000000000002,0.0,1.0,782405,47532,8088,True,attainable_boundary_tie
pooled_by_seed,ROAD,capture,41,rule_0p10,Rule +10%,7,True,1 - p(normal) from unchanged five-class CNN softmax,attack iff five-class argmax != normal class 0,diagnostic_evaluation_only,856605,808854,47751,0.05574447966098727,0,808854,0,47751,1.0,0.0,1.0,0.5000636703286379,0.055751183301381665,ok,18,0.9999960660934448,1.0,808,0,0.0,1.0000000000000002,0.0,1.0,808751,47751,808,True,attainable_boundary_tie,8088,0,0.0,1.0000000000000002,0.0,1.0,808751,47751,8088,True,attainable_boundary_tie
pooled_by_seed,ROAD,capture,41,rule_0p10,Rule +10%,42,True,1 - p(normal) from unchanged five-class CNN softmax,attack iff five-class argmax != normal class 0,diagnostic_evaluation_only,856605,808854,47751,0.05574447966098727,0,808854,0,47751,1.0,0.0,1.0,0.5000166902803225,0.05574623677003145,ok,12,0.9999973773956299,1.0,808,0,0.0,1.0000000000000002,0.0,1.0,808827,47751,808,True,attainable_boundary_tie,8088,0,0.0,1.0000000000000002,0.0,1.0,808827,47751,8088,True,attainable_boundary_tie
pooled_by_seed,ROAD,capture,41,rule_0p10,Rule +10%,123,True,1 - p(normal) from unchanged five-class CNN softmax,attack iff five-class argmax != normal class 0,diagnostic_evaluation_only,856605,808854,47751,0.05574447966098727,0,808854,0,47751,1.0,0.0,1.0,0.5002664263266301,0.055772541562813166,ok,57,0.9999560713768005,1.0,808,0,0.0,1.0000000000000002,0.0,1.0,808423,47751,808,True,attainable_boundary_tie,8088,0,0.0,1.0000000000000002,0.0,1.0,808423,47751,8088,True,attainable_boundary_tie
pooled_by_seed,ROAD,capture,41,rule_0p30,Rule +30%,7,True,1 - p(normal) from unchanged five-class CNN softmax,attack iff five-class argmax != normal class 0,diagnostic_evaluation_only,856605,808854,47751,0.05574447966098727,0,808854,0,47751,1.0,0.0,1.0,0.5,0.05574447966098727,ok,1,1.0,1.0,808,0,0.0,1.0000000000000002,0.0,1.0,808854,47751,808,True,attainable_boundary_tie,8088,0,0.0,1.0000000000000002,0.0,1.0,808854,47751,8088,True,attainable_boundary_tie
pooled_by_seed,ROAD,capture,41,rule_0p30,Rule +30%,42,True,1 - p(normal) from unchanged five-class CNN softmax,attack iff five-class argmax != normal class 0,diagnostic_evaluation_only,856605,808854,47751,0.05574447966098727,0,808854,0,47751,1.0,0.0,1.0,0.5,0.05574447966098727,ok,1,1.0,1.0,808,0,0.0,1.0000000000000002,0.0,1.0,808854,47751,808,True,attainable_boundary_tie,8088,0,0.0,1.0000000000000002,0.0,1.0,808854,47751,8088,True,attainable_boundary_tie
pooled_by_seed,ROAD,capture,41,rule_0p30,Rule +30%,123,True,1 - p(normal) from unchanged five-class CNN softmax,attack iff five-class argmax != normal class 0,diagnostic_evaluation_only,856605,808854,47751,0.05574447966098727,0,808854,0,47751,1.0,0.0,1.0,0.5,0.05574447966098727,ok,1,1.0,1.0,808,0,0.0,1.0000000000000002,0.0,1.0,808854,47751,808,True,attainable_boundary_tie,8088,0,0.0,1.0000000000000002,0.0,1.0,808854,47751,8088,True,attainable_boundary_tie
pooled_by_seed,ROAD,capture,41,rule_0p50,Rule +50%,7,True,1 - p(normal) from unchanged five-class CNN softmax,attack iff five-class argmax != normal class 0,diagnostic_evaluation_only,856605,808854,47751,0.05574447966098727,0,808854,0,47751,1.0,0.0,1.0,0.5,0.05574447966098727,ok,1,1.0,1.0,808,0,0.0,1.0000000000000002,0.0,1.0,808854,47751,808,True,attainable_boundary_tie,8088,0,0.0,1.0000000000000002,0.0,1.0,808854,47751,8088,True,attainable_boundary_tie
pooled_by_seed,ROAD,capture,41,rule_0p50,Rule +50%,42,True,1 - p(normal) from unchanged five-class CNN softmax,attack iff five-class argmax != normal class 0,diagnostic_evaluation_only,856605,808854,47751,0.05574447966098727,0,808854,0,47751,1.0,0.0,1.0,0.5,0.05574447966098727,ok,1,1.0,1.0,808,0,0.0,1.0000000000000002,0.0,1.0,808854,47751,808,True,attainable_boundary_tie,8088,0,0.0,1.0000000000000002,0.0,1.0,808854,47751,8088,True,attainable_boundary_tie
pooled_by_seed,ROAD,capture,41,rule_0p50,Rule +50%,123,True,1 - p(normal) from unchanged five-class CNN softmax,attack iff five-class argmax != normal class 0,diagnostic_evaluation_only,856605,808854,47751,0.05574447966098727,0,808854,0,47751,1.0,0.0,1.0,0.5,0.05574447966098727,ok,1,1.0,1.0,808,0,0.0,1.0000000000000002,0.0,1.0,808854,47751,808,True,attainable_boundary_tie,8088,0,0.0,1.0000000000000002,0.0,1.0,808854,47751,8088,True,attainable_boundary_tie
pooled_by_seed,ROAD,capture,41,rule_1p00,Rule +100%,7,True,1 - p(normal) from unchanged five-class CNN softmax,attack iff five-class argmax != normal class 0,diagnostic_evaluation_only,856605,808854,47751,0.05574447966098727,0,808854,0,47751,1.0,0.0,1.0,0.5,0.05574447966098727,ok,1,1.0,1.0,808,0,0.0,1.0000000000000002,0.0,1.0,808854,47751,808,True,attainable_boundary_tie,8088,0,0.0,1.0000000000000002,0.0,1.0,808854,47751,8088,True,attainable_boundary_tie
pooled_by_seed,ROAD,capture,41,rule_1p00,Rule +100%,42,True,1 - p(normal) from unchanged five-class CNN softmax,attack iff five-class argmax != normal class 0,diagnostic_evaluation_only,856605,808854,47751,0.05574447966098727,0,808854,0,47751,1.0,0.0,1.0,0.5,0.05574447966098727,ok,1,1.0,1.0,808,0,0.0,1.0000000000000002,0.0,1.0,808854,47751,808,True,attainable_boundary_tie,8088,0,0.0,1.0000000000000002,0.0,1.0,808854,47751,8088,True,attainable_boundary_tie
pooled_by_seed,ROAD,capture,41,rule_1p00,Rule +100%,123,True,1 - p(normal) from unchanged five-class CNN softmax,attack iff five-class argmax != normal class 0,diagnostic_evaluation_only,856605,808854,47751,0.05574447966098727,0,808854,0,47751,1.0,0.0,1.0,0.5,0.05574447966098727,ok,1,1.0,1.0,808,0,0.0,1.0000000000000002,0.0,1.0,808854,47751,808,True,attainable_boundary_tie,8088,0,0.0,1.0000000000000002,0.0,1.0,808854,47751,8088,True,attainable_boundary_tie
pooled_by_seed,can-train-and-test,test_file,176,real_only,Real only,7,True,1 - p(normal) from unchanged five-class CNN softmax,attack iff five-class argmax != normal class 0,diagnostic_evaluation_only,4490896,4176911,313985,0.06991589206251937,2,4176909,0,313985,0.9999995211772528,4.78822747240724e-07,1.0,0.5002024250510773,0.06994222844318795,ok,989,0.4347759485244751,1.0,4176,0,0.0,1.0000000000000002,0.0,1.0,4175087,313975,4176,True,attainable_boundary_tie,41769,0,0.0,1.0000000000000002,0.0,1.0,4175087,313975,41769,True,attainable_boundary_tie
pooled_by_seed,can-train-and-test,test_file,176,real_only,Real only,42,True,1 - p(normal) from unchanged five-class CNN softmax,attack iff five-class argmax != normal class 0,diagnostic_evaluation_only,4490896,4176911,313985,0.06991589206251937,325,4176586,0,313985,0.9999221913035734,7.780869642661767e-05,1.0,0.5001946001154375,0.06994121026461395,ok,1189,0.0,1.0,4176,0,0.0,1.0000000000000002,0.0,1.0,4174780,313947,4176,True,attainable_boundary_tie,41769,0,0.0,1.0000000000000002,0.0,1.0,4174780,313947,41769,True,attainable_boundary_tie
pooled_by_seed,can-train-and-test,test_file,176,real_only,Real only,123,True,1 - p(normal) from unchanged five-class CNN softmax,attack iff five-class argmax != normal class 0,diagnostic_evaluation_only,4490896,4176911,313985,0.06991589206251937,357,4176554,0,313985,0.9999145301396175,8.546986038246924e-05,1.0,0.49965788712809184,0.06987139741589299,ok,1264,0.08376848697662354,1.0,4176,0,0.0,1.0000000000000002,0.0,1.0,4173383,313505,4176,True,attainable_boundary_tie,41769,0,0.0,1.0000000000000002,0.0,1.0,4173383,313505,41769,True,attainable_boundary_tie
pooled_by_seed,can-train-and-test,test_file,176,real_oversampling_0p50,Real oversampling +50%,7,True,1 - p(normal) from unchanged five-class CNN softmax,attack iff five-class argmax != normal class 0,diagnostic_evaluation_only,4490896,4176911,313985,0.06991589206251937,474,4176437,347,313638,0.9998865190089039,0.0001134809910960516,0.9988948516648885,0.49965958420806333,0.06987163834509251,ok,1489,4.887580871582031e-06,1.0,4176,0,0.0,1.0000000000000002,0.0,1.0,4174937,313623,4176,True,attainable_boundary_tie,41769,0,0.0,1.0000000000000002,0.0,1.0,4174937,313623,41769,True,attainable_boundary_tie
pooled_by_seed,can-train-and-test,test_file,176,real_oversampling_0p50,Real oversampling +50%,42,True,1 - p(normal) from unchanged five-class CNN softmax,attack iff five-class argmax != normal class 0,diagnostic_evaluation_only,4490896,4176911,313985,0.06991589206251937,334,4176577,0,313985,0.9999200366012108,7.996339878920091e-05,1.0,0.5006947570680186,0.07000638975385386,ok,1220,0.0350872278213501,1.0,4176,0,0.0,1.0000000000000002,0.0,1.0,4166467,313636,4176,True,attainable_boundary_tie,41769,0,0.0,1.0000000000000002,0.0,1.0,4166467,313636,41769,True,attainable_boundary_tie
pooled_by_seed,can-train-and-test,test_file,176,real_oversampling_0p50,Real oversampling +50%,123,True,1 - p(normal) from unchanged five-class CNN softmax,attack iff five-class argmax != normal class 0,diagnostic_evaluation_only,4490896,4176911,313985,0.06991589206251937,1588,4175323,349,313636,0.9996198147386909,0.0003801852613091349,0.9988884819338504,0.5005049221825012,0.06998178569153557,ok,4780,0.0,1.0,4176,0,0.0,1.0000000000000002,0.0,1.0,4162904,313250,4176,True,attainable_boundary_tie,41769,0,0.0,1.0000000000000002,0.0,1.0,4162904,313250,41769,True,attainable_boundary_tie
pooled_by_seed,can-train-and-test,test_file,176,rule_0p10,Rule +10%,7,True,1 - p(normal) from unchanged five-class CNN softmax,attack iff five-class argmax != normal class 0,diagnostic_evaluation_only,4490896,4176911,313985,0.06991589206251937,0,4176911,292,313693,1.0,0.0,0.9990700192684364,0.49887827470082874,0.06977014537419594,ok,785,0.017293453216552734,1.0,4176,0,0.0,1.0000000000000002,0.0,1.0,4176371,313240,4176,True,attainable_boundary_tie,41769,0,0.0,1.0000000000000002,0.0,1.0,4176371,313240,41769,True,attainable_boundary_tie
pooled_by_seed,can-train-and-test,test_file,176,rule_0p10,Rule +10%,42,True,1 - p(normal) from unchanged five-class CNN softmax,attack iff five-class argmax != normal class 0,diagnostic_evaluation_only,4490896,4176911,313985,0.06991589206251937,0,4176911,0,313985,1.0,0.0,1.0,0.500014484388104,0.0699177758850087,ok,17,0.9999886751174927,1.0,4176,0,0.0,1.0000000000000002,0.0,1.0,4176790,313985,4176,True,attainable_boundary_tie,41769,0,0.0,1.0000000000000002,0.0,1.0,4176790,313985,41769,True,attainable_boundary_tie
pooled_by_seed,can-train-and-test,test_file,176,rule_0p10,Rule +10%,123,True,1 - p(normal) from unchanged five-class CNN softmax,attack iff five-class argmax != normal class 0,diagnostic_evaluation_only,4490896,4176911,313985,0.06991589206251937,3,4176908,0,313985,0.9999992817658792,7.182341208610861e-07,1.0,0.5001047424759589,0.06992951703343926,ok,466,0.4498445391654968,1.0,4176,0,0.0,1.0000000000000002,0.0,1.0,4176036,313985,4176,True,attainable_boundary_tie,41769,0,0.0,1.0000000000000002,0.0,1.0,4176036,313985,41769,True,attainable_boundary_tie
pooled_by_seed,can-train-and-test,test_file,176,rule_0p30,Rule +30%,7,True,1 - p(normal) from unchanged five-class CNN softmax,attack iff five-class argmax != normal class 0,diagnostic_evaluation_only,4490896,4176911,313985,0.06991589206251937,0,4176911,141,313844,1.0,0.0,0.9995509339618135,0.4994583940224521,0.06984548629746218,ok,376,0.1594969630241394,1.0,4176,0,0.0,1.0000000000000002,0.0,1.0,4176766,313634,4176,True,attainable_boundary_tie,41769,0,0.0,1.0000000000000002,0.0,1.0,4176766,313634,41769,True,attainable_boundary_tie
pooled_by_seed,can-train-and-test,test_file,176,rule_0p30,Rule +30%,42,True,1 - p(normal) from unchanged five-class CNN softmax,attack iff five-class argmax != normal class 0,diagnostic_evaluation_only,4490896,4176911,313985,0.06991589206251937,30,4176881,0,313985,0.9999928176587914,7.182341208610861e-06,1.0,0.5000559025557404,0.06992316324342285,ok,226,0.0,1.0,4176,0,0.0,1.0000000000000002,0.0,1.0,4176444,313985,4176,True,attainable_boundary_tie,41769,0,0.0,1.0000000000000002,0.0,1.0,4176444,313985,41769,True,attainable_boundary_tie
pooled_by_seed,can-train-and-test,test_file,176,rule_0p30,Rule +30%,123,True,1 - p(normal) from unchanged five-class CNN softmax,attack iff five-class argmax != normal class 0,diagnostic_evaluation_only,4490896,4176911,313985,0.06991589206251937,12,4176899,0,313985,0.9999971270635165,2.8729364834443445e-06,1.0,0.5000745766428827,0.06992559249738267,ok,154,0.027021706104278564,1.0,4176,0,0.0,1.0000000000000002,0.0,1.0,4176288,313985,4176,True,attainable_boundary_tie,41769,0,0.0,1.0000000000000002,0.0,1.0,4176288,313985,41769,True,attainable_boundary_tie
pooled_by_seed,can-train-and-test,test_file,176,rule_0p50,Rule +50%,7,True,1 - p(normal) from unchanged five-class CNN softmax,attack iff five-class argmax != normal class 0,diagnostic_evaluation_only,4490896,4176911,313985,0.06991589206251937,0,4176911,0,313985,1.0,0.0,1.0,0.49814715795525044,0.06967530800175142,ok,509,0.9405624270439148,1.0,4176,0,0.0,1.0000000000000002,0.0,1.0,4176466,312788,4176,True,attainable_boundary_tie,41769,0,0.0,1.0000000000000002,0.0,1.0,4176466,312788,41769,True,attainable_boundary_tie
pooled_by_seed,can-train-and-test,test_file,176,rule_0p50,Rule +50%,42,True,1 - p(normal) from unchanged five-class CNN softmax,attack iff five-class argmax != normal class 0,diagnostic_evaluation_only,4490896,4176911,313985,0.06991589206251937,0,4176911,0,313985,1.0,0.0,1.0,0.4999283405258213,0.06990657322310828,ok,8,0.9999993443489075,1.0,4176,0,0.0,1.0000000000000002,0.0,1.0,4176911,313940,4176,True,attainable_boundary_tie,41769,0,0.0,1.0000000000000002,0.0,1.0,4176911,313940,41769,True,attainable_boundary_tie
pooled_by_seed,can-train-and-test,test_file,176,rule_0p50,Rule +50%,123,True,1 - p(normal) from unchanged five-class CNN softmax,attack iff five-class argmax != normal class 0,diagnostic_evaluation_only,4490896,4176911,313985,0.06991589206251937,0,4176911,0,313985,1.0,0.0,1.0,0.4991567717381672,0.06980629298088663,ok,480,0.9071134328842163,1.0,4176,0,0.0,1.0000000000000002,0.0,1.0,4175122,313321,4176,True,attainable_boundary_tie,41769,0,0.0,1.0000000000000002,0.0,1.0,4175122,313321,41769,True,attainable_boundary_tie
pooled_by_seed,can-train-and-test,test_file,176,rule_1p00,Rule +100%,7,True,1 - p(normal) from unchanged five-class CNN softmax,attack iff five-class argmax != normal class 0,diagnostic_evaluation_only,4490896,4176911,313985,0.06991589206251937,3,4176908,0,313985,0.9999992817658792,7.182341208610861e-07,1.0,0.5000445305154934,0.06992168397273904,ok,144,0.0,1.0,4176,0,0.0,1.0000000000000002,0.0,1.0,4176539,313985,4176,True,attainable_boundary_tie,41769,0,0.0,1.0000000000000002,0.0,1.0,4176539,313985,41769,True,attainable_boundary_tie
pooled_by_seed,can-train-and-test,test_file,176,rule_1p00,Rule +100%,42,True,1 - p(normal) from unchanged five-class CNN softmax,attack iff five-class argmax != normal class 0,diagnostic_evaluation_only,4490896,4176911,313985,0.06991589206251937,0,4176911,0,313985,1.0,0.0,1.0,0.4997062706870828,0.06987770008598398,ok,198,0.9942026138305664,1.0,4176,0,0.0,1.0000000000000002,0.0,1.0,4176611,313778,4176,True,attainable_boundary_tie,41769,0,0.0,1.0000000000000002,0.0,1.0,4176611,313778,41769,True,attainable_boundary_tie
pooled_by_seed,can-train-and-test,test_file,176,rule_1p00,Rule +100%,123,True,1 - p(normal) from unchanged five-class CNN softmax,attack iff five-class argmax != normal class 0,diagnostic_evaluation_only,4490896,4176911,313985,0.06991589206251937,0,4176911,0,313985,1.0,0.0,1.0,0.5000023941137361,0.0699162034311346,ok,4,0.9999990463256836,1.0,4176,0,0.0,1.0000000000000002,0.0,1.0,4176891,313985,4176,True,attainable_boundary_tie,41769,0,0.0,1.0000000000000002,0.0,1.0,4176891,313985,41769,True,attainable_boundary_tie
