arm,pipeline_seed,split,updates_run,selected_update,selected_val_macro_f1_multiclass,windows,normal_windows,attack_windows,tn,fp,fn,tp,accuracy_binary,macro_f1_binary,fpr,fnr,normal_recall,binary_attack_recall,exact_attack_recall,detection_recall_DoS,exact_recall_DoS,detection_recall_Fuzzy,exact_recall_Fuzzy,detection_recall_Gear,exact_recall_Gear,detection_recall_RPM,exact_recall_RPM
real_only,7,source_test,7992,7992,0.9990650233949727,201606,161666,39940,161641,25,66,39874,0.9995486245449045,0.9992893986946412,0.00015463981294768227,0.0016524787180771158,0.9998453601870523,0.9983475212819228,0.9983475212819228,0.9984713729849917,0.9984713729849917,0.997300301730983,0.997300301730983,0.9986320109439124,0.9986320109439124,0.9985021398002853,0.9985021398002853
real_only,7,fixed_variant,7992,7992,0.9990650233949727,64000,32000,32000,31999,1,16773,15227,0.73790625,0.718579181718807,3.125e-05,0.52415625,0.99996875,0.47584375,0.47534375,1.0,0.99975,0.902875,0.901625,0.000375,0.0,0.000125,0.0
real_only,7,sensitivity,7992,7992,0.9990650233949727,30000,12000,18000,11997,3,8708,9292,0.7096333333333333,0.7072532944856487,0.00025,0.48377777777777775,0.99975,0.5162222222222222,0.42055555555555557,0.7202222222222222,0.7195555555555555,0.374,0.37066666666666664,0.6371111111111111,0.592,0.33355555555555555,0.0
rule_0p30,7,source_test,7992,6660,0.9993961489691856,201606,161666,39940,161636,30,49,39891,0.999608146582939,0.9993832323423694,0.0001855677755372187,0.001226840260390586,0.9998144322244628,0.9987731597396095,0.9987731597396095,0.9988882712618121,0.9988882712618121,0.9980943306336351,0.9980943306336351,0.9987929508328639,0.9987929508328639,0.9990014265335235,0.9990014265335235
rule_0p30,7,fixed_variant,7992,6660,0.9993961489691856,64000,32000,32000,31992,8,4,31996,0.9998125,0.9998124999992676,0.00025,0.000125,0.99975,0.999875,0.999875,0.99975,0.99975,0.999875,0.999875,0.999875,0.999875,1.0,1.0
rule_0p30,7,sensitivity,7992,6660,0.9993961489691856,30000,12000,18000,11997,3,4962,13038,0.8345,0.8343004828684171,0.00025,0.27566666666666667,0.99975,0.7243333333333334,0.6688888888888889,0.8588888888888889,0.8588888888888889,0.706,0.6988888888888889,0.7273333333333334,0.5173333333333333,0.6051111111111112,0.6004444444444444
real_oversampling_0p30,7,source_test,7992,6660,0.9992728544701567,201606,161666,39940,161638,28,40,39900,0.9996627084511374,0.9994691464207546,0.00017319659050140412,0.00100150225338007,0.9998268034094986,0.99899849774662,0.99899849774662,0.9987493051695386,0.9987493051695386,0.9985707479752263,0.9985707479752263,0.9989538907218154,0.9989538907218154,0.999358059914408,0.999358059914408
real_oversampling_0p30,7,fixed_variant,7992,6660,0.9992728544701567,64000,32000,32000,31995,5,16282,15718,0.745515625,0.7279165039574247,0.00015625,0.5088125,0.99984375,0.4911875,0.4904375,1.0,0.999625,0.964625,0.962125,0.000125,0.0,0.0,0.0
real_oversampling_0p30,7,sensitivity,7992,6660,0.9992728544701567,30000,12000,18000,11997,3,8182,9818,0.7271666666666666,0.7257196730691544,0.00025,0.45455555555555555,0.99975,0.5454444444444444,0.407,0.7471111111111111,0.7442222222222222,0.426,0.42288888888888887,0.6735555555555556,0.46044444444444443,0.33511111111111114,0.00044444444444444447
real_only,42,source_test,7992,7992,0.9991652292214546,201606,161666,39940,161637,29,62,39878,0.9995486245449045,0.9992894523125299,0.00017938218301931141,0.0015523284927391086,0.9998206178169807,0.9984476715072609,0.9984476715072609,0.9984713729849917,0.9984713729849917,0.9979355248531047,0.9979355248531047,0.9985515409994367,0.9985515409994367,0.9985734664764622,0.9985734664764622
real_only,42,fixed_variant,7992,7992,0.9991652292214546,64000,32000,32000,31998,2,16278,15722,0.745625,0.7280357538096951,6.25e-05,0.5086875,0.9999375,0.4913125,0.491125,1.0,0.999875,0.964625,0.9645,0.0005,0.000125,0.000125,0.0
real_only,42,sensitivity,7992,7992,0.9991652292214546,30000,12000,18000,11995,5,7825,10175,0.739,0.7380358555198042,0.0004166666666666667,0.43472222222222223,0.9995833333333334,0.5652777777777778,0.4673333333333333,0.8468888888888889,0.8422222222222222,0.3864444444444444,0.384,0.6915555555555556,0.6428888888888888,0.3362222222222222,0.00022222222222222223
rule_0p30,42,source_test,7992,7992,0.9993065147806611,201606,161666,39940,161654,12,59,39881,0.9996478279416288,0.9994455434244586,7.422711021488749e-05,0.0014772158237356034,0.9999257728897851,0.9985227841762644,0.9984977466199298,0.9988882712618121,0.9988882712618121,0.9980943306336351,0.9979355248531047,0.9982296612215338,0.9982296612215338,0.9987874465049928,0.9987874465049928
rule_0p30,42,fixed_variant,7992,7992,0.9993065147806611,64000,32000,32000,31999,1,3,31997,0.9999375,0.999937499999939,3.125e-05,9.375e-05,0.99996875,0.99990625,0.999875,0.999875,0.99975,0.999875,0.999875,0.999875,0.999875,1.0,1.0
rule_0p30,42,sensitivity,7992,7992,0.9993065147806611,30000,12000,18000,11997,3,5094,12906,0.8301,0.8299438731705191,0.00025,0.283,0.99975,0.717,0.6192777777777778,0.776,0.776,0.7648888888888888,0.7462222222222222,0.7228888888888889,0.48777777777777775,0.6042222222222222,0.4671111111111111
real_oversampling_0p30,42,source_test,7992,7992,0.9992738741957752,201606,161666,39940,161650,16,59,39881,0.9996279872622839,0.9994143285343577,9.896948028651665e-05,0.0014772158237356034,0.9999010305197135,0.9985227841762644,0.9985227841762644,0.9988882712618121,0.9988882712618121,0.9977767190725743,0.9977767190725743,0.998471071054961,0.998471071054961,0.998716119828816,0.998716119828816
real_oversampling_0p30,42,fixed_variant,7992,7992,0.9992738741957752,64000,32000,32000,31998,2,16073,15927,0.748828125,0.7319243699998408,6.25e-05,0.50228125,0.9999375,0.49771875,0.49715625,0.999875,0.99975,0.98975,0.988875,0.00125,0.0,0.0,0.0
real_oversampling_0p30,42,sensitivity,7992,7992,0.9992738741957752,30000,12000,18000,11997,3,7899,10101,0.7366,0.7355436980605413,0.00025,0.43883333333333335,0.99975,0.5611666666666667,0.4702777777777778,0.7675555555555555,0.764,0.47755555555555557,0.4748888888888889,0.6644444444444444,0.6422222222222222,0.33511111111111114,0.0
real_only,123,source_test,7992,5328,0.9990999538865338,201606,161666,39940,161639,27,72,39868,0.9995089431862147,0.9992268990797006,0.00016701099798349683,0.001802704056084126,0.9998329890020164,0.9981972959439158,0.9981972959439158,0.9984713729849917,0.9984713729849917,0.9980943306336351,0.9980943306336351,0.9983101311660095,0.9983101311660095,0.9980028530670471,0.9980028530670471
real_only,123,fixed_variant,7992,5328,0.9990999538865338,64000,32000,32000,31996,4,15416,16584,0.7590625,0.7442302429400922,0.000125,0.48175,0.999875,0.51825,0.4998125,1.0,0.999875,0.9995,0.999375,0.07125,0.0,0.00225,0.0
real_only,123,sensitivity,7992,5328,0.9990999538865338,30000,12000,18000,11997,3,7504,10496,0.7497666666666667,0.7491386768757107,0.00025,0.41688888888888886,0.99975,0.5831111111111111,0.48844444444444446,0.8337777777777777,0.8286666666666667,0.4751111111111111,0.4748888888888889,0.6893333333333334,0.6457777777777778,0.3342222222222222,0.0044444444444444444
rule_0p30,123,source_test,7992,5994,0.9992411263969714,201606,161666,39940,161660,6,54,39886,0.9997023898098271,0.9995314407271164,3.7113555107443744e-05,0.0013520280420630947,0.9999628864448925,0.9986479719579369,0.9985978968452679,0.9991662034463591,0.9991662034463591,0.9979355248531047,0.9976179132920439,0.9983101311660095,0.9983101311660095,0.9990014265335235,0.9990014265335235
rule_0p30,123,fixed_variant,7992,5994,0.9992411263969714,64000,32000,32000,32000,0,4,31996,0.9999375,0.9999374999997559,0.0,0.000125,1.0,0.999875,0.999875,0.99975,0.99975,0.999875,0.999875,0.999875,0.999875,1.0,1.0
rule_0p30,123,sensitivity,7992,5994,0.9992411263969714,30000,12000,18000,11999,1,4964,13036,0.8345,0.8343020150262186,8.333333333333333e-05,0.2757777777777778,0.9999166666666667,0.7242222222222222,0.7066666666666667,0.7597777777777778,0.7597777777777778,0.7766666666666666,0.756,0.7402222222222222,0.6968888888888889,0.6202222222222222,0.614
real_oversampling_0p30,123,source_test,7992,5994,0.9993490686160499,201606,161666,39940,161645,21,52,39888,0.9996379076019563,0.9994300109583372,0.0001298974428760531,0.001301952929394091,0.9998701025571239,0.9986980470706059,0.9986730095142714,0.9993051695386326,0.9993051695386326,0.9980943306336351,0.9979355248531047,0.998471071054961,0.998471071054961,0.9988587731811698,0.9988587731811698
real_oversampling_0p30,123,fixed_variant,7992,5994,0.9993490686160499,64000,32000,32000,31999,1,16325,15675,0.74490625,0.7271558619506429,3.125e-05,0.51015625,0.99996875,0.48984375,0.489125,0.995625,0.995,0.96275,0.9615,0.00075,0.0,0.00025,0.0
real_oversampling_0p30,123,sensitivity,7992,5994,0.9993490686160499,30000,12000,18000,11996,4,8846,9154,0.705,0.7023285762517294,0.0003333333333333333,0.49144444444444446,0.9996666666666667,0.5085555555555555,0.41005555555555556,0.6784444444444444,0.676,0.456,0.45266666666666666,0.566,0.5115555555555555,0.3337777777777778,0.0
real_only,2026,source_test,7992,4662,0.9990835572159987,201606,161666,39940,161637,29,67,39873,0.9995238236957233,0.9992503758797826,0.00017938218301931141,0.0016775162744116173,0.9998206178169807,0.9983224837255884,0.9982724086129193,0.9988882712618121,0.9988882712618121,0.9969826901699221,0.9966650786088613,0.9983101311660095,0.9983101311660095,0.9986447931526391,0.9986447931526391
real_only,2026,fixed_variant,7992,4662,0.9990835572159987,64000,32000,32000,31994,6,15857,16143,0.752140625,0.7359430107800476,0.0001875,0.49553125,0.9998125,0.50446875,0.49559375,0.99975,0.999625,0.98275,0.982625,0.034125,0.0,0.00125,0.000125
real_only,2026,sensitivity,7992,4662,0.9990835572159987,30000,12000,18000,11997,3,7706,10294,0.7430333333333333,0.7422025929331646,0.00025,0.4281111111111111,0.99975,0.5718888888888889,0.4157777777777778,0.8042222222222222,0.7997777777777778,0.5975555555555555,0.5906666666666667,0.5422222222222223,0.2708888888888889,0.34355555555555556,0.0017777777777777779
rule_0p30,2026,source_test,7992,4662,0.9993301745433406,201606,161666,39940,161645,21,42,39898,0.9996875093003185,0.9995081380352546,0.0001298974428760531,0.0010515773660490736,0.9998701025571239,0.9989484226339509,0.9989233850776165,0.9988882712618121,0.9988882712618121,0.9985707479752263,0.9985707479752263,0.9989538907218154,0.9988734207773396,0.9991440798858773,0.9991440798858773
rule_0p30,2026,fixed_variant,7992,4662,0.9993301745433406,64000,32000,32000,31998,2,0,32000,0.99996875,0.9999687499999694,6.25e-05,0.0,0.9999375,1.0,0.99990625,1.0,0.99975,1.0,1.0,1.0,0.999875,1.0,1.0
rule_0p30,2026,sensitivity,7992,4662,0.9993301745433406,30000,12000,18000,11997,3,5410,12590,0.8195666666666667,0.8194961399979268,0.00025,0.3005555555555556,0.99975,0.6994444444444444,0.5248333333333334,0.7877777777777778,0.786,0.6933333333333334,0.6862222222222222,0.7095555555555556,0.3071111111111111,0.6071111111111112,0.32
real_oversampling_0p30,2026,source_test,7992,6660,0.9992938541774411,201606,161666,39940,161641,25,52,39888,0.9996180669226115,0.9993988013616598,0.00015463981294768227,0.001301952929394091,0.9998453601870523,0.9986980470706059,0.9986980470706059,0.9988882712618121,0.9988882712618121,0.9979355248531047,0.9979355248531047,0.9987124808883882,0.9987124808883882,0.9989300998573466,0.9989300998573466
real_oversampling_0p30,2026,fixed_variant,7992,6660,0.9992938541774411,64000,32000,32000,31997,3,17319,14681,0.72934375,0.7079656478956468,9.375e-05,0.54121875,0.99990625,0.45878125,0.4585,1.0,1.0,0.834625,0.834,0.000375,0.0,0.000125,0.0
real_oversampling_0p30,2026,sensitivity,7992,6660,0.9992938541774411,30000,12000,18000,11996,4,9373,8627,0.6874333333333333,0.6834411174635908,0.0003333333333333333,0.5207222222222222,0.9996666666666667,0.4792777777777778,0.3665555555555556,0.7715555555555556,0.7693333333333333,0.3626666666666667,0.36044444444444446,0.4493333333333333,0.33555555555555555,0.33355555555555555,0.0008888888888888889
real_only,3407,source_test,7992,7992,0.9985148559191476,201606,161666,39940,161639,27,126,39814,0.9992410940150591,0.9988045985873931,0.00016701099798349683,0.0031547320981472208,0.9998329890020164,0.9968452679018528,0.9968452679018528,0.9986103390772652,0.9986103390772652,0.994600603461966,0.994600603461966,0.9964593224430676,0.9964593224430676,0.9972895863052782,0.9972895863052782
real_only,3407,fixed_variant,7992,7992,0.9985148559191476,64000,32000,32000,31993,7,16084,15916,0.748578125,0.7316440572590369,0.00021875,0.502625,0.99978125,0.497375,0.49721875,0.999875,0.999625,0.989375,0.98925,0.000125,0.0,0.000125,0.0
real_only,3407,sensitivity,7992,7992,0.9985148559191476,30000,12000,18000,11997,3,8667,9333,0.711,0.7087029949444548,0.00025,0.4815,0.99975,0.5185,0.4336111111111111,0.6708888888888889,0.6708888888888889,0.43066666666666664,0.4295555555555556,0.6382222222222222,0.634,0.3342222222222222,0.0
rule_0p30,3407,source_test,7992,7326,0.9992915679308855,201606,161666,39940,161633,33,47,39893,0.9996031864131028,0.9993754546008614,0.0002041245530909406,0.0011767651477215823,0.9997958754469091,0.9988232348522784,0.9988232348522784,0.9993051695386326,0.9993051695386326,0.9980943306336351,0.9980943306336351,0.9987929508328639,0.9987929508328639,0.9989300998573466,0.9989300998573466
rule_0p30,3407,fixed_variant,7992,7326,0.9992915679308855,64000,32000,32000,31994,6,0,32000,0.99990625,0.999906249999176,0.0001875,0.0,0.9998125,1.0,0.99990625,1.0,0.99975,1.0,1.0,1.0,0.999875,1.0,1.0
rule_0p30,3407,sensitivity,7992,7326,0.9992915679308855,30000,12000,18000,11997,3,4767,13233,0.841,0.8407296481339285,0.00025,0.2648333333333333,0.99975,0.7351666666666666,0.7004444444444444,0.8473333333333334,0.8462222222222222,0.7673333333333333,0.722,0.7404444444444445,0.664,0.5855555555555556,0.5695555555555556
real_oversampling_0p30,3407,source_test,7992,7326,0.999229097684052,201606,161666,39940,161639,27,55,39885,0.9995932660734304,0.999359756451216,0.00016701099798349683,0.0013770655983975965,0.9998329890020164,0.9986229344016024,0.9986229344016024,0.9990272373540856,0.9990272373540856,0.9979355248531047,0.9979355248531047,0.998471071054961,0.998471071054961,0.9988587731811698,0.9988587731811698
real_oversampling_0p30,3407,fixed_variant,7992,7326,0.999229097684052,64000,32000,32000,31993,7,16016,15984,0.749640625,0.7329299641138,0.00021875,0.5005,0.99978125,0.4995,0.49928125,1.0,0.99975,0.997375,0.997375,0.000375,0.0,0.00025,0.0
real_oversampling_0p30,3407,sensitivity,7992,7326,0.999229097684052,30000,12000,18000,11997,3,8164,9836,0.7277666666666667,0.7263467342975305,0.00025,0.45355555555555555,0.99975,0.5464444444444444,0.45072222222222225,0.7384444444444445,0.7368888888888889,0.44333333333333336,0.44022222222222224,0.6695555555555556,0.6257777777777778,0.33444444444444443,0.0
