evaluation,arm,pipeline_seed,source_file,windows,normal_windows,attack_windows,tn,fp,fn,tp,accuracy_binary,macro_f1_binary,fpr,fnr,normal_recall,binary_attack_recall,exact_attack_recall,detection_recall_DoS,exact_recall_DoS,detection_recall_Fuzzy,exact_recall_Fuzzy,detection_recall_Gear,exact_recall_Gear,detection_recall_RPM,exact_recall_RPM
fixed_variant,real_only,7,DoS_dataset.csv,4033,2038,1995,2038,0,1041,954,0.7418794941730722,0.7217797336824909,0.0,0.5218045112781955,1.0,0.4781954887218045,0.4781954887218045,1.0,1.0,0.9188640973630832,0.9188640973630832,0.0,0.0,0.0,0.0
fixed_variant,real_only,7,Fuzzy_dataset.csv,3688,1853,1835,1853,0,983,852,0.7334598698481561,0.7122624568598537,0.0,0.5356948228882834,1.0,0.4643051771117166,0.4643051771117166,1.0,1.0,0.9018264840182648,0.9018264840182648,0.0,0.0,0.0,0.0
fixed_variant,real_only,7,RPM_dataset.csv,3782,1888,1894,1888,0,995,899,0.736911686938128,0.7176002857099331,0.0,0.5253431890179514,1.0,0.4746568109820486,0.47412882787750793,1.0,1.0,0.9043478260869565,0.9043478260869565,0.0,0.0,0.0021413276231263384,0.0
fixed_variant,real_only,7,gear_dataset.csv,3825,1922,1903,1922,0,955,948,0.7503267973856209,0.7330150112385304,0.0,0.5018392012611665,1.0,0.4981607987388334,0.49658434051497635,1.0,1.0,0.9150743099787686,0.9087048832271762,0.0,0.0,0.0,0.0
fixed_variant,real_only,7,normal_run_data/normal_run_data.txt,648,319,329,319,0,176,153,0.7283950617283951,0.709319277784008,0.0,0.5349544072948328,1.0,0.46504559270516715,0.46504559270516715,1.0,1.0,0.8051948051948052,0.8051948051948052,0.0,0.0,0.0,0.0
sensitivity,real_only,7,DoS_dataset.csv,1861,669,1192,669,0,590,602,0.6829661472326706,0.682554688981714,0.0,0.4949664429530201,1.0,0.5050335570469798,0.4085570469798658,0.737410071942446,0.737410071942446,0.35962145110410093,0.35962145110410093,0.5902777777777778,0.5833333333333334,0.3656957928802589,0.0
sensitivity,real_only,7,Fuzzy_dataset.csv,1818,722,1096,722,0,526,570,0.7106710671067107,0.7086343166708308,0.0,0.47992700729927007,1.0,0.5200729927007299,0.4197080291970803,0.7455830388692579,0.7455830388692579,0.36538461538461536,0.36153846153846153,0.610909090909091,0.5636363636363636,0.34532374100719426,0.0
sensitivity,real_only,7,RPM_dataset.csv,1766,730,1036,730,0,483,553,0.7265005662514157,0.7237252896991573,0.0,0.46621621621621623,1.0,0.5337837837837838,0.40540540540540543,0.7391304347826086,0.7391304347826086,0.3490909090909091,0.3490909090909091,0.6772908366533864,0.545816733067729,0.38910505836575876,0.0
sensitivity,real_only,7,gear_dataset.csv,1749,690,1059,690,0,497,562,0.7158376214979989,0.7143074530905468,0.0,0.4693106704438149,1.0,0.5306893295561851,0.4475920679886686,0.7142857142857143,0.7142857142857143,0.3782771535580524,0.3782771535580524,0.6867924528301886,0.6528301886792452,0.31983805668016196,0.0
sensitivity,real_only,7,normal_run_data/normal_run_data.txt,271,100,171,100,0,97,74,0.6420664206642066,0.6387411530268674,0.0,0.5672514619883041,1.0,0.4327485380116959,0.3567251461988304,0.5957446808510638,0.5957446808510638,0.3611111111111111,0.3611111111111111,0.4888888888888889,0.4444444444444444,0.2558139534883721,0.0
fixed_variant,rule_0p30,7,DoS_dataset.csv,4033,2038,1995,2037,1,0,1995,0.9997520456236053,0.9997520187292575,0.0004906771344455348,0.0,0.9995093228655545,1.0,1.0,1.0,1.0,1.0,1.0,1.0,1.0,1.0,1.0
fixed_variant,rule_0p30,7,Fuzzy_dataset.csv,3688,1853,1835,1853,0,1,1834,0.9997288503253796,0.999728843128471,0.0,0.0005449591280653951,1.0,0.9994550408719346,0.9994550408719346,1.0,1.0,0.997716894977169,0.997716894977169,1.0,1.0,1.0,1.0
fixed_variant,rule_0p30,7,RPM_dataset.csv,3782,1888,1894,1888,0,0,1894,1.0,1.0,0.0,0.0,1.0,1.0,1.0,1.0,1.0,1.0,1.0,1.0,1.0,1.0,1.0
fixed_variant,rule_0p30,7,gear_dataset.csv,3825,1922,1903,1921,1,0,1903,0.9997385620915032,0.9997385563017467,0.0005202913631633715,0.0,0.9994797086368367,1.0,1.0,1.0,1.0,1.0,1.0,1.0,1.0,1.0,1.0
fixed_variant,rule_0p30,7,normal_run_data/normal_run_data.txt,648,319,329,319,0,0,329,1.0,1.0,0.0,0.0,1.0,1.0,1.0,1.0,1.0,1.0,1.0,1.0,1.0,1.0,1.0
sensitivity,rule_0p30,7,DoS_dataset.csv,1861,669,1192,669,0,308,884,0.8344975819451907,0.8322587366582619,0.0,0.25838926174496646,1.0,0.7416107382550335,0.6786912751677853,0.8705035971223022,0.8705035971223022,0.7381703470031545,0.7381703470031545,0.71875,0.4583333333333333,0.6504854368932039,0.6504854368932039
sensitivity,rule_0p30,7,Fuzzy_dataset.csv,1818,722,1096,722,0,310,786,0.8294829482948295,0.8292713663743536,0.0,0.28284671532846717,1.0,0.7171532846715328,0.6596715328467153,0.872791519434629,0.872791519434629,0.7076923076923077,0.7038461538461539,0.6872727272727273,0.4727272727272727,0.5971223021582733,0.5863309352517986
sensitivity,rule_0p30,7,RPM_dataset.csv,1766,730,1036,730,0,271,765,0.8465458663646659,0.8464855682269078,0.0,0.26158301158301156,1.0,0.7384169884169884,0.6766409266409267,0.8774703557312253,0.8774703557312253,0.6727272727272727,0.6654545454545454,0.7569721115537849,0.5099601593625498,0.6536964980544747,0.6536964980544747
sensitivity,rule_0p30,7,gear_dataset.csv,1749,690,1059,690,0,286,773,0.8364779874213837,0.8361088977075546,0.0,0.2700661000944287,1.0,0.7299338999055713,0.6798866855524079,0.8535714285714285,0.8535714285714285,0.7228464419475655,0.7153558052434457,0.7509433962264151,0.5622641509433962,0.5748987854251012,0.5708502024291497
sensitivity,rule_0p30,7,normal_run_data/normal_run_data.txt,271,100,171,100,0,54,117,0.8007380073800738,0.7999507874015748,0.0,0.3157894736842105,1.0,0.6842105263157895,0.6023391812865497,0.723404255319149,0.723404255319149,0.6666666666666666,0.6388888888888888,0.7777777777777778,0.4888888888888889,0.5581395348837209,0.5581395348837209
fixed_variant,real_oversampling_0p30,7,DoS_dataset.csv,4033,2038,1995,2037,1,1011,984,0.7490701710885197,0.7307125495174278,0.0004906771344455348,0.5067669172932331,0.9995093228655545,0.4932330827067669,0.4932330827067669,1.0,1.0,0.9797160243407708,0.9797160243407708,0.0,0.0,0.0,0.0
fixed_variant,real_oversampling_0p30,7,Fuzzy_dataset.csv,3688,1853,1835,1853,0,954,881,0.7413232104121475,0.7220135645072595,0.0,0.5198910081743869,1.0,0.48010899182561306,0.47956403269754766,1.0,1.0,0.9680365296803652,0.9657534246575342,0.0,0.0,0.0,0.0
fixed_variant,real_oversampling_0p30,7,RPM_dataset.csv,3782,1888,1894,1888,0,973,921,0.7427287149656266,0.7247332241956519,0.0,0.513727560718057,1.0,0.48627243928194297,0.48468848996832103,1.0,1.0,0.9543478260869566,0.9478260869565217,0.0,0.0,0.0,0.0
fixed_variant,real_oversampling_0p30,7,gear_dataset.csv,3825,1922,1903,1922,0,928,975,0.7573856209150327,0.7415430642146363,0.0,0.48765107724645296,1.0,0.512348922753547,0.512348922753547,1.0,1.0,0.9723991507430998,0.9723991507430998,0.0,0.0,0.0,0.0
fixed_variant,real_oversampling_0p30,7,normal_run_data/normal_run_data.txt,648,319,329,319,0,176,153,0.7283950617283951,0.709319277784008,0.0,0.5349544072948328,1.0,0.46504559270516715,0.46504559270516715,1.0,1.0,0.8051948051948052,0.8051948051948052,0.0,0.0,0.0,0.0
sensitivity,real_oversampling_0p30,7,DoS_dataset.csv,1861,669,1192,669,0,547,645,0.7060720042987642,0.7060231117220586,0.0,0.4588926174496644,1.0,0.5411073825503355,0.40184563758389263,0.737410071942446,0.737410071942446,0.4353312302839117,0.4353312302839117,0.65625,0.4722222222222222,0.3656957928802589,0.0
sensitivity,real_oversampling_0p30,7,Fuzzy_dataset.csv,1818,722,1096,722,0,487,609,0.7321232123212321,0.7310842846533864,0.0,0.4443430656934307,1.0,0.5556569343065694,0.40145985401459855,0.7773851590106007,0.7773851590106007,0.4230769230769231,0.41923076923076924,0.6654545454545454,0.4036363636363636,0.34532374100719426,0.0
sensitivity,real_oversampling_0p30,7,RPM_dataset.csv,1766,730,1036,730,0,465,571,0.7366930917327293,0.7345412521517064,0.0,0.44884169884169883,1.0,0.5511583011583011,0.39575289575289574,0.7509881422924901,0.7509881422924901,0.39636363636363636,0.39636363636363636,0.6852589641434262,0.44223107569721115,0.38910505836575876,0.0
sensitivity,real_oversampling_0p30,7,gear_dataset.csv,1749,690,1059,690,0,475,584,0.7284162378502002,0.7274150073906617,0.0,0.4485363550519358,1.0,0.5514636449480642,0.4258734655335222,0.7392857142857143,0.7285714285714285,0.3970037453183521,0.39325842696629215,0.7245283018867924,0.5358490566037736,0.31983805668016196,0.0
sensitivity,real_oversampling_0p30,7,normal_run_data/normal_run_data.txt,271,100,171,100,0,95,76,0.6494464944649446,0.6466753585397653,0.0,0.5555555555555556,1.0,0.4444444444444444,0.3684210526315789,0.6170212765957447,0.6170212765957447,0.3611111111111111,0.3611111111111111,0.5111111111111111,0.4666666666666667,0.2558139534883721,0.0
fixed_variant,real_only,42,DoS_dataset.csv,4033,2038,1995,2037,1,1019,976,0.7470865360773618,0.7282805992958227,0.0004906771344455348,0.5107769423558898,0.9995093228655545,0.4892230576441103,0.4892230576441103,1.0,1.0,0.9634888438133874,0.9634888438133874,0.0,0.0,0.0,0.0
fixed_variant,real_only,42,Fuzzy_dataset.csv,3688,1853,1835,1853,0,957,878,0.7405097613882863,0.7210106397905132,0.0,0.5215258855585831,1.0,0.4784741144414169,0.4779291553133515,1.0,1.0,0.9611872146118722,0.958904109589041,0.0,0.0,0.0,0.0
fixed_variant,real_only,42,RPM_dataset.csv,3782,1888,1894,1888,0,968,926,0.7440507667900582,0.7263451855572698,0.0,0.5110876451953538,1.0,0.48891235480464623,0.48891235480464623,1.0,1.0,0.9652173913043478,0.9652173913043478,0.0,0.0,0.0,0.0
fixed_variant,real_only,42,gear_dataset.csv,3825,1922,1903,1922,0,933,970,0.756078431372549,0.7399707424505737,0.0,0.4902785076195481,1.0,0.509721492380452,0.509721492380452,1.0,1.0,0.9617834394904459,0.9617834394904459,0.0,0.0,0.0,0.0
fixed_variant,real_only,42,normal_run_data/normal_run_data.txt,648,319,329,319,0,167,162,0.7422839506172839,0.7262121921291318,0.0,0.5075987841945289,1.0,0.49240121580547114,0.49240121580547114,1.0,1.0,0.922077922077922,0.922077922077922,0.0,0.0,0.0,0.0
sensitivity,real_only,42,DoS_dataset.csv,1861,669,1192,669,0,520,672,0.7205803331542182,0.7205796070351156,0.0,0.436241610738255,1.0,0.5637583892617449,0.462248322147651,0.8848920863309353,0.8848920863309353,0.3785488958990536,0.3785488958990536,0.6701388888888888,0.6423611111111112,0.3656957928802589,0.0
sensitivity,real_only,42,Fuzzy_dataset.csv,1818,722,1096,722,0,478,618,0.7370737073707371,0.7362104575528456,0.0,0.43613138686131386,1.0,0.5638686131386861,0.46897810218978103,0.8445229681978799,0.8445229681978799,0.3730769230769231,0.3730769230769231,0.6763636363636364,0.6472727272727272,0.34532374100719426,0.0
sensitivity,real_only,42,RPM_dataset.csv,1766,730,1036,730,0,442,594,0.7497168742921857,0.7482236973673175,0.0,0.4266409266409266,1.0,0.5733590733590733,0.444980694980695,0.849802371541502,0.83399209486166,0.37454545454545457,0.36727272727272725,0.701195219123506,0.5936254980079682,0.38910505836575876,0.0
sensitivity,real_only,42,gear_dataset.csv,1749,690,1059,690,0,443,616,0.7467124070897656,0.7462581770249138,0.0,0.4183191690273843,1.0,0.5816808309726157,0.502360717658168,0.85,0.85,0.39325842696629215,0.3895131086142322,0.7320754716981132,0.7169811320754716,0.31983805668016196,0.0
sensitivity,real_only,42,normal_run_data/normal_run_data.txt,271,100,171,100,0,86,85,0.6826568265682657,0.6816815996503496,0.0,0.5029239766081871,1.0,0.49707602339181284,0.38011695906432746,0.6382978723404256,0.6382978723404256,0.3888888888888889,0.3888888888888889,0.6666666666666666,0.4666666666666667,0.2558139534883721,0.0
fixed_variant,rule_0p30,42,DoS_dataset.csv,4033,2038,1995,2038,0,0,1995,1.0,1.0,0.0,0.0,1.0,1.0,1.0,1.0,1.0,1.0,1.0,1.0,1.0,1.0,1.0
fixed_variant,rule_0p30,42,Fuzzy_dataset.csv,3688,1853,1835,1853,0,1,1834,0.9997288503253796,0.999728843128471,0.0,0.0005449591280653951,1.0,0.9994550408719346,0.9994550408719346,1.0,1.0,0.997716894977169,0.997716894977169,1.0,1.0,1.0,1.0
fixed_variant,rule_0p30,42,RPM_dataset.csv,3782,1888,1894,1888,0,0,1894,1.0,1.0,0.0,0.0,1.0,1.0,1.0,1.0,1.0,1.0,1.0,1.0,1.0,1.0,1.0
fixed_variant,rule_0p30,42,gear_dataset.csv,3825,1922,1903,1922,0,0,1903,1.0,1.0,0.0,0.0,1.0,1.0,1.0,1.0,1.0,1.0,1.0,1.0,1.0,1.0,1.0
fixed_variant,rule_0p30,42,normal_run_data/normal_run_data.txt,648,319,329,319,0,0,329,1.0,1.0,0.0,0.0,1.0,1.0,1.0,1.0,1.0,1.0,1.0,1.0,1.0,1.0,1.0
sensitivity,rule_0p30,42,DoS_dataset.csv,1861,669,1192,669,0,314,878,0.831273508866201,0.82911826975939,0.0,0.2634228187919463,1.0,0.7365771812080537,0.6182885906040269,0.7913669064748201,0.7913669064748201,0.7728706624605678,0.7602523659305994,0.7083333333333334,0.4305555555555556,0.6763754045307443,0.4919093851132686
sensitivity,rule_0p30,42,Fuzzy_dataset.csv,1818,722,1096,722,0,314,782,0.8272827282728272,0.8270943964060233,0.0,0.2864963503649635,1.0,0.7135036496350365,0.6277372262773723,0.7773851590106007,0.7773851590106007,0.75,0.7423076923076923,0.72,0.5127272727272727,0.6079136690647482,0.48201438848920863
sensitivity,rule_0p30,42,RPM_dataset.csv,1766,730,1036,730,0,271,765,0.8465458663646659,0.8464855682269078,0.0,0.26158301158301156,1.0,0.7384169884169884,0.638030888030888,0.7944664031620553,0.7944664031620553,0.7527272727272727,0.7418181818181818,0.7211155378486056,0.4701195219123506,0.6848249027237354,0.5369649805447471
sensitivity,rule_0p30,42,gear_dataset.csv,1749,690,1059,690,0,303,756,0.8267581475128645,0.8265111003078918,0.0,0.28611898016997167,1.0,0.7138810198300283,0.6241737488196412,0.7892857142857143,0.7892857142857143,0.7528089887640449,0.7340823970037453,0.7358490566037735,0.5018867924528302,0.562753036437247,0.4493927125506073
sensitivity,rule_0p30,42,normal_run_data/normal_run_data.txt,271,100,171,100,0,65,106,0.7601476014760148,0.7600299707104421,0.0,0.38011695906432746,1.0,0.6198830409356725,0.5906432748538012,0.6170212765957447,0.6170212765957447,0.6666666666666666,0.6388888888888888,0.6888888888888889,0.6,0.5116279069767442,0.5116279069767442
fixed_variant,real_oversampling_0p30,42,DoS_dataset.csv,4033,2038,1995,2038,0,1003,992,0.7513017604760724,0.7333658823333217,0.0,0.5027568922305764,1.0,0.49724310776942354,0.4967418546365915,1.0,1.0,0.9939148073022313,0.9939148073022313,0.002066115702479339,0.0,0.0,0.0
fixed_variant,real_oversampling_0p30,42,Fuzzy_dataset.csv,3688,1853,1835,1853,0,943,892,0.7443058568329718,0.7256797164623611,0.0,0.5138964577656676,1.0,0.48610354223433244,0.48555858310626704,1.0,1.0,0.9908675799086758,0.9908675799086758,0.0021231422505307855,0.0,0.0,0.0
fixed_variant,real_oversampling_0p30,42,RPM_dataset.csv,3782,1888,1894,1888,0,956,938,0.7472236911686938,0.7302003190203972,0.0,0.5047518479408659,1.0,0.4952481520591341,0.4941921858500528,1.0,1.0,0.9869565217391304,0.9869565217391304,0.004123711340206186,0.0,0.0,0.0
fixed_variant,real_oversampling_0p30,42,gear_dataset.csv,3825,1922,1903,1922,0,919,984,0.7597385620915033,0.7443654291345343,0.0,0.48292170257488176,1.0,0.5170782974251182,0.5160273252758802,1.0,1.0,0.9915074309978769,0.9872611464968153,0.0,0.0,0.0,0.0
fixed_variant,real_oversampling_0p30,42,normal_run_data/normal_run_data.txt,648,319,329,319,0,163,166,0.7484567901234568,0.7336057201225741,0.0,0.49544072948328266,1.0,0.5045592705167173,0.5045592705167173,1.0,1.0,0.974025974025974,0.974025974025974,0.0,0.0,0.0,0.0
sensitivity,real_oversampling_0p30,42,DoS_dataset.csv,1861,669,1192,669,0,517,675,0.722192369693713,0.7221894819513843,0.0,0.4337248322147651,1.0,0.5662751677852349,0.4672818791946309,0.7841726618705036,0.7841726618705036,0.4952681388012618,0.4952681388012618,0.6458333333333334,0.6319444444444444,0.36893203883495146,0.0
sensitivity,real_oversampling_0p30,42,Fuzzy_dataset.csv,1818,722,1096,722,0,489,607,0.731023102310231,0.7299425043113412,0.0,0.44616788321167883,1.0,0.5538321167883211,0.4625912408759124,0.7773851590106007,0.7773851590106007,0.43846153846153846,0.43846153846153846,0.6436363636363637,0.6290909090909091,0.34532374100719426,0.0
sensitivity,real_oversampling_0p30,42,RPM_dataset.csv,1766,730,1036,730,0,443,593,0.7491506228765572,0.7476318449077367,0.0,0.4276061776061776,1.0,0.5723938223938224,0.46042471042471045,0.7747035573122529,0.7628458498023716,0.45454545454545453,0.4509090909090909,0.6852589641434262,0.6374501992031872,0.38910505836575876,0.0
sensitivity,real_oversampling_0p30,42,gear_dataset.csv,1749,690,1059,690,0,453,606,0.7409948542024014,0.7403960425237022,0.0,0.42776203966005666,1.0,0.5722379603399433,0.4919735599622285,0.7571428571428571,0.7535714285714286,0.47191011235955055,0.4681647940074906,0.7132075471698113,0.6981132075471698,0.31983805668016196,0.0
sensitivity,real_oversampling_0p30,42,normal_run_data/normal_run_data.txt,271,100,171,100,0,97,74,0.6420664206642066,0.6387411530268674,0.0,0.5672514619883041,1.0,0.4327485380116959,0.36257309941520466,0.574468085106383,0.574468085106383,0.3888888888888889,0.3888888888888889,0.4888888888888889,0.4666666666666667,0.2558139534883721,0.0
fixed_variant,real_only,123,DoS_dataset.csv,4033,2038,1995,2038,0,959,1036,0.7622117530374412,0.746568019246338,0.0,0.4807017543859649,1.0,0.519298245614035,0.49774436090225566,1.0,1.0,0.9979716024340771,0.9979716024340771,0.08677685950413223,0.0,0.0019342359767891683,0.0
fixed_variant,real_only,123,Fuzzy_dataset.csv,3688,1853,1835,1853,0,897,938,0.7567787418655098,0.7408253558275351,0.0,0.4888283378746594,1.0,0.5111716621253406,0.4871934604904632,1.0,1.0,1.0,0.997716894977169,0.08917197452229299,0.0,0.0021321961620469083,0.0
fixed_variant,real_only,123,RPM_dataset.csv,3782,1888,1894,1888,0,910,984,0.7593865679534638,0.7448063621266843,0.0,0.4804646251319958,1.0,0.5195353748680043,0.49736008447729674,1.0,1.0,1.0,1.0,0.07835051546391752,0.0,0.008565310492505354,0.0
fixed_variant,real_only,123,gear_dataset.csv,3825,1922,1903,1922,0,873,1030,0.7717647058823529,0.7586386401812046,0.0,0.45874934314240673,1.0,0.5412506568575933,0.5186547556489753,1.0,1.0,0.9978768577494692,0.9978768577494692,0.08677685950413223,0.0,0.002320185614849188,0.0
fixed_variant,real_only,123,normal_run_data/normal_run_data.txt,648,319,329,319,0,161,168,0.7515432098765432,0.7372772303407429,0.0,0.48936170212765956,1.0,0.5106382978723404,0.5106382978723404,1.0,1.0,1.0,1.0,0.0,0.0,0.0,0.0
sensitivity,real_only,123,DoS_dataset.csv,1861,669,1192,669,0,492,700,0.7356260075228371,0.7355526288427547,0.0,0.412751677852349,1.0,0.587248322147651,0.4865771812080537,0.8597122302158273,0.8597122302158273,0.4794952681388013,0.4794952681388013,0.6770833333333334,0.65625,0.36893203883495146,0.0
sensitivity,real_only,123,Fuzzy_dataset.csv,1818,722,1096,722,0,450,646,0.7524752475247525,0.7520419185851266,0.0,0.41058394160583944,1.0,0.5894160583941606,0.49635036496350365,0.8621908127208481,0.8621908127208481,0.46923076923076923,0.46923076923076923,0.6690909090909091,0.6472727272727272,0.34532374100719426,0.0
sensitivity,real_only,123,RPM_dataset.csv,1766,730,1036,730,0,422,614,0.7610419026047565,0.7600064406015522,0.0,0.40733590733590735,1.0,0.5926640926640927,0.47393822393822393,0.83399209486166,0.8221343873517787,0.44727272727272727,0.44727272727272727,0.7131474103585658,0.6215139442231076,0.39299610894941633,0.01556420233463035
sensitivity,real_only,123,gear_dataset.csv,1749,690,1059,690,0,433,626,0.7524299599771298,0.752098019414679,0.0,0.408876298394712,1.0,0.591123701605288,0.509915014164306,0.8178571428571428,0.8142857142857143,0.4681647940074906,0.4681647940074906,0.7283018867924528,0.7018867924528301,0.31983805668016196,0.004048582995951417
sensitivity,real_only,123,normal_run_data/normal_run_data.txt,271,100,171,100,0,90,81,0.6678966789667896,0.666256157635468,0.0,0.5263157894736842,1.0,0.47368421052631576,0.36257309941520466,0.574468085106383,0.574468085106383,0.3611111111111111,0.3611111111111111,0.6666666666666666,0.4444444444444444,0.2558139534883721,0.046511627906976744
fixed_variant,rule_0p30,123,DoS_dataset.csv,4033,2038,1995,2038,0,0,1995,1.0,1.0,0.0,0.0,1.0,1.0,1.0,1.0,1.0,1.0,1.0,1.0,1.0,1.0,1.0
fixed_variant,rule_0p30,123,Fuzzy_dataset.csv,3688,1853,1835,1853,0,1,1834,0.9997288503253796,0.999728843128471,0.0,0.0005449591280653951,1.0,0.9994550408719346,0.9994550408719346,1.0,1.0,0.997716894977169,0.997716894977169,1.0,1.0,1.0,1.0
fixed_variant,rule_0p30,123,RPM_dataset.csv,3782,1888,1894,1888,0,0,1894,1.0,1.0,0.0,0.0,1.0,1.0,1.0,1.0,1.0,1.0,1.0,1.0,1.0,1.0,1.0
fixed_variant,rule_0p30,123,gear_dataset.csv,3825,1922,1903,1922,0,0,1903,1.0,1.0,0.0,0.0,1.0,1.0,1.0,1.0,1.0,1.0,1.0,1.0,1.0,1.0,1.0
fixed_variant,rule_0p30,123,normal_run_data/normal_run_data.txt,648,319,329,319,0,0,329,1.0,1.0,0.0,0.0,1.0,1.0,1.0,1.0,1.0,1.0,1.0,1.0,1.0,1.0,1.0
sensitivity,rule_0p30,123,DoS_dataset.csv,1861,669,1192,669,0,318,874,0.8291241268135411,0.8270251974690292,0.0,0.26677852348993286,1.0,0.7332214765100671,0.7197986577181208,0.7446043165467626,0.7446043165467626,0.7854889589905363,0.7760252365930599,0.7291666666666666,0.6840277777777778,0.6731391585760518,0.6731391585760518
sensitivity,rule_0p30,123,Fuzzy_dataset.csv,1818,722,1096,722,0,305,791,0.8322332233223322,0.8319912082398209,0.0,0.2782846715328467,1.0,0.7217153284671532,0.7052919708029197,0.7703180212014135,0.7703180212014135,0.7807692307692308,0.7653846153846153,0.7236363636363636,0.68,0.6151079136690647,0.6079136690647482
sensitivity,rule_0p30,123,RPM_dataset.csv,1766,730,1036,730,0,273,763,0.8454133635334088,0.8453593664749955,0.0,0.2635135135135135,1.0,0.7364864864864865,0.7191119691119691,0.7628458498023716,0.7628458498023716,0.7672727272727272,0.730909090909091,0.7370517928286853,0.7051792828685259,0.6770428015564203,0.6770428015564203
sensitivity,rule_0p30,123,gear_dataset.csv,1749,690,1059,690,0,291,768,0.8336192109777015,0.8332876393298605,0.0,0.2747875354107649,1.0,0.7252124645892352,0.7082152974504249,0.7642857142857142,0.7642857142857142,0.7640449438202247,0.7528089887640449,0.7735849056603774,0.7320754716981132,0.5870445344129555,0.5708502024291497
sensitivity,rule_0p30,123,normal_run_data/normal_run_data.txt,271,100,171,100,0,57,114,0.7896678966789668,0.7891050583657588,0.0,0.3333333333333333,1.0,0.6666666666666666,0.6257309941520468,0.6382978723404256,0.6382978723404256,0.6666666666666666,0.6388888888888888,0.7777777777777778,0.6444444444444445,0.5813953488372093,0.5813953488372093
fixed_variant,real_oversampling_0p30,123,DoS_dataset.csv,4033,2038,1995,2038,0,1007,988,0.7503099429704935,0.732154515300784,0.0,0.5047619047619047,1.0,0.49523809523809526,0.49473684210526314,1.0,1.0,0.9858012170385395,0.9858012170385395,0.002066115702479339,0.0,0.0,0.0
fixed_variant,real_oversampling_0p30,123,Fuzzy_dataset.csv,3688,1853,1835,1853,0,953,882,0.7415943600867679,0.7223475793306681,0.0,0.5193460490463215,1.0,0.48065395095367847,0.48065395095367847,1.0,1.0,0.9703196347031964,0.9703196347031964,0.0,0.0,0.0,0.0
fixed_variant,real_oversampling_0p30,123,RPM_dataset.csv,3782,1888,1894,1888,0,969,925,0.7437863564251719,0.7260230611861181,0.0,0.5116156282998944,1.0,0.4883843717001056,0.4857444561774023,0.9979253112033195,0.991701244813278,0.9652173913043478,0.9608695652173913,0.0,0.0,0.0,0.0
fixed_variant,real_oversampling_0p30,123,gear_dataset.csv,3825,1922,1903,1922,0,937,966,0.7550326797385621,0.7387106319899795,0.0,0.49238045191802415,1.0,0.5076195480819758,0.5076195480819758,0.9941972920696325,0.9941972920696325,0.9596602972399151,0.9596602972399151,0.0,0.0,0.0,0.0
fixed_variant,real_oversampling_0p30,123,normal_run_data/normal_run_data.txt,648,319,329,319,0,186,143,0.7129629629629629,0.6901020240250124,0.0,0.5653495440729484,1.0,0.43465045592705165,0.43465045592705165,0.9010989010989011,0.9010989010989011,0.7922077922077922,0.7922077922077922,0.0,0.0,0.0,0.0
sensitivity,real_oversampling_0p30,123,DoS_dataset.csv,1861,669,1192,669,0,572,620,0.6926383664696399,0.6924251355131006,0.0,0.4798657718120805,1.0,0.5201342281879194,0.4110738255033557,0.6834532374100719,0.6834532374100719,0.4668769716088328,0.4668769716088328,0.5833333333333334,0.5277777777777778,0.36893203883495146,0.0
sensitivity,real_oversampling_0p30,123,Fuzzy_dataset.csv,1818,722,1096,722,0,530,566,0.7084708470847084,0.7063083625031548,0.0,0.4835766423357664,1.0,0.5164233576642335,0.41514598540145986,0.7314487632508834,0.7314487632508834,0.4461538461538462,0.4423076923076923,0.5345454545454545,0.48363636363636364,0.34532374100719426,0.0
sensitivity,real_oversampling_0p30,123,RPM_dataset.csv,1766,730,1036,730,0,504,532,0.7146092865232163,0.7109761419842886,0.0,0.4864864864864865,1.0,0.5135135135135135,0.38996138996138996,0.691699604743083,0.6798418972332015,0.4036363636363636,0.4,0.5816733067729084,0.4860557768924303,0.38910505836575876,0.0
sensitivity,real_oversampling_0p30,123,gear_dataset.csv,1749,690,1059,690,0,505,554,0.7112635791881075,0.709507137794544,0.0,0.4768649669499528,1.0,0.5231350330500472,0.4381491973559962,0.675,0.675,0.4681647940074906,0.46441947565543074,0.6075471698113207,0.569811320754717,0.31983805668016196,0.0
sensitivity,real_oversampling_0p30,123,normal_run_data/normal_run_data.txt,271,100,171,100,0,104,67,0.6162361623616236,0.6104599734630695,0.0,0.6081871345029239,1.0,0.391812865497076,0.30994152046783624,0.5319148936170213,0.5319148936170213,0.3888888888888889,0.3888888888888889,0.37777777777777777,0.3111111111111111,0.2558139534883721,0.0
fixed_variant,real_only,2026,DoS_dataset.csv,4033,2038,1995,2038,0,980,1015,0.7570047111331515,0.740294745363556,0.0,0.49122807017543857,1.0,0.5087719298245614,0.49724310776942354,1.0,1.0,0.9959432048681541,0.9959432048681541,0.045454545454545456,0.0,0.0019342359767891683,0.0
fixed_variant,real_only,2026,Fuzzy_dataset.csv,3688,1853,1835,1853,0,925,910,0.7491865509761388,0.7316414013583127,0.0,0.5040871934604905,1.0,0.49591280653950953,0.48446866485013623,1.0,1.0,0.9863013698630136,0.9863013698630136,0.04246284501061571,0.0,0.0021321961620469083,0.0
fixed_variant,real_only,2026,RPM_dataset.csv,3782,1888,1894,1888,0,944,950,0.7503966155473295,0.7340365682137835,0.0,0.498416050686378,1.0,0.5015839493136219,0.4931362196409715,1.0,1.0,0.9804347826086957,0.9804347826086957,0.032989690721649485,0.0,0.0021413276231263384,0.0021413276231263384
fixed_variant,real_only,2026,gear_dataset.csv,3825,1922,1903,1922,0,903,1000,0.763921568627451,0.7493585338921018,0.0,0.4745139253809774,1.0,0.5254860746190226,0.5155018392012611,1.0,1.0,0.9851380042462845,0.9851380042462845,0.0371900826446281,0.0,0.002320185614849188,0.0
fixed_variant,real_only,2026,normal_run_data/normal_run_data.txt,648,319,329,319,0,167,162,0.7422839506172839,0.7262121921291318,0.0,0.5075987841945289,1.0,0.49240121580547114,0.49240121580547114,1.0,1.0,0.922077922077922,0.922077922077922,0.0,0.0,0.0,0.0
sensitivity,real_only,2026,DoS_dataset.csv,1861,669,1192,669,0,494,698,0.7345513164965073,0.7344868418012522,0.0,0.41442953020134227,1.0,0.5855704697986577,0.4161073825503356,0.8057553956834532,0.8057553956834532,0.6466876971608833,0.6466876971608833,0.5347222222222222,0.2326388888888889,0.37216828478964403,0.0
sensitivity,real_only,2026,Fuzzy_dataset.csv,1818,722,1096,722,0,485,611,0.7332233223322332,0.7322250981914193,0.0,0.4425182481751825,1.0,0.5574817518248175,0.40875912408759124,0.8303886925795053,0.8303886925795053,0.6,0.5961538461538461,0.44727272727272727,0.2109090909090909,0.3489208633093525,0.0
sensitivity,real_only,2026,RPM_dataset.csv,1766,730,1036,730,0,434,602,0.7542468856172141,0.7529490338360455,0.0,0.4189189189189189,1.0,0.581081081081081,0.39768339768339767,0.8102766798418972,0.7984189723320159,0.5563636363636364,0.5309090909090909,0.5737051792828686,0.2549800796812749,0.38910505836575876,0.0
sensitivity,real_only,2026,gear_dataset.csv,1749,690,1059,690,0,422,637,0.7587192681532304,0.7584975027746947,0.0,0.39848914069877245,1.0,0.6015108593012276,0.4627006610009443,0.8285714285714286,0.8178571428571428,0.6179775280898876,0.6179775280898876,0.5924528301886792,0.3622641509433962,0.3360323886639676,0.0
sensitivity,real_only,2026,normal_run_data/normal_run_data.txt,271,100,171,100,0,101,70,0.6273062730627307,0.6226823451565322,0.0,0.5906432748538012,1.0,0.4093567251461988,0.26900584795321636,0.5957446808510638,0.574468085106383,0.3611111111111111,0.3611111111111111,0.4,0.1111111111111111,0.2558139534883721,0.023255813953488372
fixed_variant,rule_0p30,2026,DoS_dataset.csv,4033,2038,1995,2038,0,0,1995,1.0,1.0,0.0,0.0,1.0,1.0,1.0,1.0,1.0,1.0,1.0,1.0,1.0,1.0,1.0
fixed_variant,rule_0p30,2026,Fuzzy_dataset.csv,3688,1853,1835,1853,0,0,1835,1.0,1.0,0.0,0.0,1.0,1.0,1.0,1.0,1.0,1.0,1.0,1.0,1.0,1.0,1.0
fixed_variant,rule_0p30,2026,RPM_dataset.csv,3782,1888,1894,1888,0,0,1894,1.0,1.0,0.0,0.0,1.0,1.0,1.0,1.0,1.0,1.0,1.0,1.0,1.0,1.0,1.0
fixed_variant,rule_0p30,2026,gear_dataset.csv,3825,1922,1903,1922,0,0,1903,1.0,1.0,0.0,0.0,1.0,1.0,1.0,1.0,1.0,1.0,1.0,1.0,1.0,1.0,1.0
fixed_variant,rule_0p30,2026,normal_run_data/normal_run_data.txt,648,319,329,319,0,0,329,1.0,1.0,0.0,0.0,1.0,1.0,1.0,1.0,1.0,1.0,1.0,1.0,1.0,1.0,1.0
sensitivity,rule_0p30,2026,DoS_dataset.csv,1861,669,1192,669,0,339,853,0.8178398710370769,0.8160415691660361,0.0,0.28439597315436244,1.0,0.7156040268456376,0.5167785234899329,0.7985611510791367,0.7985611510791367,0.7160883280757098,0.7129337539432177,0.6909722222222222,0.22916666666666666,0.6634304207119741,0.3300970873786408
sensitivity,rule_0p30,2026,Fuzzy_dataset.csv,1818,722,1096,722,0,341,755,0.8124312431243125,0.812369421026109,0.0,0.31113138686131386,1.0,0.6888686131386861,0.5164233576642335,0.8091872791519434,0.8091872791519434,0.6807692307692308,0.6730769230769231,0.6690909090909091,0.29818181818181816,0.5935251798561151,0.28776978417266186
sensitivity,rule_0p30,2026,RPM_dataset.csv,1766,730,1036,730,0,285,751,0.8386183465458663,0.8385955235439653,0.0,0.2750965250965251,1.0,0.724903474903475,0.5299227799227799,0.8260869565217391,0.8260869565217391,0.6690909090909091,0.6581818181818182,0.7211155378486056,0.250996015936255,0.688715953307393,0.3735408560311284
sensitivity,rule_0p30,2026,gear_dataset.csv,1749,690,1059,690,0,304,755,0.826186392224128,0.8259459940761613,0.0,0.2870632672332389,1.0,0.7129367327667611,0.5439093484419264,0.7857142857142857,0.7785714285714286,0.6816479400749064,0.6816479400749064,0.7622641509433963,0.36981132075471695,0.611336032388664,0.3157894736842105
sensitivity,rule_0p30,2026,normal_run_data/normal_run_data.txt,271,100,171,100,0,60,111,0.7785977859778598,0.7782324058919804,0.0,0.3508771929824561,1.0,0.6491228070175439,0.543859649122807,0.6382978723404256,0.6382978723404256,0.6388888888888888,0.6388888888888888,0.7333333333333333,0.4666666666666667,0.5813953488372093,0.4418604651162791
fixed_variant,real_oversampling_0p30,2026,DoS_dataset.csv,4033,2038,1995,2038,0,1074,921,0.7336969997520456,0.7115717767389828,0.0,0.5383458646616541,1.0,0.4616541353383459,0.4616541353383459,1.0,1.0,0.8519269776876268,0.8519269776876268,0.0,0.0,0.0,0.0
fixed_variant,real_oversampling_0p30,2026,Fuzzy_dataset.csv,3688,1853,1835,1853,0,1016,819,0.7245119305856833,0.7010092730814443,0.0,0.5536784741144414,1.0,0.44632152588555857,0.4452316076294278,1.0,1.0,0.8242009132420092,0.821917808219178,0.0021231422505307855,0.0,0.0,0.0
fixed_variant,real_oversampling_0p30,2026,RPM_dataset.csv,3782,1888,1894,1888,0,1027,867,0.7284505552617663,0.7071043141800711,0.0,0.5422386483632524,1.0,0.45776135163674764,0.45776135163674764,1.0,1.0,0.8369565217391305,0.8369565217391305,0.0,0.0,0.0,0.0
fixed_variant,real_oversampling_0p30,2026,gear_dataset.csv,3825,1922,1903,1922,0,1001,902,0.7383006535947713,0.7182662538699691,0.0,0.5260115606936416,1.0,0.47398843930635837,0.47398843930635837,1.0,1.0,0.8174097664543525,0.8174097664543525,0.0,0.0,0.0,0.0
fixed_variant,real_oversampling_0p30,2026,normal_run_data/normal_run_data.txt,648,319,329,319,0,183,146,0.7175925925925926,0.6959189691646901,0.0,0.5562310030395137,1.0,0.44376899696048633,0.44376899696048633,1.0,1.0,0.7142857142857143,0.7142857142857143,0.0,0.0,0.0,0.0
sensitivity,real_oversampling_0p30,2026,DoS_dataset.csv,1861,669,1192,669,0,610,582,0.6722192369693714,0.6715013114367003,0.0,0.511744966442953,1.0,0.48825503355704697,0.35906040268456374,0.7949640287769785,0.7949640287769785,0.35962145110410093,0.35962145110410093,0.4652777777777778,0.3229166666666667,0.3656957928802589,0.0
sensitivity,real_oversampling_0p30,2026,Fuzzy_dataset.csv,1818,722,1096,722,0,587,509,0.6771177117711771,0.6726238628363175,0.0,0.5355839416058394,1.0,0.46441605839416056,0.35036496350364965,0.7950530035335689,0.7950530035335689,0.35384615384615387,0.35384615384615387,0.3490909090909091,0.24363636363636362,0.34532374100719426,0.0
sensitivity,real_oversampling_0p30,2026,RPM_dataset.csv,1766,730,1036,730,0,520,516,0.7055492638731596,0.7011610954909924,0.0,0.5019305019305019,1.0,0.4980694980694981,0.36776061776061775,0.7865612648221344,0.7865612648221344,0.3490909090909091,0.3490909090909091,0.4820717131474104,0.3426294820717131,0.38910505836575876,0.0
sensitivity,real_oversampling_0p30,2026,gear_dataset.csv,1749,690,1059,690,0,534,525,0.6946826758147513,0.691940961337513,0.0,0.5042492917847026,1.0,0.49575070821529743,0.3937677053824363,0.7857142857142857,0.7821428571428571,0.3408239700374532,0.3333333333333333,0.5094339622641509,0.41132075471698115,0.31983805668016196,0.0
sensitivity,real_oversampling_0p30,2026,normal_run_data/normal_run_data.txt,271,100,171,100,0,110,61,0.5940959409594095,0.5855116796440489,0.0,0.6432748538011696,1.0,0.3567251461988304,0.2807017543859649,0.574468085106383,0.574468085106383,0.3611111111111111,0.3611111111111111,0.2222222222222222,0.17777777777777778,0.2558139534883721,0.0
fixed_variant,real_only,3407,DoS_dataset.csv,4033,2038,1995,2037,1,1001,994,0.7515497148524671,0.7337417079785258,0.0004906771344455348,0.5017543859649123,0.9995093228655545,0.4982456140350877,0.4982456140350877,1.0,1.0,1.0,1.0,0.0,0.0,0.0,0.0
fixed_variant,real_only,3407,Fuzzy_dataset.csv,3688,1853,1835,1853,0,940,895,0.745119305856833,0.7266765376967701,0.0,0.5122615803814714,1.0,0.4877384196185286,0.4871934604904632,1.0,1.0,1.0,0.997716894977169,0.0,0.0,0.0,0.0
fixed_variant,real_only,3407,RPM_dataset.csv,3782,1888,1894,1888,0,957,937,0.7469592808038075,0.7298797839231717,0.0,0.5052798310454065,1.0,0.4947201689545935,0.4947201689545935,1.0,1.0,0.9891304347826086,0.9891304347826086,0.0,0.0,0.0,0.0
fixed_variant,real_only,3407,gear_dataset.csv,3825,1922,1903,1922,0,920,983,0.7594771241830065,0.7440523259163058,0.0,0.4834471886495008,1.0,0.5165528113504992,0.5165528113504992,1.0,1.0,0.9893842887473461,0.9893842887473461,0.0,0.0,0.0,0.0
fixed_variant,real_only,3407,normal_run_data/normal_run_data.txt,648,319,329,319,0,168,161,0.7407407407407407,0.7243530662885502,0.0,0.5106382978723404,1.0,0.48936170212765956,0.48936170212765956,1.0,1.0,0.9090909090909091,0.9090909090909091,0.0,0.0,0.0,0.0
sensitivity,real_only,3407,DoS_dataset.csv,1861,669,1192,669,0,562,630,0.6980118216012896,0.6978791380206829,0.0,0.4714765100671141,1.0,0.5285234899328859,0.43288590604026844,0.6726618705035972,0.6726618705035972,0.4637223974763407,0.4637223974763407,0.6319444444444444,0.6319444444444444,0.36893203883495146,0.0
sensitivity,real_only,3407,Fuzzy_dataset.csv,1818,722,1096,722,0,524,572,0.7117711771177118,0.709795578171609,0.0,0.4781021897810219,1.0,0.5218978102189781,0.4333941605839416,0.6996466431095406,0.6996466431095406,0.4230769230769231,0.4230769230769231,0.610909090909091,0.6072727272727273,0.34532374100719426,0.0
sensitivity,real_only,3407,RPM_dataset.csv,1766,730,1036,730,0,492,544,0.7214043035107588,0.71827920730442,0.0,0.4749034749034749,1.0,0.525096525096525,0.4247104247104247,0.6798418972332015,0.6798418972332015,0.4,0.4,0.6454183266932271,0.6294820717131474,0.38910505836575876,0.0
sensitivity,real_only,3407,gear_dataset.csv,1749,690,1059,690,0,496,563,0.7164093767867353,0.7149061807397747,0.0,0.4683663833805477,1.0,0.5316336166194523,0.45514636449480644,0.675,0.675,0.4157303370786517,0.41198501872659177,0.690566037735849,0.690566037735849,0.32388663967611336,0.0
sensitivity,real_only,3407,normal_run_data/normal_run_data.txt,271,100,171,100,0,102,69,0.6236162361623616,0.6186258278145695,0.0,0.5964912280701754,1.0,0.40350877192982454,0.3391812865497076,0.5531914893617021,0.5531914893617021,0.3611111111111111,0.3611111111111111,0.4222222222222222,0.4222222222222222,0.2558139534883721,0.0
fixed_variant,rule_0p30,3407,DoS_dataset.csv,4033,2038,1995,2038,0,0,1995,1.0,1.0,0.0,0.0,1.0,1.0,1.0,1.0,1.0,1.0,1.0,1.0,1.0,1.0,1.0
fixed_variant,rule_0p30,3407,Fuzzy_dataset.csv,3688,1853,1835,1853,0,0,1835,1.0,1.0,0.0,0.0,1.0,1.0,1.0,1.0,1.0,1.0,1.0,1.0,1.0,1.0,1.0
fixed_variant,rule_0p30,3407,RPM_dataset.csv,3782,1888,1894,1888,0,0,1894,1.0,1.0,0.0,0.0,1.0,1.0,1.0,1.0,1.0,1.0,1.0,1.0,1.0,1.0,1.0
fixed_variant,rule_0p30,3407,gear_dataset.csv,3825,1922,1903,1922,0,0,1903,1.0,1.0,0.0,0.0,1.0,1.0,1.0,1.0,1.0,1.0,1.0,1.0,1.0,1.0,1.0
fixed_variant,rule_0p30,3407,normal_run_data/normal_run_data.txt,648,319,329,318,1,0,329,0.9984567901234568,0.9984563453022157,0.003134796238244514,0.0,0.9968652037617555,1.0,1.0,1.0,1.0,1.0,1.0,1.0,1.0,1.0,1.0
sensitivity,rule_0p30,3407,DoS_dataset.csv,1861,669,1192,669,0,295,897,0.8414830736163353,0.8390674975823262,0.0,0.24748322147651006,1.0,0.75251677852349,0.7206375838926175,0.8705035971223022,0.8705035971223022,0.8012618296529969,0.7602523659305994,0.7152777777777778,0.6354166666666666,0.6310679611650486,0.6245954692556634
sensitivity,rule_0p30,3407,Fuzzy_dataset.csv,1818,722,1096,722,0,295,801,0.8377337733773378,0.8374267896133327,0.0,0.26916058394160586,1.0,0.7308394160583942,0.698905109489051,0.8586572438162544,0.8586572438162544,0.7653846153846153,0.7346153846153847,0.7236363636363636,0.6254545454545455,0.5755395683453237,0.5755395683453237
sensitivity,rule_0p30,3407,RPM_dataset.csv,1766,730,1036,730,0,261,775,0.8522083805209513,0.8521123574668459,0.0,0.2519305019305019,1.0,0.7480694980694981,0.7142857142857143,0.8458498023715415,0.8458498023715415,0.7490909090909091,0.7090909090909091,0.749003984063745,0.6573705179282868,0.6498054474708171,0.6459143968871596
sensitivity,rule_0p30,3407,gear_dataset.csv,1749,690,1059,690,0,289,770,0.8347627215551744,0.8344162895838664,0.0,0.2728989612842304,1.0,0.7271010387157696,0.6893295561850803,0.8035714285714286,0.8,0.7490636704119851,0.7265917602996255,0.7811320754716982,0.6830188679245283,0.5587044534412956,0.5303643724696356
sensitivity,rule_0p30,3407,normal_run_data/normal_run_data.txt,271,100,171,100,0,48,123,0.8228782287822878,0.8215931533903884,0.0,0.2807017543859649,1.0,0.7192982456140351,0.6491228070175439,0.7872340425531915,0.7872340425531915,0.6944444444444444,0.6388888888888888,0.7777777777777778,0.5777777777777777,0.6046511627906976,0.5813953488372093
fixed_variant,real_oversampling_0p30,3407,DoS_dataset.csv,4033,2038,1995,2036,2,1000,995,0.7515497148524671,0.733814808218052,0.0009813542688910696,0.5012531328320802,0.9990186457311089,0.49874686716791977,0.4982456140350877,1.0,1.0,1.0,1.0,0.002066115702479339,0.0,0.0,0.0
fixed_variant,real_oversampling_0p30,3407,Fuzzy_dataset.csv,3688,1853,1835,1853,0,941,894,0.7448481561822126,0.726344407669562,0.0,0.5128065395095368,1.0,0.4871934604904632,0.4871934604904632,1.0,1.0,0.997716894977169,0.997716894977169,0.0,0.0,0.0,0.0
fixed_variant,real_oversampling_0p30,3407,RPM_dataset.csv,3782,1888,1894,1888,0,952,942,0.748281332628239,0.7314811500194502,0.0,0.5026399155227033,1.0,0.49736008447729674,0.49736008447729674,1.0,1.0,1.0,1.0,0.0,0.0,0.0,0.0
fixed_variant,real_oversampling_0p30,3407,gear_dataset.csv,3825,1922,1903,1922,0,916,987,0.7605228758169935,0.745304003954523,0.0,0.4813452443510247,1.0,0.5186547556489753,0.5186547556489753,1.0,1.0,0.9978768577494692,0.9978768577494692,0.0,0.0,0.0,0.0
fixed_variant,real_oversampling_0p30,3407,normal_run_data/normal_run_data.txt,648,319,329,319,0,162,167,0.75,0.7354435483870967,0.0,0.49240121580547114,1.0,0.5075987841945289,0.5075987841945289,1.0,1.0,0.987012987012987,0.987012987012987,0.0,0.0,0.0,0.0
sensitivity,real_oversampling_0p30,3407,DoS_dataset.csv,1861,669,1192,669,0,535,657,0.7125201504567437,0.71250819695326,0.0,0.4488255033557047,1.0,0.5511744966442953,0.4488255033557047,0.7338129496402878,0.7338129496402878,0.4794952681388013,0.4794952681388013,0.6527777777777778,0.6215277777777778,0.3656957928802589,0.0
sensitivity,real_oversampling_0p30,3407,Fuzzy_dataset.csv,1818,722,1096,722,0,501,595,0.7244224422442245,0.7230710292961832,0.0,0.45711678832116787,1.0,0.5428832116788321,0.44799270072992703,0.7420494699646644,0.7420494699646644,0.4153846153846154,0.4115384615384615,0.6581818181818182,0.6327272727272727,0.34532374100719426,0.0
sensitivity,real_oversampling_0p30,3407,RPM_dataset.csv,1766,730,1036,730,0,459,577,0.7400906002265005,0.7381249985865881,0.0,0.44305019305019305,1.0,0.556949806949807,0.4276061776061776,0.758893280632411,0.758893280632411,0.4,0.39636363636363636,0.6972111553784861,0.5657370517928287,0.38910505836575876,0.0
sensitivity,real_oversampling_0p30,3407,gear_dataset.csv,1749,690,1059,690,0,470,589,0.7312750142938822,0.7303758855943322,0.0,0.4438149197355996,1.0,0.5561850802644004,0.4711992445703494,0.7392857142857143,0.7392857142857143,0.4307116104868914,0.42696629213483145,0.7056603773584905,0.6716981132075471,0.32388663967611336,0.0
sensitivity,real_oversampling_0p30,3407,normal_run_data/normal_run_data.txt,271,100,171,100,0,91,80,0.6642066420664207,0.6623677112854425,0.0,0.5321637426900585,1.0,0.4678362573099415,0.38011695906432746,0.5957446808510638,0.5957446808510638,0.3888888888888889,0.3888888888888889,0.6,0.5111111111111111,0.2558139534883721,0.0
