set_id,subset_id,vehicle_axis,attack_axis,vehicle,source_stem,source_file,windows,normal_windows,attack_windows,parse_issues
set_01,test_01_known_vehicle_known_attack,known_vehicle,known_attack,2011 Chevrolet Impala,DoS,can-train-and-test/set_01/test_01_known_vehicle_known_attack/DoS-3.csv,4817,3533,1284,timestamp_decrease:0
set_01,test_01_known_vehicle_known_attack,known_vehicle,known_attack,2011 Chevrolet Impala,DoS,can-train-and-test/set_01/test_01_known_vehicle_known_attack/DoS-4.csv,28757,26345,2412,timestamp_decrease:0
set_01,test_01_known_vehicle_known_attack,known_vehicle,known_attack,2011 Chevrolet Impala,force-neutral,can-train-and-test/set_01/test_01_known_vehicle_known_attack/force-neutral-3.csv,28251,27868,383,timestamp_decrease:50
set_01,test_01_known_vehicle_known_attack,known_vehicle,known_attack,2011 Chevrolet Impala,force-neutral,can-train-and-test/set_01/test_01_known_vehicle_known_attack/force-neutral-4.csv,26243,26087,156,timestamp_decrease:9
set_01,test_01_known_vehicle_known_attack,known_vehicle,known_attack,2011 Chevrolet Impala,rpm,can-train-and-test/set_01/test_01_known_vehicle_known_attack/rpm-3.csv,25290,24683,607,timestamp_decrease:100
set_01,test_01_known_vehicle_known_attack,known_vehicle,known_attack,2011 Chevrolet Impala,rpm,can-train-and-test/set_01/test_01_known_vehicle_known_attack/rpm-4.csv,25753,25562,191,timestamp_decrease:8
set_01,test_01_known_vehicle_known_attack,known_vehicle,known_attack,2011 Chevrolet Impala,standstill,can-train-and-test/set_01/test_01_known_vehicle_known_attack/standstill-3.csv,19658,18800,858,timestamp_decrease:59
set_01,test_01_known_vehicle_known_attack,known_vehicle,known_attack,2011 Chevrolet Impala,standstill,can-train-and-test/set_01/test_01_known_vehicle_known_attack/standstill-4.csv,19412,19204,208,timestamp_decrease:0
set_01,test_02_unknown_vehicle_known_attack,unknown_vehicle,known_attack,2016 Chevrolet Silverado,DoS,can-train-and-test/set_01/test_02_unknown_vehicle_known_attack/DoS-3.csv,34402,19294,15108,timestamp_decrease:0
set_01,test_02_unknown_vehicle_known_attack,unknown_vehicle,known_attack,2016 Chevrolet Silverado,DoS,can-train-and-test/set_01/test_02_unknown_vehicle_known_attack/DoS-4.csv,21529,20955,574,timestamp_decrease:0
set_01,test_02_unknown_vehicle_known_attack,unknown_vehicle,known_attack,2016 Chevrolet Silverado,force-neutral,can-train-and-test/set_01/test_02_unknown_vehicle_known_attack/force-neutral-3.csv,14042,13914,128,timestamp_decrease:1
set_01,test_02_unknown_vehicle_known_attack,unknown_vehicle,known_attack,2016 Chevrolet Silverado,force-neutral,can-train-and-test/set_01/test_02_unknown_vehicle_known_attack/force-neutral-4.csv,51441,51217,224,timestamp_decrease:5
set_01,test_02_unknown_vehicle_known_attack,unknown_vehicle,known_attack,2016 Chevrolet Silverado,rpm,can-train-and-test/set_01/test_02_unknown_vehicle_known_attack/rpm-3.csv,19853,19349,504,timestamp_decrease:5
set_01,test_02_unknown_vehicle_known_attack,unknown_vehicle,known_attack,2016 Chevrolet Silverado,rpm,can-train-and-test/set_01/test_02_unknown_vehicle_known_attack/rpm-4.csv,20172,20068,104,timestamp_decrease:2
set_01,test_02_unknown_vehicle_known_attack,unknown_vehicle,known_attack,2016 Chevrolet Silverado,standstill,can-train-and-test/set_01/test_02_unknown_vehicle_known_attack/standstill-3.csv,19857,18770,1087,timestamp_decrease:10
set_01,test_02_unknown_vehicle_known_attack,unknown_vehicle,known_attack,2016 Chevrolet Silverado,standstill,can-train-and-test/set_01/test_02_unknown_vehicle_known_attack/standstill-4.csv,20174,19858,316,timestamp_decrease:3
set_01,test_03_known_vehicle_unknown_attack,known_vehicle,unknown_attack,2011 Chevrolet Impala,double,can-train-and-test/set_01/test_03_known_vehicle_unknown_attack/double-3.csv,28209,27892,317,timestamp_decrease:33
set_01,test_03_known_vehicle_unknown_attack,known_vehicle,unknown_attack,2011 Chevrolet Impala,double,can-train-and-test/set_01/test_03_known_vehicle_unknown_attack/double-4.csv,26247,26100,147,timestamp_decrease:31
set_01,test_03_known_vehicle_unknown_attack,known_vehicle,unknown_attack,2011 Chevrolet Impala,fuzzing,can-train-and-test/set_01/test_03_known_vehicle_unknown_attack/fuzzing-3.csv,17927,13677,4250,timestamp_decrease:0
set_01,test_03_known_vehicle_unknown_attack,known_vehicle,unknown_attack,2011 Chevrolet Impala,fuzzing,can-train-and-test/set_01/test_03_known_vehicle_unknown_attack/fuzzing-4.csv,12782,12630,152,timestamp_decrease:0
set_01,test_03_known_vehicle_unknown_attack,known_vehicle,unknown_attack,2011 Chevrolet Impala,interval,can-train-and-test/set_01/test_03_known_vehicle_unknown_attack/interval-3.csv,24588,7424,17164,timestamp_decrease:0
set_01,test_03_known_vehicle_unknown_attack,known_vehicle,unknown_attack,2011 Chevrolet Impala,interval,can-train-and-test/set_01/test_03_known_vehicle_unknown_attack/interval-4.csv,27632,27128,504,timestamp_decrease:0
set_01,test_03_known_vehicle_unknown_attack,known_vehicle,unknown_attack,2011 Chevrolet Impala,speed,can-train-and-test/set_01/test_03_known_vehicle_unknown_attack/speed-3.csv,19729,19107,622,timestamp_decrease:36
set_01,test_03_known_vehicle_unknown_attack,known_vehicle,unknown_attack,2011 Chevrolet Impala,speed,can-train-and-test/set_01/test_03_known_vehicle_unknown_attack/speed-4.csv,19460,19195,265,timestamp_decrease:16
set_01,test_03_known_vehicle_unknown_attack,known_vehicle,unknown_attack,2011 Chevrolet Impala,systematic,can-train-and-test/set_01/test_03_known_vehicle_unknown_attack/systematic-3.csv,24483,21330,3153,timestamp_decrease:0
set_01,test_03_known_vehicle_unknown_attack,known_vehicle,unknown_attack,2011 Chevrolet Impala,systematic,can-train-and-test/set_01/test_03_known_vehicle_unknown_attack/systematic-4.csv,17746,17250,496,timestamp_decrease:0
set_01,test_03_known_vehicle_unknown_attack,known_vehicle,unknown_attack,2011 Chevrolet Impala,triple,can-train-and-test/set_01/test_03_known_vehicle_unknown_attack/triple-3.csv,25246,24706,540,timestamp_decrease:50
set_01,test_03_known_vehicle_unknown_attack,known_vehicle,unknown_attack,2011 Chevrolet Impala,triple,can-train-and-test/set_01/test_03_known_vehicle_unknown_attack/triple-4.csv,25761,25615,146,timestamp_decrease:14
set_01,test_04_unknown_vehicle_unknown_attack,unknown_vehicle,unknown_attack,2016 Chevrolet Silverado,double,can-train-and-test/set_01/test_04_unknown_vehicle_unknown_attack/double-3.csv,34587,34030,557,timestamp_decrease:15
set_01,test_04_unknown_vehicle_unknown_attack,unknown_vehicle,unknown_attack,2016 Chevrolet Silverado,double,can-train-and-test/set_01/test_04_unknown_vehicle_unknown_attack/double-4.csv,40635,40368,267,timestamp_decrease:9
set_01,test_04_unknown_vehicle_unknown_attack,unknown_vehicle,unknown_attack,2016 Chevrolet Silverado,fuzzing,can-train-and-test/set_01/test_04_unknown_vehicle_unknown_attack/fuzzing-3.csv,15476,14862,614,timestamp_decrease:0
set_01,test_04_unknown_vehicle_unknown_attack,unknown_vehicle,unknown_attack,2016 Chevrolet Silverado,fuzzing,can-train-and-test/set_01/test_04_unknown_vehicle_unknown_attack/fuzzing-4.csv,19349,18537,812,timestamp_decrease:0
set_01,test_04_unknown_vehicle_unknown_attack,unknown_vehicle,unknown_attack,2016 Chevrolet Silverado,interval,can-train-and-test/set_01/test_04_unknown_vehicle_unknown_attack/interval-3.csv,27842,27414,428,timestamp_decrease:0
set_01,test_04_unknown_vehicle_unknown_attack,unknown_vehicle,unknown_attack,2016 Chevrolet Silverado,interval,can-train-and-test/set_01/test_04_unknown_vehicle_unknown_attack/interval-4.csv,26798,26694,104,timestamp_decrease:0
set_01,test_04_unknown_vehicle_unknown_attack,unknown_vehicle,unknown_attack,2016 Chevrolet Silverado,speed,can-train-and-test/set_01/test_04_unknown_vehicle_unknown_attack/speed-3.csv,82042,81378,664,timestamp_decrease:45
set_01,test_04_unknown_vehicle_unknown_attack,unknown_vehicle,unknown_attack,2016 Chevrolet Silverado,speed,can-train-and-test/set_01/test_04_unknown_vehicle_unknown_attack/speed-4.csv,59320,59064,256,timestamp_decrease:6
set_01,test_04_unknown_vehicle_unknown_attack,unknown_vehicle,unknown_attack,2016 Chevrolet Silverado,systematic,can-train-and-test/set_01/test_04_unknown_vehicle_unknown_attack/systematic-3.csv,15852,15616,236,timestamp_decrease:0
set_01,test_04_unknown_vehicle_unknown_attack,unknown_vehicle,unknown_attack,2016 Chevrolet Silverado,systematic,can-train-and-test/set_01/test_04_unknown_vehicle_unknown_attack/systematic-4.csv,10328,9708,620,timestamp_decrease:0
set_01,test_04_unknown_vehicle_unknown_attack,unknown_vehicle,unknown_attack,2016 Chevrolet Silverado,triple,can-train-and-test/set_01/test_04_unknown_vehicle_unknown_attack/triple-3.csv,62298,62101,197,timestamp_decrease:10
set_01,test_04_unknown_vehicle_unknown_attack,unknown_vehicle,unknown_attack,2016 Chevrolet Silverado,triple,can-train-and-test/set_01/test_04_unknown_vehicle_unknown_attack/triple-4.csv,18573,18216,357,timestamp_decrease:22
set_02,test_01_known_vehicle_known_attack,known_vehicle,known_attack,2011 Chevrolet Traverse,double,can-train-and-test/set_02/test_01_known_vehicle_known_attack/double-3.csv,34587,34030,557,timestamp_decrease:15
set_02,test_01_known_vehicle_known_attack,known_vehicle,known_attack,2011 Chevrolet Traverse,double,can-train-and-test/set_02/test_01_known_vehicle_known_attack/double-4.csv,40635,40368,267,timestamp_decrease:9
set_02,test_01_known_vehicle_known_attack,known_vehicle,known_attack,2011 Chevrolet Traverse,fuzzing,can-train-and-test/set_02/test_01_known_vehicle_known_attack/fuzzing-3.csv,15476,14862,614,timestamp_decrease:0
set_02,test_01_known_vehicle_known_attack,known_vehicle,known_attack,2011 Chevrolet Traverse,fuzzing,can-train-and-test/set_02/test_01_known_vehicle_known_attack/fuzzing-4.csv,19349,18537,812,timestamp_decrease:0
set_02,test_01_known_vehicle_known_attack,known_vehicle,known_attack,2011 Chevrolet Traverse,interval,can-train-and-test/set_02/test_01_known_vehicle_known_attack/interval-3.csv,27842,27414,428,timestamp_decrease:0
set_02,test_01_known_vehicle_known_attack,known_vehicle,known_attack,2011 Chevrolet Traverse,interval,can-train-and-test/set_02/test_01_known_vehicle_known_attack/interval-4.csv,26798,26694,104,timestamp_decrease:0
set_02,test_01_known_vehicle_known_attack,known_vehicle,known_attack,2011 Chevrolet Traverse,speed,can-train-and-test/set_02/test_01_known_vehicle_known_attack/speed-3.csv,82042,81378,664,timestamp_decrease:45
set_02,test_01_known_vehicle_known_attack,known_vehicle,known_attack,2011 Chevrolet Traverse,speed,can-train-and-test/set_02/test_01_known_vehicle_known_attack/speed-4.csv,59320,59064,256,timestamp_decrease:6
set_02,test_01_known_vehicle_known_attack,known_vehicle,known_attack,2011 Chevrolet Traverse,systematic,can-train-and-test/set_02/test_01_known_vehicle_known_attack/systematic-3.csv,15852,15616,236,timestamp_decrease:0
set_02,test_01_known_vehicle_known_attack,known_vehicle,known_attack,2011 Chevrolet Traverse,systematic,can-train-and-test/set_02/test_01_known_vehicle_known_attack/systematic-4.csv,10328,9708,620,timestamp_decrease:0
set_02,test_01_known_vehicle_known_attack,known_vehicle,known_attack,2011 Chevrolet Traverse,triple,can-train-and-test/set_02/test_01_known_vehicle_known_attack/triple-3.csv,62298,62101,197,timestamp_decrease:10
set_02,test_01_known_vehicle_known_attack,known_vehicle,known_attack,2011 Chevrolet Traverse,triple,can-train-and-test/set_02/test_01_known_vehicle_known_attack/triple-4.csv,18573,18216,357,timestamp_decrease:22
set_02,test_02_unknown_vehicle_known_attack,unknown_vehicle,known_attack,2017 Subaru Forester,double,can-train-and-test/set_02/test_02_unknown_vehicle_known_attack/double-3.csv,21856,20942,914,timestamp_decrease:147
set_02,test_02_unknown_vehicle_known_attack,unknown_vehicle,known_attack,2017 Subaru Forester,double,can-train-and-test/set_02/test_02_unknown_vehicle_known_attack/double-4.csv,19113,18615,498,timestamp_decrease:30
set_02,test_02_unknown_vehicle_known_attack,unknown_vehicle,known_attack,2017 Subaru Forester,fuzzing,can-train-and-test/set_02/test_02_unknown_vehicle_known_attack/fuzzing-3.csv,15960,12480,3480,timestamp_decrease:0
set_02,test_02_unknown_vehicle_known_attack,unknown_vehicle,known_attack,2017 Subaru Forester,fuzzing,can-train-and-test/set_02/test_02_unknown_vehicle_known_attack/fuzzing-4.csv,19670,19538,132,timestamp_decrease:0
set_02,test_02_unknown_vehicle_known_attack,unknown_vehicle,known_attack,2017 Subaru Forester,interval,can-train-and-test/set_02/test_02_unknown_vehicle_known_attack/interval-3.csv,12299,12072,227,timestamp_decrease:0
set_02,test_02_unknown_vehicle_known_attack,unknown_vehicle,known_attack,2017 Subaru Forester,interval,can-train-and-test/set_02/test_02_unknown_vehicle_known_attack/interval-4.csv,28354,28091,263,timestamp_decrease:0
set_02,test_02_unknown_vehicle_known_attack,unknown_vehicle,known_attack,2017 Subaru Forester,speed,can-train-and-test/set_02/test_02_unknown_vehicle_known_attack/speed-3.csv,20283,20219,64,timestamp_decrease:0
set_02,test_02_unknown_vehicle_known_attack,unknown_vehicle,known_attack,2017 Subaru Forester,speed,can-train-and-test/set_02/test_02_unknown_vehicle_known_attack/speed-4.csv,15208,15144,64,timestamp_decrease:0
set_02,test_02_unknown_vehicle_known_attack,unknown_vehicle,known_attack,2017 Subaru Forester,systematic,can-train-and-test/set_02/test_02_unknown_vehicle_known_attack/systematic-3.csv,31650,30799,851,timestamp_decrease:0
set_02,test_02_unknown_vehicle_known_attack,unknown_vehicle,known_attack,2017 Subaru Forester,systematic,can-train-and-test/set_02/test_02_unknown_vehicle_known_attack/systematic-4.csv,38618,38426,192,timestamp_decrease:0
set_02,test_02_unknown_vehicle_known_attack,unknown_vehicle,known_attack,2017 Subaru Forester,triple,can-train-and-test/set_02/test_02_unknown_vehicle_known_attack/triple-3.csv,21789,21596,193,timestamp_decrease:5
set_02,test_02_unknown_vehicle_known_attack,unknown_vehicle,known_attack,2017 Subaru Forester,triple,can-train-and-test/set_02/test_02_unknown_vehicle_known_attack/triple-4.csv,19077,18809,268,timestamp_decrease:8
set_02,test_03_known_vehicle_unknown_attack,known_vehicle,unknown_attack,2011 Chevrolet Traverse,DoS,can-train-and-test/set_02/test_03_known_vehicle_unknown_attack/DoS-3.csv,30346,29133,1213,timestamp_decrease:31
set_02,test_03_known_vehicle_unknown_attack,known_vehicle,unknown_attack,2011 Chevrolet Traverse,DoS,can-train-and-test/set_02/test_03_known_vehicle_unknown_attack/DoS-4.csv,16296,14984,1312,timestamp_decrease:0
set_02,test_03_known_vehicle_unknown_attack,known_vehicle,unknown_attack,2011 Chevrolet Traverse,force-neutral,can-train-and-test/set_02/test_03_known_vehicle_unknown_attack/force-neutral-3.csv,131560,131428,132,timestamp_decrease:3
set_02,test_03_known_vehicle_unknown_attack,known_vehicle,unknown_attack,2011 Chevrolet Traverse,force-neutral,can-train-and-test/set_02/test_03_known_vehicle_unknown_attack/force-neutral-4.csv,83029,82961,68,timestamp_decrease:7
set_02,test_03_known_vehicle_unknown_attack,known_vehicle,unknown_attack,2011 Chevrolet Traverse,rpm,can-train-and-test/set_02/test_03_known_vehicle_unknown_attack/rpm-3.csv,39192,39140,52,timestamp_decrease:3
set_02,test_03_known_vehicle_unknown_attack,known_vehicle,unknown_attack,2011 Chevrolet Traverse,rpm,can-train-and-test/set_02/test_03_known_vehicle_unknown_attack/rpm-4.csv,32875,32807,68,timestamp_decrease:3
set_02,test_03_known_vehicle_unknown_attack,known_vehicle,unknown_attack,2011 Chevrolet Traverse,standstill,can-train-and-test/set_02/test_03_known_vehicle_unknown_attack/standstill-3.csv,21459,21435,24,timestamp_decrease:2
set_02,test_03_known_vehicle_unknown_attack,known_vehicle,unknown_attack,2011 Chevrolet Traverse,standstill,can-train-and-test/set_02/test_03_known_vehicle_unknown_attack/standstill-4.csv,24904,24852,52,timestamp_decrease:0
set_02,test_04_unknown_vehicle_unknown_attack,unknown_vehicle,unknown_attack,2017 Subaru Forester,DoS,can-train-and-test/set_02/test_04_unknown_vehicle_unknown_attack/DoS-3.csv,9108,8751,357,timestamp_decrease:0
set_02,test_04_unknown_vehicle_unknown_attack,unknown_vehicle,unknown_attack,2017 Subaru Forester,DoS,can-train-and-test/set_02/test_04_unknown_vehicle_unknown_attack/DoS-4.csv,20417,20059,358,timestamp_decrease:0
set_02,test_04_unknown_vehicle_unknown_attack,unknown_vehicle,unknown_attack,2017 Subaru Forester,force-neutral,can-train-and-test/set_02/test_04_unknown_vehicle_unknown_attack/force-neutral-3.csv,14977,14147,830,timestamp_decrease:0
set_02,test_04_unknown_vehicle_unknown_attack,unknown_vehicle,unknown_attack,2017 Subaru Forester,force-neutral,can-train-and-test/set_02/test_04_unknown_vehicle_unknown_attack/force-neutral-4.csv,27196,27129,67,timestamp_decrease:0
set_02,test_04_unknown_vehicle_unknown_attack,unknown_vehicle,unknown_attack,2017 Subaru Forester,rpm,can-train-and-test/set_02/test_04_unknown_vehicle_unknown_attack/rpm-3.csv,21537,21428,109,timestamp_decrease:0
set_02,test_04_unknown_vehicle_unknown_attack,unknown_vehicle,unknown_attack,2017 Subaru Forester,rpm,can-train-and-test/set_02/test_04_unknown_vehicle_unknown_attack/rpm-4.csv,20085,19599,486,timestamp_decrease:0
set_02,test_04_unknown_vehicle_unknown_attack,unknown_vehicle,unknown_attack,2017 Subaru Forester,standstill,can-train-and-test/set_02/test_04_unknown_vehicle_unknown_attack/standstill-3.csv,25318,25242,76,timestamp_decrease:0
set_02,test_04_unknown_vehicle_unknown_attack,unknown_vehicle,unknown_attack,2017 Subaru Forester,standstill,can-train-and-test/set_02/test_04_unknown_vehicle_unknown_attack/standstill-4.csv,11017,10967,50,timestamp_decrease:0
set_03,test_01_known_vehicle_known_attack,known_vehicle,known_attack,2016 Chevrolet Silverado,DoS,can-train-and-test/set_03/test_01_known_vehicle_known_attack/DoS-1.csv,7894,3709,4185,timestamp_decrease:0
set_03,test_01_known_vehicle_known_attack,known_vehicle,known_attack,2016 Chevrolet Silverado,DoS,can-train-and-test/set_03/test_01_known_vehicle_known_attack/DoS-2.csv,13926,8740,5186,timestamp_decrease:0
set_03,test_01_known_vehicle_known_attack,known_vehicle,known_attack,2016 Chevrolet Silverado,double,can-train-and-test/set_03/test_01_known_vehicle_known_attack/double-1.csv,39300,38731,569,timestamp_decrease:60
set_03,test_01_known_vehicle_known_attack,known_vehicle,known_attack,2016 Chevrolet Silverado,double,can-train-and-test/set_03/test_01_known_vehicle_known_attack/double-2.csv,28754,28399,355,timestamp_decrease:28
set_03,test_01_known_vehicle_known_attack,known_vehicle,known_attack,2016 Chevrolet Silverado,force-neutral,can-train-and-test/set_03/test_01_known_vehicle_known_attack/force-neutral-1.csv,39297,38513,784,timestamp_decrease:64
set_03,test_01_known_vehicle_known_attack,known_vehicle,known_attack,2016 Chevrolet Silverado,force-neutral,can-train-and-test/set_03/test_01_known_vehicle_known_attack/force-neutral-2.csv,28715,27993,722,timestamp_decrease:31
set_03,test_01_known_vehicle_known_attack,known_vehicle,known_attack,2016 Chevrolet Silverado,fuzzing,can-train-and-test/set_03/test_01_known_vehicle_known_attack/fuzzing-1.csv,33091,27146,5945,timestamp_decrease:0
set_03,test_01_known_vehicle_known_attack,known_vehicle,known_attack,2016 Chevrolet Silverado,fuzzing,can-train-and-test/set_03/test_01_known_vehicle_known_attack/fuzzing-2.csv,24796,22584,2212,timestamp_decrease:0
set_03,test_01_known_vehicle_known_attack,known_vehicle,known_attack,2016 Chevrolet Silverado,triple,can-train-and-test/set_03/test_01_known_vehicle_known_attack/triple-1.csv,16400,16060,340,timestamp_decrease:28
set_03,test_01_known_vehicle_known_attack,known_vehicle,known_attack,2016 Chevrolet Silverado,triple,can-train-and-test/set_03/test_01_known_vehicle_known_attack/triple-2.csv,35788,35411,377,timestamp_decrease:38
set_03,test_02_unknown_vehicle_known_attack,unknown_vehicle,known_attack,2017 Subaru Forester,DoS,can-train-and-test/set_03/test_02_unknown_vehicle_known_attack/DoS-1.csv,20115,19210,905,timestamp_decrease:0
set_03,test_02_unknown_vehicle_known_attack,unknown_vehicle,known_attack,2017 Subaru Forester,DoS,can-train-and-test/set_03/test_02_unknown_vehicle_known_attack/DoS-2.csv,22154,20226,1928,timestamp_decrease:0
set_03,test_02_unknown_vehicle_known_attack,unknown_vehicle,known_attack,2017 Subaru Forester,double,can-train-and-test/set_03/test_02_unknown_vehicle_known_attack/double-1.csv,38873,37436,1437,timestamp_decrease:197
set_03,test_02_unknown_vehicle_known_attack,unknown_vehicle,known_attack,2017 Subaru Forester,double,can-train-and-test/set_03/test_02_unknown_vehicle_known_attack/double-2.csv,21732,21130,602,timestamp_decrease:87
set_03,test_02_unknown_vehicle_known_attack,unknown_vehicle,known_attack,2017 Subaru Forester,force-neutral,can-train-and-test/set_03/test_02_unknown_vehicle_known_attack/force-neutral-1.csv,16484,15358,1126,timestamp_decrease:0
set_03,test_02_unknown_vehicle_known_attack,unknown_vehicle,known_attack,2017 Subaru Forester,force-neutral,can-train-and-test/set_03/test_02_unknown_vehicle_known_attack/force-neutral-2.csv,14864,14605,259,timestamp_decrease:0
set_03,test_02_unknown_vehicle_known_attack,unknown_vehicle,known_attack,2017 Subaru Forester,fuzzing,can-train-and-test/set_03/test_02_unknown_vehicle_known_attack/fuzzing-1.csv,20627,18173,2454,timestamp_decrease:0
set_03,test_02_unknown_vehicle_known_attack,unknown_vehicle,known_attack,2017 Subaru Forester,fuzzing,can-train-and-test/set_03/test_02_unknown_vehicle_known_attack/fuzzing-2.csv,20315,18650,1665,timestamp_decrease:0
set_03,test_02_unknown_vehicle_known_attack,unknown_vehicle,known_attack,2017 Subaru Forester,triple,can-train-and-test/set_03/test_02_unknown_vehicle_known_attack/triple-1.csv,17009,11102,5907,timestamp_decrease:821
set_03,test_02_unknown_vehicle_known_attack,unknown_vehicle,known_attack,2017 Subaru Forester,triple,can-train-and-test/set_03/test_02_unknown_vehicle_known_attack/triple-2.csv,21987,20559,1428,timestamp_decrease:202
set_03,test_03_known_vehicle_unknown_attack,known_vehicle,unknown_attack,2016 Chevrolet Silverado,interval,can-train-and-test/set_03/test_03_known_vehicle_unknown_attack/interval-1.csv,29705,14929,14776,timestamp_decrease:0
set_03,test_03_known_vehicle_unknown_attack,known_vehicle,unknown_attack,2016 Chevrolet Silverado,interval,can-train-and-test/set_03/test_03_known_vehicle_unknown_attack/interval-2.csv,31532,30257,1275,timestamp_decrease:0
set_03,test_03_known_vehicle_unknown_attack,known_vehicle,unknown_attack,2016 Chevrolet Silverado,rpm,can-train-and-test/set_03/test_03_known_vehicle_unknown_attack/rpm-1.csv,16378,15969,409,timestamp_decrease:32
set_03,test_03_known_vehicle_unknown_attack,known_vehicle,unknown_attack,2016 Chevrolet Silverado,rpm,can-train-and-test/set_03/test_03_known_vehicle_unknown_attack/rpm-2.csv,35718,35480,238,timestamp_decrease:20
set_03,test_03_known_vehicle_unknown_attack,known_vehicle,unknown_attack,2016 Chevrolet Silverado,rpm-accessory,can-train-and-test/set_03/test_03_known_vehicle_unknown_attack/rpm-accessory-1.csv,5189,5077,112,timestamp_decrease:1
set_03,test_03_known_vehicle_unknown_attack,known_vehicle,unknown_attack,2016 Chevrolet Silverado,rpm-accessory,can-train-and-test/set_03/test_03_known_vehicle_unknown_attack/rpm-accessory-2.csv,4676,4556,120,timestamp_decrease:1
set_03,test_03_known_vehicle_unknown_attack,known_vehicle,unknown_attack,2016 Chevrolet Silverado,speed,can-train-and-test/set_03/test_03_known_vehicle_unknown_attack/speed-1.csv,39223,38619,604,timestamp_decrease:12
set_03,test_03_known_vehicle_unknown_attack,known_vehicle,unknown_attack,2016 Chevrolet Silverado,speed,can-train-and-test/set_03/test_03_known_vehicle_unknown_attack/speed-2.csv,28718,27897,821,timestamp_decrease:19
set_03,test_03_known_vehicle_unknown_attack,known_vehicle,unknown_attack,2016 Chevrolet Silverado,speed-accessory,can-train-and-test/set_03/test_03_known_vehicle_unknown_attack/speed-accessory-1.csv,5313,4276,1037,timestamp_decrease:55
set_03,test_03_known_vehicle_unknown_attack,known_vehicle,unknown_attack,2016 Chevrolet Silverado,speed-accessory,can-train-and-test/set_03/test_03_known_vehicle_unknown_attack/speed-accessory-2.csv,4679,4195,484,timestamp_decrease:5
set_03,test_03_known_vehicle_unknown_attack,known_vehicle,unknown_attack,2016 Chevrolet Silverado,standstill,can-train-and-test/set_03/test_03_known_vehicle_unknown_attack/standstill-1.csv,16379,15967,412,timestamp_decrease:36
set_03,test_03_known_vehicle_unknown_attack,known_vehicle,unknown_attack,2016 Chevrolet Silverado,standstill,can-train-and-test/set_03/test_03_known_vehicle_unknown_attack/standstill-2.csv,35728,35179,549,timestamp_decrease:14
set_03,test_03_known_vehicle_unknown_attack,known_vehicle,unknown_attack,2016 Chevrolet Silverado,systematic,can-train-and-test/set_03/test_03_known_vehicle_unknown_attack/systematic-1.csv,24252,22268,1984,timestamp_decrease:0
set_03,test_03_known_vehicle_unknown_attack,known_vehicle,unknown_attack,2016 Chevrolet Silverado,systematic,can-train-and-test/set_03/test_03_known_vehicle_unknown_attack/systematic-2.csv,17711,16703,1008,timestamp_decrease:0
set_03,test_04_unknown_vehicle_unknown_attack,unknown_vehicle,unknown_attack,2017 Subaru Forester,interval,can-train-and-test/set_03/test_04_unknown_vehicle_unknown_attack/interval-1.csv,26783,822,25961,timestamp_decrease:0
set_03,test_04_unknown_vehicle_unknown_attack,unknown_vehicle,unknown_attack,2017 Subaru Forester,interval,can-train-and-test/set_03/test_04_unknown_vehicle_unknown_attack/interval-2.csv,14532,402,14130,timestamp_decrease:0
set_03,test_04_unknown_vehicle_unknown_attack,unknown_vehicle,unknown_attack,2017 Subaru Forester,rpm,can-train-and-test/set_03/test_04_unknown_vehicle_unknown_attack/rpm-1.csv,15263,14325,938,timestamp_decrease:0
set_03,test_04_unknown_vehicle_unknown_attack,unknown_vehicle,unknown_attack,2017 Subaru Forester,rpm,can-train-and-test/set_03/test_04_unknown_vehicle_unknown_attack/rpm-2.csv,17806,15934,1872,timestamp_decrease:0
set_03,test_04_unknown_vehicle_unknown_attack,unknown_vehicle,unknown_attack,2017 Subaru Forester,rpm-accessory,can-train-and-test/set_03/test_04_unknown_vehicle_unknown_attack/rpm-accessory-1.csv,4053,3789,264,timestamp_decrease:0
set_03,test_04_unknown_vehicle_unknown_attack,unknown_vehicle,unknown_attack,2017 Subaru Forester,rpm-accessory,can-train-and-test/set_03/test_04_unknown_vehicle_unknown_attack/rpm-accessory-2.csv,4321,3461,860,timestamp_decrease:0
set_03,test_04_unknown_vehicle_unknown_attack,unknown_vehicle,unknown_attack,2017 Subaru Forester,speed,can-train-and-test/set_03/test_04_unknown_vehicle_unknown_attack/speed-1.csv,23654,21277,2377,timestamp_decrease:0
set_03,test_04_unknown_vehicle_unknown_attack,unknown_vehicle,unknown_attack,2017 Subaru Forester,speed,can-train-and-test/set_03/test_04_unknown_vehicle_unknown_attack/speed-2.csv,22336,22070,266,timestamp_decrease:0
set_03,test_04_unknown_vehicle_unknown_attack,unknown_vehicle,unknown_attack,2017 Subaru Forester,speed-accessory,can-train-and-test/set_03/test_04_unknown_vehicle_unknown_attack/speed-accessory-1.csv,8185,7184,1001,timestamp_decrease:0
set_03,test_04_unknown_vehicle_unknown_attack,unknown_vehicle,unknown_attack,2017 Subaru Forester,speed-accessory,can-train-and-test/set_03/test_04_unknown_vehicle_unknown_attack/speed-accessory-2.csv,5146,5125,21,timestamp_decrease:0
set_03,test_04_unknown_vehicle_unknown_attack,unknown_vehicle,unknown_attack,2017 Subaru Forester,standstill,can-train-and-test/set_03/test_04_unknown_vehicle_unknown_attack/standstill-1.csv,9565,8109,1456,timestamp_decrease:0
set_03,test_04_unknown_vehicle_unknown_attack,unknown_vehicle,unknown_attack,2017 Subaru Forester,standstill,can-train-and-test/set_03/test_04_unknown_vehicle_unknown_attack/standstill-2.csv,27882,27428,454,timestamp_decrease:0
set_03,test_04_unknown_vehicle_unknown_attack,unknown_vehicle,unknown_attack,2017 Subaru Forester,systematic,can-train-and-test/set_03/test_04_unknown_vehicle_unknown_attack/systematic-1.csv,16229,15417,812,timestamp_decrease:0
set_03,test_04_unknown_vehicle_unknown_attack,unknown_vehicle,unknown_attack,2017 Subaru Forester,systematic,can-train-and-test/set_03/test_04_unknown_vehicle_unknown_attack/systematic-2.csv,19697,18414,1283,timestamp_decrease:0
set_04,test_01_known_vehicle_known_attack,known_vehicle,known_attack,2017 Subaru Forester,interval,can-train-and-test/set_04/test_01_known_vehicle_known_attack/interval-1.csv,26783,822,25961,timestamp_decrease:0
set_04,test_01_known_vehicle_known_attack,known_vehicle,known_attack,2017 Subaru Forester,interval,can-train-and-test/set_04/test_01_known_vehicle_known_attack/interval-2.csv,14532,402,14130,timestamp_decrease:0
set_04,test_01_known_vehicle_known_attack,known_vehicle,known_attack,2017 Subaru Forester,rpm,can-train-and-test/set_04/test_01_known_vehicle_known_attack/rpm-1.csv,15263,14325,938,timestamp_decrease:0
set_04,test_01_known_vehicle_known_attack,known_vehicle,known_attack,2017 Subaru Forester,rpm,can-train-and-test/set_04/test_01_known_vehicle_known_attack/rpm-2.csv,17806,15934,1872,timestamp_decrease:0
set_04,test_01_known_vehicle_known_attack,known_vehicle,known_attack,2017 Subaru Forester,rpm-accessory,can-train-and-test/set_04/test_01_known_vehicle_known_attack/rpm-accessory-1.csv,4053,3789,264,timestamp_decrease:0
set_04,test_01_known_vehicle_known_attack,known_vehicle,known_attack,2017 Subaru Forester,rpm-accessory,can-train-and-test/set_04/test_01_known_vehicle_known_attack/rpm-accessory-2.csv,4321,3461,860,timestamp_decrease:0
set_04,test_01_known_vehicle_known_attack,known_vehicle,known_attack,2017 Subaru Forester,speed,can-train-and-test/set_04/test_01_known_vehicle_known_attack/speed-1.csv,23654,21277,2377,timestamp_decrease:0
set_04,test_01_known_vehicle_known_attack,known_vehicle,known_attack,2017 Subaru Forester,speed,can-train-and-test/set_04/test_01_known_vehicle_known_attack/speed-2.csv,22336,22070,266,timestamp_decrease:0
set_04,test_01_known_vehicle_known_attack,known_vehicle,known_attack,2017 Subaru Forester,speed-accessory,can-train-and-test/set_04/test_01_known_vehicle_known_attack/speed-accessory-1.csv,8185,7184,1001,timestamp_decrease:0
set_04,test_01_known_vehicle_known_attack,known_vehicle,known_attack,2017 Subaru Forester,speed-accessory,can-train-and-test/set_04/test_01_known_vehicle_known_attack/speed-accessory-2.csv,5146,5125,21,timestamp_decrease:0
set_04,test_01_known_vehicle_known_attack,known_vehicle,known_attack,2017 Subaru Forester,standstill,can-train-and-test/set_04/test_01_known_vehicle_known_attack/standstill-1.csv,9565,8109,1456,timestamp_decrease:0
set_04,test_01_known_vehicle_known_attack,known_vehicle,known_attack,2017 Subaru Forester,standstill,can-train-and-test/set_04/test_01_known_vehicle_known_attack/standstill-2.csv,27882,27428,454,timestamp_decrease:0
set_04,test_01_known_vehicle_known_attack,known_vehicle,known_attack,2017 Subaru Forester,systematic,can-train-and-test/set_04/test_01_known_vehicle_known_attack/systematic-1.csv,16229,15417,812,timestamp_decrease:0
set_04,test_01_known_vehicle_known_attack,known_vehicle,known_attack,2017 Subaru Forester,systematic,can-train-and-test/set_04/test_01_known_vehicle_known_attack/systematic-2.csv,19697,18414,1283,timestamp_decrease:0
set_04,test_02_unknown_vehicle_known_attack,unknown_vehicle,known_attack,2011 Chevrolet Traverse,interval,can-train-and-test/set_04/test_02_unknown_vehicle_known_attack/interval-1.csv,19815,428,19387,timestamp_decrease:3424
set_04,test_02_unknown_vehicle_known_attack,unknown_vehicle,known_attack,2011 Chevrolet Traverse,interval,can-train-and-test/set_04/test_02_unknown_vehicle_known_attack/interval-2.csv,51679,50718,961,timestamp_decrease:71
set_04,test_02_unknown_vehicle_known_attack,unknown_vehicle,known_attack,2011 Chevrolet Traverse,rpm,can-train-and-test/set_04/test_02_unknown_vehicle_known_attack/rpm-1.csv,102997,102672,325,timestamp_decrease:19
set_04,test_02_unknown_vehicle_known_attack,unknown_vehicle,known_attack,2011 Chevrolet Traverse,rpm,can-train-and-test/set_04/test_02_unknown_vehicle_known_attack/rpm-2.csv,61744,61368,376,timestamp_decrease:5
set_04,test_02_unknown_vehicle_known_attack,unknown_vehicle,known_attack,2011 Chevrolet Traverse,rpm-accessory,can-train-and-test/set_04/test_02_unknown_vehicle_known_attack/rpm-accessory-1.csv,16548,15396,1152,timestamp_decrease:10
set_04,test_02_unknown_vehicle_known_attack,unknown_vehicle,known_attack,2011 Chevrolet Traverse,rpm-accessory,can-train-and-test/set_04/test_02_unknown_vehicle_known_attack/rpm-accessory-2.csv,9594,9370,224,timestamp_decrease:2
set_04,test_02_unknown_vehicle_known_attack,unknown_vehicle,known_attack,2011 Chevrolet Traverse,speed,can-train-and-test/set_04/test_02_unknown_vehicle_known_attack/speed-1.csv,81861,81805,56,timestamp_decrease:6
set_04,test_02_unknown_vehicle_known_attack,unknown_vehicle,known_attack,2011 Chevrolet Traverse,speed,can-train-and-test/set_04/test_02_unknown_vehicle_known_attack/speed-2.csv,85450,85298,152,timestamp_decrease:6
set_04,test_02_unknown_vehicle_known_attack,unknown_vehicle,known_attack,2011 Chevrolet Traverse,speed-accessory,can-train-and-test/set_04/test_02_unknown_vehicle_known_attack/speed-accessory-1.csv,16541,16341,200,timestamp_decrease:2
set_04,test_02_unknown_vehicle_known_attack,unknown_vehicle,known_attack,2011 Chevrolet Traverse,speed-accessory,can-train-and-test/set_04/test_02_unknown_vehicle_known_attack/speed-accessory-2.csv,9592,9552,40,timestamp_decrease:0
set_04,test_02_unknown_vehicle_known_attack,unknown_vehicle,known_attack,2011 Chevrolet Traverse,standstill,can-train-and-test/set_04/test_02_unknown_vehicle_known_attack/standstill-1.csv,37756,37023,733,timestamp_decrease:18
set_04,test_02_unknown_vehicle_known_attack,unknown_vehicle,known_attack,2011 Chevrolet Traverse,standstill,can-train-and-test/set_04/test_02_unknown_vehicle_known_attack/standstill-2.csv,19215,19119,96,timestamp_decrease:2
set_04,test_02_unknown_vehicle_known_attack,unknown_vehicle,known_attack,2011 Chevrolet Traverse,systematic,can-train-and-test/set_04/test_02_unknown_vehicle_known_attack/systematic-1.csv,16913,13224,3689,timestamp_decrease:0
set_04,test_02_unknown_vehicle_known_attack,unknown_vehicle,known_attack,2011 Chevrolet Traverse,systematic,can-train-and-test/set_04/test_02_unknown_vehicle_known_attack/systematic-2.csv,14249,12742,1507,timestamp_decrease:0
set_04,test_03_known_vehicle_unknown_attack,known_vehicle,unknown_attack,2017 Subaru Forester,DoS,can-train-and-test/set_04/test_03_known_vehicle_unknown_attack/DoS-1.csv,20115,19210,905,timestamp_decrease:0
set_04,test_03_known_vehicle_unknown_attack,known_vehicle,unknown_attack,2017 Subaru Forester,DoS,can-train-and-test/set_04/test_03_known_vehicle_unknown_attack/DoS-2.csv,22154,20226,1928,timestamp_decrease:0
set_04,test_03_known_vehicle_unknown_attack,known_vehicle,unknown_attack,2017 Subaru Forester,double,can-train-and-test/set_04/test_03_known_vehicle_unknown_attack/double-1.csv,38873,37436,1437,timestamp_decrease:197
set_04,test_03_known_vehicle_unknown_attack,known_vehicle,unknown_attack,2017 Subaru Forester,double,can-train-and-test/set_04/test_03_known_vehicle_unknown_attack/double-2.csv,21732,21130,602,timestamp_decrease:87
set_04,test_03_known_vehicle_unknown_attack,known_vehicle,unknown_attack,2017 Subaru Forester,force-neutral,can-train-and-test/set_04/test_03_known_vehicle_unknown_attack/force-neutral-1.csv,16484,15358,1126,timestamp_decrease:0
set_04,test_03_known_vehicle_unknown_attack,known_vehicle,unknown_attack,2017 Subaru Forester,force-neutral,can-train-and-test/set_04/test_03_known_vehicle_unknown_attack/force-neutral-2.csv,14864,14605,259,timestamp_decrease:0
set_04,test_03_known_vehicle_unknown_attack,known_vehicle,unknown_attack,2017 Subaru Forester,fuzzing,can-train-and-test/set_04/test_03_known_vehicle_unknown_attack/fuzzing-1.csv,20627,18173,2454,timestamp_decrease:0
set_04,test_03_known_vehicle_unknown_attack,known_vehicle,unknown_attack,2017 Subaru Forester,fuzzing,can-train-and-test/set_04/test_03_known_vehicle_unknown_attack/fuzzing-2.csv,20315,18650,1665,timestamp_decrease:0
set_04,test_03_known_vehicle_unknown_attack,known_vehicle,unknown_attack,2017 Subaru Forester,triple,can-train-and-test/set_04/test_03_known_vehicle_unknown_attack/triple-1.csv,17009,11102,5907,timestamp_decrease:821
set_04,test_03_known_vehicle_unknown_attack,known_vehicle,unknown_attack,2017 Subaru Forester,triple,can-train-and-test/set_04/test_03_known_vehicle_unknown_attack/triple-2.csv,21987,20559,1428,timestamp_decrease:202
set_04,test_04_unknown_vehicle_unknown_attack,unknown_vehicle,unknown_attack,2011 Chevrolet Traverse,DoS,can-train-and-test/set_04/test_04_unknown_vehicle_unknown_attack/DoS-1.csv,12559,10737,1822,timestamp_decrease:0
set_04,test_04_unknown_vehicle_unknown_attack,unknown_vehicle,unknown_attack,2011 Chevrolet Traverse,DoS,can-train-and-test/set_04/test_04_unknown_vehicle_unknown_attack/DoS-2.csv,13024,10383,2641,timestamp_decrease:0
set_04,test_04_unknown_vehicle_unknown_attack,unknown_vehicle,unknown_attack,2011 Chevrolet Traverse,double,can-train-and-test/set_04/test_04_unknown_vehicle_unknown_attack/double-1.csv,34140,33378,762,timestamp_decrease:73
set_04,test_04_unknown_vehicle_unknown_attack,unknown_vehicle,unknown_attack,2011 Chevrolet Traverse,double,can-train-and-test/set_04/test_04_unknown_vehicle_unknown_attack/double-2.csv,14465,13168,1297,timestamp_decrease:82
set_04,test_04_unknown_vehicle_unknown_attack,unknown_vehicle,unknown_attack,2011 Chevrolet Traverse,force-neutral,can-train-and-test/set_04/test_04_unknown_vehicle_unknown_attack/force-neutral-1.csv,15905,15000,905,timestamp_decrease:19
set_04,test_04_unknown_vehicle_unknown_attack,unknown_vehicle,unknown_attack,2011 Chevrolet Traverse,force-neutral,can-train-and-test/set_04/test_04_unknown_vehicle_unknown_attack/force-neutral-2.csv,14190,14190,0,timestamp_decrease:0
set_04,test_04_unknown_vehicle_unknown_attack,unknown_vehicle,unknown_attack,2011 Chevrolet Traverse,fuzzing,can-train-and-test/set_04/test_04_unknown_vehicle_unknown_attack/fuzzing-1.csv,38621,27355,11266,timestamp_decrease:0
set_04,test_04_unknown_vehicle_unknown_attack,unknown_vehicle,unknown_attack,2011 Chevrolet Traverse,fuzzing,can-train-and-test/set_04/test_04_unknown_vehicle_unknown_attack/fuzzing-2.csv,36489,32413,4076,timestamp_decrease:0
set_04,test_04_unknown_vehicle_unknown_attack,unknown_vehicle,unknown_attack,2011 Chevrolet Traverse,triple,can-train-and-test/set_04/test_04_unknown_vehicle_unknown_attack/triple-1.csv,55638,51677,3961,timestamp_decrease:355
set_04,test_04_unknown_vehicle_unknown_attack,unknown_vehicle,unknown_attack,2011 Chevrolet Traverse,triple,can-train-and-test/set_04/test_04_unknown_vehicle_unknown_attack/triple-2.csv,20671,20154,517,timestamp_decrease:62
