source_table,generator,ratio,split,seeds,accuracy_mean,accuracy_std,macro_f1_binary_mean,macro_f1_binary_std,attack_recall_mean,attack_recall_std,normal_recall_mean,normal_recall_std,fpr_mean,fpr_std,auprc_mean,auprc_std,ece_mean,ece_std,filter,fnr_mean,fnr_std,setting
test_distribution,real_only,0.0,otids_cross_binary,7;42;123,0.482905093556055,0.0036690673859759,0.3272977856012964,0.002137442388751,0.9908152204917564,0.0084290823239202,0.0019133801548712,0.0021334829261782,0.9980866198451288,0.0021334829261783,0.5327373132520001,0.0652443635103301,0.5128642999812307,0.0037300970841889,,,,
test_distribution,real_only,0.0,test,7;42;123,0.9994924092867606,6.73439343882504e-05,0.9992009776378948,0.0001059649281963,0.9983308295777,0.0002008213890087,0.999779380533528,7.142507010642121e-05,0.000220619466472,7.142507010619571e-05,0.9993731855724272,6.219300969398941e-06,0.0037233645864191,0.0030211851388194,,,,
test_distribution,real_only,0.0,variant_test,7;42;123,0.7430104166666668,0.0141865219697767,0.72473416507997,0.0174257488378814,0.4862083333333333,0.0284372653378596,0.9998125,0.0001432054904673,0.0001874999999999,0.0001432054904673,0.8425990489254224,0.0672971061802729,0.2444357682008606,0.0187231250732937,,,,
test_distribution,rule_based,0.1,otids_cross_binary,7;42;123,0.4863411859374566,9.018008268816887e-05,0.3276098932760354,0.0006468503732186,0.9994152547207484,0.0010128085331496,0.000459211237169,0.0007837095665263,0.999540788762831,0.0007837095665263,0.5018635093766536,0.019706117799185,0.5131027734249201,0.0008724585662988,,,,
test_distribution,rule_based,0.1,test,7;42;123,0.9995783855639218,5.720346911627197e-05,0.9993362662580172,9.002717790487198e-05,0.9984476715072608,0.000100150225338,0.999857731372088,4.831102195838463e-05,0.0001422686279118,4.831102195827672e-05,0.9994358549229776,3.0897052923452444e-05,0.0013086806308342,0.0002254216974075,,,,
test_distribution,rule_based,0.1,variant_test,7;42;123,0.9999479166666668,5.022734771350736e-05,0.9999479166662192,5.022734845195933e-05,1.0,0.0,0.9998958333333332,0.000100454695427,0.0001041666666666,0.000100454695427,0.9999686534646652,8.462033078652212e-08,0.0009566308430706,0.0001184589308332,,,,
test_distribution,rule_based,0.3,otids_cross_binary,7;42;123,0.4863712459650193,2.626279098476651e-05,0.3272443508475262,1.960213914001428e-05,0.9999334436267516,9.169234564620343e-05,2.7012425715829283e-05,3.573408037634509e-05,0.9999729875742842,3.57340803763441e-05,0.4869651084115791,0.0017860736522137,0.5135905386491152,1.749665494664512e-05,,,,
test_distribution,rule_based,0.3,test,7;42;123,0.9996428677717925,9.186363093082104e-05,0.9994378036073892,0.000144565905414,0.9986563178100484,0.0001423695719349,0.9998865974705052,8.443579243383626e-05,0.0001134025294949,8.443579243393986e-05,0.9995605350499388,0.0001952594989763,7.432528372478435e-05,1.1306632066118484e-05,,,,
test_distribution,rule_based,0.3,variant_test,7;42;123,0.9999375,4.1339864235377055e-05,0.999937499999667,4.1339864577072334e-05,0.9999583333333332,7.216878364871931e-05,0.9999166666666666,9.021097956090916e-05,8.333333333333333e-05,9.021097956087904e-05,0.9999479176432392,3.608439175394317e-05,0.0001079148314893,4.024926802014612e-05,,,,
test_distribution,rule_based,0.5,otids_cross_binary,7;42;123,0.4863897444435195,0.0,0.3272289426523297,0.0,1.0,0.0,0.0,0.0,1.0,0.0,0.4945119489851838,0.0045138510314058,0.5136045393845203,6.689366566344497e-06,,,,
test_distribution,rule_based,0.5,test,7;42;123,0.9994229669090536,5.090722934281349e-05,0.999091330591626,8.033584814256159e-05,0.9976881989651144,0.0004199547863598,0.99985154577957,4.948474014340731e-05,0.0001484542204297,4.948474014324168e-05,0.999388592190343,3.156447038289456e-05,0.0008941578317469,0.0007083149909159,,,,
test_distribution,rule_based,0.5,variant_test,7;42;123,0.9999270833333332,5.022734771351456e-05,0.9999270833326211,5.022734835705048e-05,1.0,0.0,0.9998541666666666,0.000100454695427,0.0001458333333333,0.000100454695427,0.9999683648319376,6.578320975714867e-07,0.0007098028104131,0.0004338685579202,,,,
test_distribution,rule_based,1.0,otids_cross_binary,7;42;123,0.4863897444435195,0.0,0.3272329070522973,6.866542165404516e-06,0.9999952459733392,8.23421571673624e-06,4.502070952638213e-06,7.797815629249402e-06,0.9999954979290474,7.797815629253764e-06,0.4927271964613692,0.0105328232260628,0.5135945841640128,2.512341739211126e-05,,,,
test_distribution,rule_based,1.0,test,7;42;123,0.9996246804823932,6.950140226310065e-05,0.9994091978777488,0.0001093894027249,0.9986813553663828,0.0002129419265927,0.9998577313720882,5.965169399256517e-05,0.0001422686279118,5.965169399248965e-05,0.9994396022864936,6.097196512301156e-05,0.0002247770826015,0.0001121316812257,,,,
test_distribution,rule_based,1.0,variant_test,7;42;123,0.999953125,5.412658773653748e-05,0.9999531249995612,5.412658848968184e-05,1.0,0.0,0.99990625,0.000108253175473,9.375000000000002e-05,0.000108253175473,0.9999375058587038,5.411813156707894e-05,0.0001564380514124,0.0001361992616346,,,,
filtering,,0.5,otids_cross_binary,7;42;123,0.4863897444435195,0.0,0.3272289426523297,0.0,1.0,0.0,0.0,0.0,1.0,0.0,0.4945119489851838,0.0045138510314058,0.5136045393845203,6.689366566344497e-06,naive_unfiltered,0.0,0.0,
filtering,,0.5,test,7;42;123,0.9994229669090536,5.0907229342801774e-05,0.999091330591626,8.033584814254988e-05,0.9976881989651144,0.0004199547863598,0.99985154577957,4.948474014337956e-05,0.0001484542204297,4.948474014324168e-05,0.9993885921903428,3.156447038292032e-05,0.0008941578317469,0.0007083149909159,naive_unfiltered,0.0023118010348856,0.0004199547863598,
filtering,,0.5,val,7;42;123,0.9988534181489772,3.598834330666772e-05,0.9988440621090504,3.634316945987995e-05,0.9977240986913568,0.0003666644307338,0.9997980846890504,0.0002412271934301,0.0002019153109495,0.0002412271934301,0.9998848066836528,2.070239201792056e-05,0.0006396966738231,0.0005484408081136,naive_unfiltered,0.0022759013086432,0.0003666644307338,
filtering,,0.5,variant_test,7;42;123,0.9999270833333332,5.022734771351455e-05,0.9999270833326211,5.022734835705047e-05,1.0,0.0,0.9998541666666666,0.000100454695427,0.0001458333333333,0.000100454695427,0.9999683648319376,6.57832097563526e-07,0.0007098028104131,0.0004338685579202,naive_unfiltered,0.0,0.0,
filtering,,0.5,otids_cross_binary,7;42;123,0.4863897444435195,0.0,0.3272289426523297,0.0,1.0,0.0,0.0,0.0,1.0,0.0,0.499642362862597,0.0201372271864167,0.5136089531806308,1.979647631429196e-06,artifact,0.0,0.0,
filtering,,0.5,test,7;42;123,0.999383285550364,0.0001290915369313,0.999029143590537,0.0002034574098322,0.9980220330495744,0.0007182768296334,0.9997195864725216,9.589331052281492e-05,0.0002804135274783,9.589331052279472e-05,0.999360842926162,0.0001027225507344,0.0034561482083889,0.0027922303492603,artifact,0.0019779669504256,0.0007182768296334,
filtering,,0.5,val,7;42;123,0.9987552518946088,0.0002309391126168,0.9987451437683328,0.0002329026937896,0.9978965154571632,0.0007989522056655,0.99947357793931,0.0004026054243743,0.0005264220606899,0.0004026054243743,0.999876133156902,4.638515343339542e-05,0.0019153284580457,0.0017530637905501,artifact,0.0021034845428369,0.0007989522056654,
filtering,,0.5,variant_test,7;42;123,0.999828125,5.633673867911671e-05,0.999828124993786,5.633674447913738e-05,1.0,0.0,0.99965625,0.0001126734773582,0.00034375,0.0001126734773582,0.9999676743314768,1.293904486168491e-06,0.0023222495548737,0.0017674695968274,artifact,0.0,0.0,
filtering,,0.5,otids_cross_binary,7;42;123,0.4863897444435195,0.0,0.3272289426523297,0.0,1.0,0.0,0.0,0.0,1.0,0.0,0.4901626151224325,0.001544014345509,0.5136099457740784,3.097148193542142e-07,temporal,0.0,0.0,
filtering,,0.5,test,7;42;123,0.9993419508017288,9.441710752825492e-05,0.9989638384379116,0.0001487576608706,0.9975880487397762,0.0003849057772524,0.9997752568051826,5.578476306483648e-05,0.0002247431948172,5.578476306490724e-05,0.9993211744241464,6.78811958201874e-05,0.0061772022359258,0.0041002269245457,temporal,0.0024119512602236,0.0003849057772525,
filtering,,0.5,val,7;42;123,0.998633525739192,0.0003395814655529,0.9986223926724106,0.0003423903953196,0.9975775444404212,0.0005674057370611,0.999516845505942,0.0002507404328301,0.0004831544940578,0.0002507404328301,0.999848999377133,4.02350385399444e-06,0.0039233160116283,0.0030835141565784,temporal,0.0024224555595785,0.0005674057370611,
filtering,,0.5,variant_test,7;42;123,0.9998697916666668,4.77351634891211e-05,0.9998697916638882,4.773516574840279e-05,1.0,0.0,0.9997395833333336,9.547032697825432e-05,0.0002604166666666,9.547032697824664e-05,0.9999673114796328,2.1220003034446403e-06,0.0040453120300856,0.0025696476109126,temporal,0.0,0.0,
filtering,,0.5,otids_cross_binary,7;42;123,0.4863897444435195,0.0,0.3272289426523297,0.0,1.0,0.0,0.0,0.0,1.0,0.0,0.4938722925615095,0.0126226427257881,0.513607375211928,4.074855914007678e-06,temporal_artifact,0.0,0.0,
filtering,,0.5,test,7;42;123,0.999460994877798,9.204200708127526e-05,0.999151267521884,0.0001452296861736,0.9979051911200134,0.0007012005946017,0.9998453601870524,5.900679186828042e-05,0.0001546398129476,5.900679186820616e-05,0.99938934192377,1.6097013979956117e-05,0.0012012340592566,0.0007792662765709,temporal_artifact,0.0020948088799865,0.0007012005946017,
filtering,,0.5,val,7;42;123,0.998869124749676,0.0001661766518985,0.9988599071467708,0.0001676197655162,0.9978361695891308,0.0006765573254101,0.9997331833391024,0.0002781715345851,0.0002668166608976,0.000278171534585,0.999878525647564,3.485194030420065e-06,0.000536723296662,0.0005327250040714,temporal_artifact,0.0021638304108691,0.0006765573254102,
filtering,,0.5,variant_test,7;42;123,0.9999166666666668,7.045702738785765e-05,0.9999166666652348,7.045702934237635e-05,1.0,0.0,0.9998333333333332,0.0001409140547757,0.0001666666666666,0.0001409140547757,0.9999684878710424,3.399185039923878e-07,0.0008952682730741,0.0004844480068097,temporal_artifact,0.0,0.0,
oversampling_vs_synthetic,,0.5,otids_cross_binary,7;42;123,0.5033366630594633,0.0195796096027215,0.416240773929968,0.0858594117661244,0.8860745051058246,0.1150279261881327,0.1408833063209076,0.1466348804636424,0.8591166936790923,0.1466348804636424,0.6715559344654342,0.051047353848509,0.4682123026169677,0.045047966435564,,0.1139254948941753,0.1150279261881326,real_oversampling
oversampling_vs_synthetic,,0.5,test,7;42;123,0.9995337440353956,0.0001765569648776,0.9992659525468952,0.000278142022633,0.998347521281923,0.0007372274343684,0.9998268034094986,4.05616426725287e-05,0.0001731965905013,4.056164267256504e-05,0.9993947752005408,0.0001110830651334,0.0026252827580637,0.0039939252973547,,0.001652478718077,0.0007372274343683,real_oversampling
oversampling_vs_synthetic,,0.5,val,7;42;123,0.9991596968626064,0.0003639096004743,0.9991528689324962,0.0003669034559311,0.9983275573716788,0.0006378837819164,0.9998557747778932,0.0001519507002546,0.0001442252221068,0.0001519507002545,0.9999075639219068,4.478965088153733e-05,0.0014598572799977,0.0019097279462973,,0.0016724426283211,0.0006378837819164,real_oversampling
oversampling_vs_synthetic,,0.5,variant_test,7;42;123,0.74746875,0.0022606086708008,0.7302807046324601,0.0027495458675165,0.4950520833333333,0.0045760002890988,0.9998854166666667,6.505206248333392e-05,0.0001145833333333,6.505206248331666e-05,0.8109407442367536,0.0805179656995045,0.2445414507008777,0.0121294613255106,,0.5049479166666666,0.0045760002890989,real_oversampling
oversampling_vs_synthetic,,0.5,otids_cross_binary,7;42;123,0.4863897444435195,0.0,0.3272289426523297,0.0,1.0,0.0,0.0,0.0,1.0,0.0,0.4945119489851838,0.0045138510314058,0.5136045393845203,6.689366566344497e-06,,0.0,0.0,rule_based_synthetic
oversampling_vs_synthetic,,0.5,test,7;42;123,0.9994229669090536,5.0907229342801774e-05,0.999091330591626,8.033584814254988e-05,0.9976881989651144,0.0004199547863598,0.99985154577957,4.948474014337956e-05,0.0001484542204297,4.948474014324168e-05,0.9993885921903428,3.156447038292032e-05,0.0008941578317469,0.0007083149909159,,0.0023118010348856,0.0004199547863598,rule_based_synthetic
oversampling_vs_synthetic,,0.5,val,7;42;123,0.9988534181489772,3.598834330666772e-05,0.9988440621090504,3.634316945987995e-05,0.9977240986913568,0.0003666644307338,0.9997980846890504,0.0002412271934301,0.0002019153109495,0.0002412271934301,0.9998848066836528,2.070239201792056e-05,0.0006396966738231,0.0005484408081136,,0.0022759013086432,0.0003666644307338,rule_based_synthetic
oversampling_vs_synthetic,,0.5,variant_test,7;42;123,0.9999270833333332,5.022734771351455e-05,0.9999270833326211,5.022734835705047e-05,1.0,0.0,0.9998541666666666,0.000100454695427,0.0001458333333333,0.000100454695427,0.9999683648319376,6.57832097563526e-07,0.0007098028104131,0.0004338685579202,,0.0,0.0,rule_based_synthetic
