model,seed,split,accuracy,macro_f1_binary,attack_recall,normal_recall,fpr,fnr,auprc,ece,tn,fp,fn,tp,recall_DoS,recall_Fuzzy,recall_Gear,recall_RPM,ratio,generator,synthetic_windows,best_epoch,best_val_macro_f1_multiclass
CNN1D+rule_based,123,val,0.9993049829190718,0.9992993418551772,0.9984741116226142,1.0,0.0,0.0015258883773858,0.9999337986725418,0.0006574243408923,46224,0,59,38607,0.9988582845725704,0.9980416592487092,0.9981869128069888,0.9986338797814208,0.1,rule_based,26215,7,0.9992297302599196
CNN1D+rule_based,123,test,0.9995982262432666,0.9993674748171064,0.9984476715072608,0.9998824737421598,0.0001175262578402,0.0015523284927391,0.9994712856528412,0.0011789513030092,161647,19,62,39878,0.9993051695386326,0.9980943306336352,0.997827311499155,0.9986447931526392,0.1,rule_based,26215,7,0.9992297302599196
CNN1D+rule_based,123,variant_test,0.99996875,0.9999687499999694,1.0,0.9999375,6.25e-05,0.0,0.999968599307135,0.0009026400409638,31998,2,0,32000,0.99975,1.0,0.999875,1.0,0.1,rule_based,26215,7,0.9992297302599196
CNN1D+rule_based,123,otids_cross_binary,0.486396681372957,0.3272439758560372,1.0,1.350621285791464e-05,0.999986493787142,0.0,0.4942947285876513,0.5136029616392308,1,74039,0,70116,0.4285755034514233,,,,0.1,rule_based,26215,7,0.9992297302599196
CNN1D+rule_based,123,val,0.9992343032159264,0.9992280851939714,0.9983706615631304,0.999956732433368,4.326756663205262e-05,0.0016293384368696,0.999928662752724,0.0004862689546427,46222,2,63,38603,0.9987155701441416,0.9985757521808796,0.997610021427394,0.9987776819096924,0.3,rule_based,78645,10,0.999205370707752
CNN1D+rule_based,123,test,0.999538704205232,0.9992738769692776,0.9984977466199298,0.9997958754469092,0.0002041245530909,0.0015022533800701,0.9994503916754656,8.65207294795125e-05,161633,33,60,39880,0.998888271261812,0.9985707479752264,0.998149191277058,0.9985734664764622,0.3,rule_based,78645,10,0.999205370707752
CNN1D+rule_based,123,variant_test,0.99990625,0.999906249999176,1.0,0.9998125,0.0001875,0.0,0.999968750976532,0.0001255384003743,31994,6,0,32000,0.999875,1.0,0.999875,1.0,0.3,rule_based,78645,10,0.999205370707752
CNN1D+rule_based,123,otids_cross_binary,0.4863897444435195,0.3272289426523297,1.0,0.0,1.0,0.0,0.4863878566398334,0.5136102437973022,0,74040,0,70116,0.2945832620229334,,,,0.3,rule_based,78645,10,0.999205370707752
CNN1D+rule_based,123,val,0.9988220049475792,0.9988123448584024,0.9974396110277765,0.999978366216684,2.163378331602631e-05,0.0025603889722236,0.9999008060865608,0.0002602144828293,46223,1,99,38567,0.9967175681461397,0.997507566316539,0.9971155431020272,0.9980586712683348,0.5,rule_based,131074,4,0.9987141293604485
CNN1D+rule_based,123,test,0.9994097397894904,0.9990703486789418,0.9974211316975464,0.9999010305197136,9.896948028651665e-05,0.0025788683024536,0.9994178904342146,0.0006402852598445,161650,16,103,39837,0.9969427459699832,0.996982690169922,0.9976663716102036,0.9976462196861626,0.5,rule_based,131074,4,0.9987141293604485
CNN1D+rule_based,123,variant_test,0.999984375,0.9999843749999962,1.0,0.99996875,3.125e-05,0.0,0.999967605238092,0.0005635619498789,31999,1,0,32000,1.0,0.999875,0.999875,1.0,0.5,rule_based,131074,4,0.9987141293604485
CNN1D+rule_based,123,otids_cross_binary,0.4863897444435195,0.3272289426523297,1.0,0.0,1.0,0.0,0.4962816872560576,0.5136068852230137,0,74040,0,70116,0.2929431228250328,,,,0.5,rule_based,131074,4,0.9987141293604485
CNN1D+rule_based,123,val,0.9991754034633056,0.9991687266102396,0.9984482491077432,0.9997836621668398,0.0002163378331602,0.0015517508922567,0.9999347806207738,0.0004008847326198,46214,10,60,38606,0.998430141287284,0.9982196902260994,0.9981044997527608,0.9987776819096924,1.0,rule_based,262149,6,0.9990996729189334
CNN1D+rule_based,123,test,0.9995535847147408,0.9992973334245596,0.998597896845268,0.9997896898543912,0.0002103101456088,0.001402103154732,0.9993760668624968,9.707714339179532e-05,161632,34,56,39884,0.9987493051695386,0.9979355248531048,0.998471071054961,0.9989300998573466,1.0,rule_based,262149,6,0.9990996729189334
CNN1D+rule_based,123,variant_test,0.999890625,0.9998906249986916,1.0,0.99978125,0.00021875,0.0,0.9998750156230471,0.0001373771140351,31993,7,0,32000,1.0,0.999875,0.999875,1.0,1.0,rule_based,262149,6,0.9990996729189334
CNN1D+rule_based,123,otids_cross_binary,0.4863897444435195,0.3272408358522325,0.9999857379200182,1.350621285791464e-05,0.999986493787142,1.4262079981744538e-05,0.5048869129586826,0.5135656056354596,1,74039,1,70115,0.2954532489018198,,,,1.0,rule_based,262149,6,0.9990996729189334
CNN1D+rule_based,42,val,0.999198963364354,0.9991924738403,0.9984482491077432,0.9998269297334718,0.0001730702665282,0.0015517508922567,0.9999307318520696,0.0005610762408209,46216,8,60,38606,0.9988582845725704,0.9982196902260994,0.9980220866985332,0.9987057808455564,0.1,rule_based,26215,7,0.9991571760481172
CNN1D+rule_based,42,test,0.9996230270924475,0.9994065363759446,0.9985478217325988,0.9998886593346776,0.0001113406653223,0.0014521782674011,0.999414516656535,0.0011781158502185,161648,18,58,39882,0.9993051695386326,0.997617913292044,0.9983906011104852,0.9985734664764622,0.1,rule_based,26215,7,0.9991571760481172
CNN1D+rule_based,42,variant_test,0.999984375,0.9999843749999962,1.0,0.99996875,3.125e-05,0.0,0.999968750976532,0.0008747857036069,31999,1,0,32000,0.99975,1.0,0.999875,1.0,0.1,rule_based,26215,7,0.9991571760481172
CNN1D+rule_based,42,otids_cross_binary,0.4863897444435195,0.3272289426523297,1.0,0.0,1.0,0.0,0.487063867734447,0.5136100053787231,0,74040,0,70116,0.3872582577443094,,,,0.1,rule_based,26215,7,0.9991571760481172
CNN1D+rule_based,42,val,0.9994699022264106,0.9994656156492536,0.9988361868308074,1.0,0.0,0.0011638131691925,0.999938938231178,0.000306069662046,46224,0,45,38621,0.9988582845725704,0.9991098451130496,0.9988462172408108,0.9987057808455564,0.3,rule_based,78645,12,0.9994544528634
CNN1D+rule_based,42,test,0.9997123101494996,0.9995470679153692,0.998698047070606,0.9999628864448924,3.7113555107443744e-05,0.001301952929394,0.999785981617176,6.419107031588287e-05,161660,6,52,39888,0.9993051695386326,0.9980943306336352,0.9987124808883882,0.9986447931526392,0.3,rule_based,78645,12,0.9994544528634
CNN1D+rule_based,42,variant_test,0.999921875,0.9999218749998284,0.999875,0.99996875,3.125e-05,0.000125,0.999906250976654,6.185977999120951e-05,31999,1,4,31996,0.99975,0.999875,0.999875,1.0,0.3,rule_based,78645,12,0.9994544528634
CNN1D+rule_based,42,otids_cross_binary,0.4863411859374566,0.3272664140711234,0.999828855040219,6.75310642895732e-05,0.9999324689357104,0.0001711449597809,0.4889684192204464,0.5135845478473497,5,74035,12,70104,0.5041074790347424,,,,0.3,rule_based,78645,12,0.9994544528634
CNN1D+rule_based,42,val,0.9988926846507244,0.9988837185908932,0.9981378989292918,0.9995240567670476,0.0004759432329525,0.0018621010707081,0.9998921888990234,0.0012685075474229,46202,22,72,38594,0.998001998001998,0.9976855972939292,0.9978572605900776,0.9986338797814208,0.5,rule_based,131074,11,0.998779470552578
CNN1D+rule_based,42,test,0.9994791821671974,0.9991800754168938,0.9981722583875814,0.9998020610394268,0.000197938960573,0.0018277416124186,0.9993927187300488,0.0016944229112923,161634,32,73,39867,0.9977765425236242,0.9974591075115136,0.9983906011104852,0.9985021398002852,0.5,rule_based,131074,11,0.998779470552578
CNN1D+rule_based,42,variant_test,0.999890625,0.9998906249986916,1.0,0.99978125,0.00021875,0.0,0.999968747070343,0.0011978956898674,31993,7,0,32000,0.99975,1.0,0.999875,1.0,0.5,rule_based,131074,11,0.998779470552578
CNN1D+rule_based,42,otids_cross_binary,0.4863897444435195,0.3272289426523297,1.0,0.0,1.0,0.0,0.4893813913339492,0.5136097398793024,0,74040,0,70116,0.2926293570654344,,,,0.5,rule_based,131074,11,0.998779470552578
CNN1D+rule_based,42,val,0.9994581222758864,0.9994537508928912,0.9989396368902912,0.9998918310834198,0.0001081689165801,0.0010603631097087,0.9999561027253284,0.0002319163060157,46219,5,41,38625,0.9988582845725704,0.9991098451130496,0.9988462172408108,0.9989214840379638,1.0,rule_based,262149,10,0.999426537841332
CNN1D+rule_based,42,test,0.9996924694701548,0.9995159316743294,0.9989233850776164,0.9998824737421598,0.0001175262578402,0.0010766149223835,0.9994976381913138,0.0003071488792997,161647,19,43,39897,0.9987493051695386,0.998411942194696,0.9991148306107668,0.9990727532097003,1.0,rule_based,262149,10,0.999426537841332
CNN1D+rule_based,42,variant_test,0.999984375,0.9999843749999962,1.0,0.99996875,3.125e-05,0.0,0.999968750976532,0.0003011637469753,31999,1,0,32000,0.999875,0.999875,0.999875,1.0,1.0,rule_based,262149,10,0.999426537841332
CNN1D+rule_based,42,otids_cross_binary,0.4863897444435195,0.3272289426523297,1.0,0.0,1.0,0.0,0.4864320799022738,0.5136102437973022,0,74040,0,70116,0.4452193507901192,,,,1.0,rule_based,262149,10,0.999426537841332
CNN1D+rule_based,7,val,0.9991636235127812,0.9991568494812696,0.9984223865928724,0.9997836621668398,0.0002163378331602,0.0015776134071277,0.999926662568878,0.0008098446785006,46214,10,61,38605,0.998430141287284,0.9983977212034894,0.9981044997527608,0.9986338797814208,0.1,rule_based,26215,6,0.999081820027423
CNN1D+rule_based,7,test,0.999513903356051,0.9992347875810004,0.9983475212819228,0.9998020610394268,0.000197938960573,0.0016524787180771,0.9994217624595568,0.0015689747392751,161634,32,66,39874,0.9987493051695386,0.9977767190725744,0.9979882513881064,0.998716119828816,0.1,rule_based,26215,6,0.999081820027423
CNN1D+rule_based,7,variant_test,0.999890625,0.9998906249986916,1.0,0.99978125,0.00021875,0.0,0.9999686101103284,0.0010924667846411,31993,7,0,32000,0.99975,0.999875,0.999875,1.0,0.1,rule_based,26215,6,0.999081820027423
CNN1D+rule_based,7,otids_cross_binary,0.4862371319958933,0.3283567613197394,0.9982457641622454,0.0013641274986493,0.9986358725013508,0.0017542358377545,0.5242319318078624,0.5120953532568063,101,73939,123,69993,0.3408209253237492,,,,0.1,rule_based,26215,6,0.999081820027423
CNN1D+rule_based,7,val,0.9992696430674992,0.999263719876264,0.9984741116226142,0.999935098650052,6.490134994807892e-05,0.0015258883773858,0.9999043337876394,0.0004661261217377,46221,3,59,38607,0.9987155701441416,0.9987537831582696,0.9978572605900776,0.9987776819096924,0.3,rule_based,78645,11,0.9992416337816332
CNN1D+rule_based,7,test,0.999677588960646,0.9994924659375212,0.9987731597396096,0.9999010305197136,9.896948028651665e-05,0.0012268402603905,0.9994452318571748,7.226405137895766e-05,161650,16,49,39891,0.998888271261812,0.9985707479752264,0.9980687213325824,0.999358059914408,0.3,rule_based,78645,11,0.9992416337816332
CNN1D+rule_based,7,variant_test,0.999984375,0.9999843749999962,1.0,0.99996875,3.125e-05,0.0,0.999968750976532,0.0001363463141024,31999,1,0,32000,1.0,0.999875,0.999875,1.0,0.3,rule_based,78645,11,0.9992416337816332
CNN1D+rule_based,7,otids_cross_binary,0.4863828075140819,0.3272376958191254,0.9999714758400364,1.350621285791464e-05,0.999986493787142,2.852415996348908e-05,0.4855390493744576,0.5135768243026934,1,74039,2,70114,0.2960094700211079,,,,0.3,rule_based,78645,11,0.9992416337816332
CNN1D+rule_based,7,val,0.9988455648486276,0.9988361228778556,0.997594786117002,0.9998918310834198,0.0001081689165801,0.0024052138829979,0.999861425065374,0.0003903679912173,46219,5,93,38573,0.997573854716712,0.997329535339149,0.9973627822647108,0.9977710670117916,0.5,rule_based,131074,10,0.9987286794244148
CNN1D+rule_based,7,test,0.9993799787704732,0.999023567679042,0.9974712068102152,0.9998515457795702,0.0001484542204297,0.0025287931897846,0.9993551674067654,0.0003477653241039,161642,24,101,39839,0.9980544747081712,0.9963474670478004,0.9976663716102036,0.9975035663338088,0.5,rule_based,131074,10,0.9987286794244148
CNN1D+rule_based,7,variant_test,0.99990625,0.999906249999176,1.0,0.9998125,0.0001875,0.0,0.999968742187378,0.000367950791493,31994,6,0,32000,0.99975,1.0,0.999875,1.0,0.5,rule_based,131074,10,0.9987286794244148
CNN1D+rule_based,7,otids_cross_binary,0.4863897444435195,0.3272289426523297,1.0,0.0,1.0,0.0,0.4978727683655447,0.513596993051245,0,74040,0,70116,0.3016287295339152,,,,0.5,rule_based,131074,10,0.9987286794244148
CNN1D+rule_based,7,val,0.9991282836612086,0.999121225273682,0.9983965240780014,0.9997403946002076,0.0002596053997923,0.0016034759219986,0.9998900188677504,0.0005718653425899,46212,12,62,38604,0.9981447124304268,0.9985757521808796,0.9980220866985332,0.9987776819096924,1.0,rule_based,262149,12,0.9991010115196132
CNN1D+rule_based,7,test,0.999627987262284,0.9994143285343576,0.9985227841762644,0.9999010305197136,9.896948028651665e-05,0.0014772158237356,0.9994451018056704,0.0002701052251132,161650,16,59,39881,0.9986103390772652,0.9977767190725744,0.9983906011104852,0.9989300998573466,1.0,rule_based,262149,12,0.9991010115196132
CNN1D+rule_based,7,variant_test,0.999984375,0.9999843749999962,1.0,0.99996875,3.125e-05,0.0,0.999968750976532,3.077329322695732e-05,31999,1,0,32000,0.99975,0.999875,0.999875,1.0,1.0,rule_based,262149,12,0.9991010115196132
CNN1D+rule_based,7,otids_cross_binary,0.4863897444435195,0.3272289426523297,1.0,0.0,1.0,0.0,0.4868625965231513,0.5136079030592766,0,74040,0,70116,0.2926008329054709,,,,1.0,rule_based,262149,12,0.9991010115196132
