model,scenario_id,attack_type,severity,windows,seeds,attack_detection_recall_mean,attack_detection_recall_std,exact_class_recall_mean,exact_class_recall_std,mean_attack_score_mean,mean_attack_score_std,normal_recall_mean,normal_recall_std
RandomForest_rule_0p30,DoS_high,DoS,high,1500,7;42;123,1.0,0.0,1.0,0.0,0.9997751712799072,0.0003361540426522583,,
RandomForest_rule_0p30,DoS_low,DoS,low,1500,7;42;123,0.9977777777777778,0.001018350154434628,0.9977777777777778,0.001018350154434628,0.9134905338287354,0.00646557728265166,,
RandomForest_rule_0p30,DoS_medium,DoS,medium,1500,7;42;123,1.0,0.0,1.0,0.0,0.9960984786351522,0.0017306745252724297,,
RandomForest_rule_0p30,Fuzzy_high,Fuzzy,high,1500,7;42;123,1.0,0.0,1.0,0.0,1.0,0.0,,
RandomForest_rule_0p30,Fuzzy_low,Fuzzy,low,1500,7;42;123,0.7197777777777777,0.001018350154434628,0.7097777777777777,0.002694301256218277,0.5840213497479757,0.0052352355368045335,,
RandomForest_rule_0p30,Fuzzy_medium,Fuzzy,medium,1500,7;42;123,0.9815555555555555,0.0003849001794597722,0.9808888888888889,0.00038490017945970814,0.8823834260304769,0.009858862253741127,,
RandomForest_rule_0p30,Gear_high,Gear,high,1500,7;42;123,0.9948888888888888,0.00719052874993929,0.9457777777777778,0.006301087501670143,0.7444358666737875,0.03082766697262714,,
RandomForest_rule_0p30,Gear_low,Gear,low,1500,7;42;123,0.4891111111111111,0.027651267468103403,0.4728888888888889,0.031072197886237187,0.5238998730977377,0.00889870577626706,,
RandomForest_rule_0p30,Gear_medium,Gear,medium,1500,7;42;123,0.9997777777777778,0.0003849001794597722,0.9993333333333334,0.0006666666666666488,0.8678553501764933,0.012139083330834249,,
RandomForest_rule_0p30,Normal_normal,Normal,normal,12000,7;42;123,,,,,0.00437700313826402,0.00012239065423759422,0.9998888888888889,4.811252243246351e-05
RandomForest_rule_0p30,RPM_high,RPM,high,1500,7;42;123,0.7644444444444445,0.202682382431597,0.5637777777777778,0.3200530048693902,0.7020723621050516,0.020308457078884744,,
RandomForest_rule_0p30,RPM_low,RPM,low,1500,7;42;123,0.008,0.0,0.007333333333333333,0.0,0.024372071027755737,0.0017366446941322572,,
RandomForest_rule_0p30,RPM_medium,RPM,medium,1500,7;42;123,0.027777777777777776,0.004286067004885756,0.027777777777777776,0.004286067004885756,0.3663845757643382,0.024225107616743322,,
