setting,label,evaluation_set,seeds,n_seeds,accuracy_mean,accuracy_std,macro_f1_binary_mean,macro_f1_binary_std,attack_recall_mean,attack_recall_std,normal_recall_mean,normal_recall_std,fpr_mean,fpr_std,fnr_mean,fnr_std,auprc_mean,auprc_std,ece_mean,ece_std,recall_DoS_mean,recall_DoS_std,recall_Fuzzy_mean,recall_Fuzzy_std,recall_Gear_mean,recall_Gear_std,recall_RPM_mean,recall_RPM_std,attack_detection_recall_mean,attack_detection_recall_std
source_real,RF source real,test,7;42;123,3,0.9994692618275249,9.920339672453427e-06,0.9991639421291446,1.5650881990155126e-05,0.9973293273243198,6.300980166306897e-05,0.9999979381358274,3.571253505283803e-06,2.0618641726357636e-06,3.5712535053111087e-06,0.0026706726756801874,6.300980166308431e-05,0.9997714172668074,5.980708268323585e-06,0.0015512307728855219,9.096987408943106e-06,1.0,0.0,0.9956593086655022,0.0002425798366923708,0.9963252058689412,0.00012291987057633518,0.9975986685687114,4.118047569115206e-05,,
source_real,RF source real,variant_test,7;42;123,3,0.75,1.5624999999963585e-05,0.7333333331820988,1.8888888896128046e-05,0.5,3.1250000000010436e-05,1.0,0.0,0.0,0.0,0.5,3.1250000000010436e-05,0.999263683555386,0.0002639293392787904,0.20255307125796876,0.004819019672122761,1.0,0.0,0.9999166666666666,7.216878364872732e-05,8.333333333333333e-05,7.216878364870322e-05,0.0,0.0,,
source_real,RF source real,variant_sensitivity,7;42;123,3,0.7507444444444444,0.0030306459401940756,0.7501361068616079,0.0031113184310152145,,,1.0,0.0,0.0,0.0,,,0.9750717553023213,0.0001982374359243484,,,,,,,,,,,0.584574074074074,0.005051076566990138
source_real,RF source real,otids,7;42;123,3,0.7343156025416909,0.018717227841787483,0.7271655140306811,0.0161595067266338,0.5895896324186586,0.017822010267132694,0.8713713308121736,0.05144400053582122,0.12862866918782642,0.05144400053582121,0.41041036758134136,0.017822010267132673,0.802620921399992,0.006913456794720217,0.09124938502588138,0.03365889155317098,0.29258657082548917,0.0,,,,,,,,
target_normal,RF +target normal,test,7;42;123,3,0.9994560347079617,2.3440848120881592e-05,0.9991431161497216,3.695167888699107e-05,0.9973126356200969,0.00010118807922704949,0.9999855669507917,7.142507010631705e-06,1.4433049208450346e-05,7.14250701062222e-06,0.002687364379903188,0.00010118807922702496,0.9997927814789467,7.12118307172395e-06,0.0017522597414216647,7.029484457859374e-05,1.0,0.0,0.9957122439256789,0.00027505968041428895,0.9963520291837665,0.00012291987057633518,0.9975035663338088,7.132667617687494e-05,,
target_normal,RF +target normal,variant_test,7;42;123,3,0.7499947916666666,9.021097956066878e-06,0.7333270369614175,1.090563606159887e-05,0.4999895833333334,1.8042195912165804e-05,1.0,0.0,0.0,0.0,0.5000104166666667,1.8042195912197856e-05,0.999331681496647,0.00020771629552219725,0.1994865396069363,0.000969537558199208,0.9998333333333332,7.216878364866322e-05,1.0,0.0,0.000125,0.0,0.0,0.0,,
target_normal,RF +target normal,variant_sensitivity,7;42;123,3,0.7365,0.001716909367956765,0.7354324164574996,0.001782416727820257,,,1.0,0.0,0.0,0.0,,,0.9766002919628368,0.0007082821725082476,,,,,,,,,,,0.5608333333333334,0.002861515613261287
target_normal,RF +target normal,otids,7;42;123,3,0.7820347401426232,0.001428451728230956,0.7681012980691366,0.0016827260908789917,0.5519472493201741,0.0028492885092773197,0.9999279668647579,8.992879684601431e-05,7.203313524221142e-05,8.992879684602097e-05,0.4480527506798258,0.0028492885092773253,0.8825108521171866,0.015760854993182746,0.061299238717651826,0.01692560162204394,0.2906279118413296,0.0017254366295364248,,,,,,,,
target_normal_target_synth,RF +target normal+synth,test,7;42;123,3,0.9994477677582347,2.86375539015573e-06,0.9991300587814131,4.501816873097427e-06,0.9972375229510932,1.4455439889532716e-05,0.9999938144074821,6.185592517915506e-06,6.18559251790729e-06,6.18559251790729e-06,0.0027624770489066935,1.445543988957503e-05,0.9997817189056324,2.4300142634184308e-05,0.0016982351475743139,3.271383170754981e-05,1.0,0.0,0.995447567624795,0.00018337312027619265,0.9962447359244656,4.645934410474694e-05,0.9974797907750831,8.236095138224003e-05,,
target_normal_target_synth,RF +target normal+synth,variant_test,7;42;123,3,0.75003125,0.0,0.7333711102037581,0.0,0.5000625,0.0,1.0,0.0,0.0,0.0,0.4999375,0.0,0.9994963985011692,7.908415666517247e-05,0.19761851974235226,0.003133860274046056,1.0,0.0,1.0,0.0,4.1666666666666665e-05,7.216878364870322e-05,0.0,0.0,,
target_normal_target_synth,RF +target normal+synth,variant_sensitivity,7;42;123,3,0.7634777777777778,0.014905678758757016,0.7631159763937635,0.015178685311323993,,,1.0,0.0,0.0,0.0,,,0.9753691562655421,0.0003901069614978734,,,,,,,,,,,0.6057962962962963,0.024842797931261654
target_normal_target_synth,RF +target normal+synth,otids,7;42;123,3,0.7831492734722568,0.003299269080747408,0.7701398874045721,0.0033505571623848054,0.5604949892558998,0.002089301419497511,0.9940032414910859,0.004445821850122346,0.005996758508914101,0.0044458218501223085,0.4395050107441003,0.0020893014194975075,0.7679660907976175,0.009906635212712478,0.21847944175634068,0.055419185502032085,0.29258657082548917,0.0,,,,,,,,
source_real,RF source real,cantt_holdout,7;42;123,3,0.6265099038469509,0.040576877925143154,0.46469387493761244,0.021983321720381394,0.5748416893215296,0.018078971773999853,0.630199360294953,0.04476529716359243,0.369800639705047,0.04476529716359241,,,,,,,,,,,,,,,,
target_normal,RF +target normal,cantt_holdout,7;42;123,3,0.93343838358884,3.7916903307507415e-05,0.48407358325404015,0.0005770052263227003,0.0012902679082761664,0.0005689161770067131,1.0,0.0,0.0,0.0,,,,,,,,,,,,,,,,
target_normal_target_synth,RF +target normal+synth,cantt_holdout,7;42;123,3,0.9396354559369655,0.0004288237565875503,0.5854719265688378,0.0050925376661917245,0.11488304896867409,0.006299546613368918,0.9985282997064603,1.6995740024297764e-05,0.001471700293539744,1.6995740024306322e-05,,,,,,,,,,,,,,,,
source_real,RF source real,road,7;42;123,3,0.05585654998511566,0.00010499456357036006,0.05292537934506029,0.00011641245839113493,1.0,0.0,0.00011868643784910503,0.00011119295710621399,0.9998813135621508,0.00011119295710618072,,,,,,,,,,,,,,,,
target_normal,RF +target normal,road,7;42;123,3,0.1056103260351426,0.04588700077441906,0.10422817484575835,0.046848511585279216,0.9854453309878327,0.01274210018047567,0.05366893572057916,0.04934195263576234,0.9463310642794208,0.04934195263576239,,,,,,,,,,,,,,,,
target_normal_target_synth,RF +target normal+synth,road,7;42;123,3,0.05576860591132046,2.3589938678431947e-05,0.05282786545637605,2.616081902987685e-05,1.0,0.0,2.5550552592515665e-05,2.4982579577571353e-05,0.9999744494474075,2.4982579577599888e-05,,,,,,,,,,,,,,,,
