model,seed,split,accuracy,macro_f1_binary,attack_recall,normal_recall,fpr,fnr,auprc,ece,tn,fp,fn,tp,recall_DoS,recall_Fuzzy,recall_Gear,recall_RPM,setting,label,evaluation_set,level,axis,real_windows,target_normal_windows,target_synthetic_windows,train_windows_total,fit_seconds,attack_detection_recall,windows,normal_windows,attack_windows
source_real,7,test,0.9994692618275249,0.9991639371612743,0.9973209814722083,1.0,0.0,0.0026790185277916875,0.9997776442068749,0.0015439048373836251,161666,0,107,39833,1.0,0.9957122439256789,0.9962983825541161,0.9975748930099857,source_real,RF source real,test,all,all,262149,0,0,262149,10.547799825668335,,,,
source_real,7,variant_test,0.750015625,0.7333522219953772,0.50003125,1.0,0.0,0.49996875,0.9989616663345491,0.20788525538425895,32000,0,15999,16001,1.0,1.0,0.000125,0.0,source_real,RF source real,variant_test,all,all,262149,0,0,262149,10.547799825668335,,,,
,7,,0.7496666666666667,0.7490308502685525,,1.0,0.0,,0.9748847708762108,,12000,0,7510,10490,,,,,source_real,RF source real,variant_sensitivity,all,all,262149,0,0,262149,10.547799825668335,0.5827777777777777,,,
source_real,7,otids,0.7303546158328478,0.7247206809562409,0.6037281077072281,0.8502701242571583,0.14972987574284172,0.396271892292772,0.7988358670726767,0.08703652525129883,62954,11086,27785,42331,0.29258657082548917,,,,source_real,RF source real,otids,all,all,262149,0,0,262149,10.547799825668335,,,,
source_real,42,test,0.9994791821671974,0.9991795954944785,0.9973960941412118,0.9999938144074821,6.18559251790729e-06,0.002603905858788182,0.9997708898718763,0.0015614131870612066,161665,1,104,39836,1.0,0.9958710497062093,0.9964593224430676,0.9975748930099857,source_real,RF source real,test,all,all,262149,0,0,262149,10.424705982208252,,,,
source_real,42,variant_test,0.749984375,0.7333144442175858,0.49996875,1.0,0.0,0.50003125,0.9993793666103157,0.2012649523196742,32000,0,16001,15999,1.0,0.999875,0.0,0.0,source_real,RF source real,variant_test,all,all,262149,0,0,262149,10.424705982208252,,,,
,42,,0.7541666666666667,0.7536491588232224,,1.0,0.0,,0.975050898491349,,12000,0,7375,10625,,,,,source_real,RF source real,variant_sensitivity,all,all,262149,0,0,262149,10.424705982208252,0.5902777777777778,,,
source_real,42,otids,0.7178958905630012,0.7123677323457596,0.5954703633977979,0.8338330632090761,0.1661669367909238,0.4045296366022021,0.7984265028881143,0.059895243489810755,61737,12303,28364,41752,0.29258657082548917,,,,source_real,RF source real,otids,all,all,262149,0,0,262149,10.424705982208252,,,,
source_real,123,test,0.9994593414878525,0.9991482937316809,0.9972709063595393,1.0,0.0,0.002729093640460691,0.9997657177216708,0.0015483742942117343,161666,0,109,39831,1.0,0.9953946323646181,0.9962179126096403,0.9976462196861626,source_real,RF source real,test,all,all,262149,0,0,262149,10.483707666397095,,,,
source_real,123,variant_test,0.75,0.7333333333333334,0.5,1.0,0.0,0.5,0.9994500177212933,0.19850900606997313,32000,0,16000,16000,1.0,0.999875,0.000125,0.0,source_real,RF source real,variant_test,all,all,262149,0,0,262149,10.483707666397095,,,,
,123,,0.7484,0.7477283114930489,,1.0,0.0,,0.9752795965394037,,12000,0,7548,10452,,,,,source_real,RF source real,variant_sensitivity,all,all,262149,0,0,262149,10.483707666397095,0.5806666666666667,,,
source_real,123,otids,0.7546963012292239,0.7444081287900431,0.5695704261509499,0.9300108049702863,0.06998919502971367,0.4304295738490501,0.8106003942391848,0.12681638633653455,68858,5182,30180,39936,0.29258657082548917,,,,source_real,RF source real,otids,all,all,262149,0,0,262149,10.483707666397095,,,,
target_normal,7,test,0.9994295804688352,0.9991014108178284,0.9971957936905358,0.9999814432224463,1.8556777553721872e-05,0.002804206309464196,0.9997850061748916,0.0018094028597680893,161663,3,112,39828,1.0,0.9953946323646181,0.9962179126096403,0.997432239657632,target_normal,RF +target normal,test,all,all,262149,100000,0,362149,13.376216173171997,,,,
target_normal,7,variant_test,0.75,0.7333333333333334,0.5,1.0,0.0,0.5,0.999571516340305,0.19859540028683845,32000,0,16000,16000,0.999875,1.0,0.000125,0.0,target_normal,RF +target normal,variant_test,all,all,262149,100000,0,362149,13.376216173171997,,,,
,7,,0.7345333333333334,0.7333906765813495,,1.0,0.0,,0.9772261891038242,,12000,0,7964,10036,,,,,target_normal,RF +target normal,variant_sensitivity,all,all,262149,100000,0,362149,13.376216173171997,0.5575555555555556,,,
target_normal,7,otids,0.7832625766530703,0.7695503779922036,0.5544240972103371,0.9999729875742842,2.7012425715829283e-05,0.44557590278966286,0.8971913779430705,0.04379856964122734,74038,2,31242,38874,0.2900907068286839,,,,target_normal,RF +target normal,otids,all,all,262149,100000,0,362149,13.376216173171997,,,,
target_normal,42,test,0.9994742219973612,0.9991717742971605,0.9973710565848773,0.9999938144074821,6.18559251790729e-06,0.002628943415122684,0.9997989863995127,0.0016737646087228771,161665,1,105,39835,1.0,0.9958710497062093,0.9963788524985918,0.9975748930099857,target_normal,RF +target normal,test,all,all,262149,100000,0,362149,13.270529508590698,,,,
target_normal,42,variant_test,0.75,0.7333333333333334,0.5,1.0,0.0,0.5,0.9992141082700116,0.20051897050347178,32000,0,16000,16000,0.999875,1.0,0.000125,0.0,target_normal,RF +target normal,variant_test,all,all,262149,100000,0,362149,13.270529508590698,,,,
,42,,0.7372666666666666,0.7362286019497024,,1.0,0.0,,0.9767432526076161,,12000,0,7882,10118,,,,,target_normal,RF +target normal,variant_sensitivity,all,all,262149,100000,0,362149,13.270529508590698,0.5621111111111111,,,
target_normal,42,otids,0.7823746496850634,0.768497781135622,0.5525842888926921,0.9999864937871421,1.3506212857914641e-05,0.4474157111073079,0.8658557531228742,0.07758422166678851,74039,1,31371,38745,0.2925580466655257,,,,target_normal,RF +target normal,otids,all,all,262149,100000,0,362149,13.270529508590698,,,,
target_normal,123,test,0.9994643016576887,0.9991561633341759,0.9973710565848773,0.9999814432224463,1.8556777553721872e-05,0.002628943415122684,0.9997943518624358,0.0017736117557740282,161663,3,105,39835,1.0,0.9958710497062093,0.9964593224430676,0.9975035663338089,target_normal,RF +target normal,test,all,all,262149,100000,0,362149,13.17612075805664,,,,
target_normal,123,variant_test,0.749984375,0.7333144442175858,0.49996875,1.0,0.0,0.50003125,0.9992094198796244,0.19934524803049863,32000,0,16001,15999,0.99975,1.0,0.000125,0.0,target_normal,RF +target normal,variant_test,all,all,262149,100000,0,362149,13.17612075805664,,,,
,123,,0.7377,0.7366779708414473,,1.0,0.0,,0.9758314341770701,,12000,0,7869,10131,,,,,target_normal,RF +target normal,variant_sensitivity,all,all,262149,100000,0,362149,13.17612075805664,0.5628333333333333,,,
target_normal,123,otids,0.7804669940897361,0.7662557350795846,0.5488333618574933,0.9998244192328472,0.00017558076715289034,0.4511666381425067,0.8844854252856152,0.0625149248449396,74027,13,31634,38482,0.2892349820297792,,,,target_normal,RF +target normal,otids,all,all,262149,100000,0,362149,13.17612075805664,,,,
target_normal_target_synth,7,test,0.9994494211481801,0.9991326497108579,0.9972208312468703,1.0,0.0,0.0027791687531296947,0.9997589266668779,0.0017321360470391172,161666,0,111,39829,1.0,0.9955534381451485,0.9962179126096403,0.997432239657632,target_normal_target_synth,RF +target normal+synth,test,all,all,262149,100000,78645,440794,19.180089473724365,,,,
target_normal_target_synth,7,variant_test,0.75003125,0.7333711102037581,0.5000625,1.0,0.0,0.4999375,0.9994219207081965,0.20040710228681563,32000,0,15998,16002,1.0,1.0,0.0,0.0,target_normal_target_synth,RF +target normal+synth,variant_test,all,all,262149,100000,78645,440794,19.180089473724365,,,,
,7,,0.7622333333333333,0.7618937173156525,,1.0,0.0,,0.9752491825668569,,12000,0,7133,10867,,,,,target_normal_target_synth,RF +target normal+synth,variant_sensitivity,all,all,262149,100000,78645,440794,19.180089473724365,0.6037222222222223,,,
target_normal_target_synth,7,otids,0.7866131135714087,0.7736605646106661,0.5627103656797308,0.9986493787142086,0.001350621285791464,0.4372896343202693,0.7761605795443388,0.16258162285546165,73940,100,30661,39455,0.29258657082548917,,,,target_normal_target_synth,RF +target normal+synth,otids,all,all,262149,100000,78645,440794,19.180089473724365,,,,
target_normal_target_synth,42,test,0.9994494211481801,0.9991326660937301,0.9972458688032048,0.9999938144074821,6.18559251790729e-06,0.002754131196795193,0.9998072883210787,0.0016957152746355775,161665,1,110,39830,1.0,0.9952358265840877,0.9962179126096403,0.9975748930099857,target_normal_target_synth,RF +target normal+synth,test,all,all,262149,100000,78645,440794,19.262109994888306,,,,
target_normal_target_synth,42,variant_test,0.75003125,0.7333711102037581,0.5000625,1.0,0.0,0.4999375,0.9995793987088352,0.19422699644509703,32000,0,15998,16002,1.0,1.0,0.000125,0.0,target_normal_target_synth,RF +target normal+synth,variant_test,all,all,262149,100000,78645,440794,19.262109994888306,,,,
,42,,0.7492333333333333,0.7485853738707433,,1.0,0.0,,0.9750531269249048,,12000,0,7523,10477,,,,,target_normal_target_synth,RF +target normal+synth,variant_sensitivity,all,all,262149,100000,78645,440794,19.262109994888306,0.5820555555555555,,,
target_normal_target_synth,42,otids,0.7800438413940454,0.7669903557601245,0.5585601004050431,0.9897893030794165,0.010210696920583469,0.44143989959495694,0.7707810954701643,0.2194494427169609,73284,756,30952,39164,0.29258657082548917,,,,target_normal_target_synth,RF +target normal+synth,otids,all,all,262149,100000,78645,440794,19.262109994888306,,,,
target_normal_target_synth,123,test,0.9994444609783439,0.9991248605396515,0.9972458688032048,0.9999876288149642,1.237118503581458e-05,0.002754131196795193,0.9997789417289404,0.0016668541210482471,161664,2,110,39830,1.0,0.9955534381451485,0.9962983825541161,0.997432239657632,target_normal_target_synth,RF +target normal+synth,test,all,all,262149,100000,78645,440794,18.984522342681885,,,,
target_normal_target_synth,123,variant_test,0.75003125,0.7333711102037581,0.5000625,1.0,0.0,0.4999375,0.9994878760864762,0.19822146049514414,32000,0,15998,16002,1.0,1.0,0.0,0.0,target_normal_target_synth,RF +target normal+synth,variant_test,all,all,262149,100000,78645,440794,18.984522342681885,,,,
,123,,0.7789666666666667,0.7788688379948943,,1.0,0.0,,0.9758051593048644,,12000,0,6631,11369,,,,,target_normal_target_synth,RF +target normal+synth,variant_sensitivity,all,all,262149,100000,78645,440794,18.984522342681885,0.6316111111111111,,,
target_normal_target_synth,123,otids,0.7827908654513166,0.769768741842926,0.5602145016829254,0.9935710426796326,0.006428957320367369,0.4397854983170746,0.7569565973783494,0.27340725969659946,73564,476,30836,39280,0.29258657082548917,,,,target_normal_target_synth,RF +target normal+synth,otids,all,all,262149,100000,78645,440794,18.984522342681885,,,,
,7,,0.5966307945368401,0.44852119430047316,0.588132542224154,0.5972376266497703,0.40276237335022974,,,,2039760,1375564,100445,143432,,,,,source_real,RF source real,cantt_holdout,all,all,262149,0,0,262149,10.547799825668335,,3659201,3415324,243877
,7,,0.5834028828264914,0.4452110009615093,0.548507963888555,0.5863081346584538,0.41369186534154617,,,,996117,702848,63864,77587,,,,,source_real,RF source real,cantt_holdout,attack_axis,known_attack,262149,0,0,262149,10.547799825668335,,1840416,1698965,141451
,7,,0.6100160271829821,0.4514799701577733,0.6428543533868354,0.6080563565081664,0.3919436434918336,,,,1043643,672716,36581,65845,,,,,source_real,RF source real,cantt_holdout,attack_axis,unknown_attack,262149,0,0,262149,10.547799825668335,,1818785,1716359,102426
,7,,0.6551797291147756,0.48081972161508035,0.6275938149593377,0.6569493377127109,0.34305066228728903,,,,1123273,586559,40847,68837,,,,,source_real,RF source real,cantt_holdout,vehicle_axis,known_vehicle,262149,0,0,262149,10.547799825668335,,1819516,1709832,109684
,7,,0.5387237489026654,0.41653164684156413,0.555878473541839,0.5373739659875274,0.46262603401247265,,,,916487,789005,59598,74595,,,,,source_real,RF source real,cantt_holdout,vehicle_axis,unknown_vehicle,262149,0,0,262149,10.547799825668335,,1839685,1705492,134193
,42,,0.672705052277806,0.48972423292079215,0.5542548087765554,0.681163192716123,0.31883680728387703,,,,2326393,1088931,108707,135170,,,,,source_real,RF source real,cantt_holdout,all,all,262149,0,0,262149,10.424705982208252,,3659201,3415324,243877
,42,,0.650811012292873,0.4825345648050803,0.5240401269697634,0.6613655961129276,0.33863440388707244,,,,1123637,575328,67325,74126,,,,,source_real,RF source real,cantt_holdout,attack_axis,known_attack,262149,0,0,262149,10.424705982208252,,1840416,1698965,141451
,42,,0.6948594803673881,0.4964269401152743,0.5959814890750396,0.7007601556550814,0.2992398443449185,,,,1202756,513603,41382,61044,,,,,source_real,RF source real,cantt_holdout,attack_axis,unknown_attack,262149,0,0,262149,10.424705982208252,,1818785,1716359,102426
,42,,0.7303793975980426,0.5251956187334434,0.605512198679844,0.7383895025944069,0.26161049740559306,,,,1262522,447310,43269,66415,,,,,source_real,RF source real,cantt_holdout,vehicle_axis,known_vehicle,262149,0,0,262149,10.424705982208252,,1819516,1709832,109684
,42,,0.6156630075257449,0.456697869400817,0.5123590649288711,0.6237912578892191,0.3762087421107809,,,,1063871,641621,65438,68755,,,,,source_real,RF source real,cantt_holdout,vehicle_axis,unknown_vehicle,262149,0,0,262149,10.424705982208252,,1839685,1705492,134193
,123,,0.6101938647262066,0.45583619759157207,0.5821377169638793,0.6121972615189657,0.3878027384810343,,,,2090852,1324472,101907,141970,,,,,source_real,RF source real,cantt_holdout,all,all,262149,0,0,262149,10.483707666397095,,3659201,3415324,243877
,123,,0.5940939439778833,0.4516555233273911,0.5492361312397933,0.5978286780481058,0.40217132195189426,,,,1015690,683275,63761,77690,,,,,source_real,RF source real,cantt_holdout,attack_axis,known_attack,262149,0,0,262149,10.483707666397095,,1840416,1698965,141451
,123,,0.6264852635138293,0.45952461727128185,0.6275750297775955,0.6264202302665118,0.37357976973348817,,,,1075162,641197,38146,64280,,,,,source_real,RF source real,cantt_holdout,attack_axis,unknown_attack,262149,0,0,262149,10.483707666397095,,1818785,1716359,102426
,123,,0.6689515233721495,0.48944291841943544,0.6303562962692827,0.6714273683028508,0.3285726316971492,,,,1148028,561804,40544,69140,,,,,source_real,RF source real,cantt_holdout,vehicle_axis,known_vehicle,262149,0,0,262149,10.483707666397095,,1819516,1709832,109684
,123,,0.5520803833264933,0.4230531492857894,0.5427257755620636,0.5528164306839317,0.44718356931606834,,,,942824,762668,61363,72830,,,,,source_real,RF source real,cantt_holdout,vehicle_axis,unknown_vehicle,262149,0,0,262149,10.483707666397095,,1839685,1705492,134193
,7,,0.9333974821279291,0.4834510920660922,0.0006765705663100662,1.0,0.0,,,,3415324,0,243712,165,,,,,target_normal,RF +target normal,cantt_holdout,all,all,262149,100000,0,362149,13.376216173171997,,3659201,3415324,243877
,7,,0.9231956253368804,0.48073037754000303,0.0006998890075008307,1.0,0.0,,,,1698965,0,141352,99,,,,,target_normal,RF +target normal,cantt_holdout,attack_axis,known_attack,262149,100000,0,362149,13.376216173171997,,1840416,1698965,141451
,7,,0.9437206706675061,0.48616619577230885,0.0006443676410286451,1.0,0.0,,,,1716359,0,102360,66,,,,,target_normal,RF +target normal,cantt_holdout,attack_axis,unknown_attack,262149,100000,0,362149,13.376216173171997,,1818785,1716359,102426
,7,,0.939753209095166,0.48505309194667606,0.0005834944021005799,1.0,0.0,,,,1709832,0,109620,64,,,,,target_normal,RF +target normal,cantt_holdout,vehicle_axis,known_vehicle,262149,100000,0,362149,13.376216173171997,,1819516,1709832,109684
,7,,0.9271114348380294,0.4818396517325986,0.0007526473064913967,1.0,0.0,,,,1705492,0,134092,101,,,,,target_normal,RF +target normal,cantt_holdout,vehicle_axis,unknown_vehicle,262149,100000,0,362149,13.376216173171997,,1839685,1705492,134193
,42,,0.9334723618626033,0.4845905314777958,0.0018000877491522367,1.0,0.0,,,,3415324,0,243438,439,,,,,target_normal,RF +target normal,cantt_holdout,all,all,262149,100000,0,362149,13.270529508590698,,3659201,3415324,243877
,42,,0.9232189896197381,0.4810396846089175,0.0010038812026779591,1.0,0.0,,,,1698965,0,141309,142,,,,,target_normal,RF +target normal,cantt_holdout,attack_axis,known_attack,262149,100000,0,362149,13.270529508590698,,1840416,1698965,141451
,42,,0.9438476785326468,0.4884452423417726,0.0028996543846289027,1.0,0.0,,,,1716359,0,102129,297,,,,,target_normal,RF +target normal,cantt_holdout,attack_axis,unknown_attack,262149,100000,0,362149,13.270529508590698,,1818785,1716359,102426
,42,,0.9398466405351753,0.48662213477805044,0.002133401407680245,1.0,0.0,,,,1709832,0,109450,234,,,,,target_normal,RF +target normal,cantt_holdout,vehicle_axis,known_vehicle,262149,100000,0,362149,13.270529508590698,,1819516,1709832,109684
,42,,0.9271679662550926,0.48262700461829916,0.0015276504735716467,1.0,0.0,,,,1705492,0,133988,205,,,,,target_normal,RF +target normal,cantt_holdout,vehicle_axis,unknown_vehicle,262149,100000,0,362149,13.270529508590698,,1839685,1705492,134193
,123,,0.9334453067759875,0.48417912621823234,0.0013941454093661968,1.0,0.0,,,,3415324,0,243537,340,,,,,target_normal,RF +target normal,cantt_holdout,all,all,262149,100000,0,362149,13.17612075805664,,3659201,3415324,243877
,123,,0.9231907351381426,0.48066561553354936,0.0006362627340916643,1.0,0.0,,,,1698965,0,141361,90,,,,,target_normal,RF +target normal,cantt_holdout,attack_axis,known_attack,262149,100000,0,362149,13.17612075805664,,1840416,1698965,141451
,123,,0.9438218371055402,0.48798235929616157,0.002440786519047898,1.0,0.0,,,,1716359,0,102176,250,,,,,target_normal,RF +target normal,cantt_holdout,attack_axis,unknown_attack,262149,100000,0,362149,13.17612075805664,,1818785,1716359,102426
,123,,0.9398515869055287,0.48670506856359147,0.002215455307975639,1.0,0.0,,,,1709832,0,109441,243,,,,,target_normal,RF +target normal,cantt_holdout,vehicle_axis,known_vehicle,262149,100000,0,362149,13.17612075805664,,1819516,1709832,109684
,123,,0.9271092605527577,0.481809345028079,0.0007228394923729256,1.0,0.0,,,,1705492,0,134096,97,,,,,target_normal,RF +target normal,cantt_holdout,vehicle_axis,unknown_vehicle,262149,100000,0,362149,13.17612075805664,,1839685,1705492,134193
,7,,0.9401210810775358,0.5912661992497821,0.12205743059001053,0.9985363028515011,0.0014636971484989418,,,,3410325,4999,214110,29767,,,,,target_normal_target_synth,RF +target normal+synth,cantt_holdout,all,all,262149,100000,78645,440794,19.180089473724365,,3659201,3415324,243877
,7,,0.9274495548832438,0.5480565180645919,0.07301468352998565,0.9985873752549346,0.001412624745065378,,,,1696565,2400,131123,10328,,,,,target_normal_target_synth,RF +target normal+synth,cantt_holdout,attack_axis,known_attack,262149,100000,78645,440794,19.180089473724365,,1840416,1698965,141451
,7,,0.9529433110565569,0.6440007482026175,0.18978579657508834,0.9984857480282389,0.0015142519717611525,,,,1713760,2599,82987,19439,,,,,target_normal_target_synth,RF +target normal+synth,cantt_holdout,attack_axis,unknown_attack,262149,100000,78645,440794,19.180089473724365,,1818785,1716359,102426
,7,,0.944582515350236,0.5773852349142998,0.10326939207176981,0.9985519045145956,0.001448095485404414,,,,1707356,2476,98357,11327,,,,,target_normal_target_synth,RF +target normal+synth,cantt_holdout,vehicle_axis,known_vehicle,262149,100000,78645,440794,19.180089473724365,,1819516,1709832,109684
,7,,0.9357085588021863,0.6020676477678274,0.13741402308615203,0.9985206614865387,0.0014793385134612182,,,,1702969,2523,115753,18440,,,,,target_normal_target_synth,RF +target normal+synth,cantt_holdout,vehicle_axis,unknown_vehicle,262149,100000,78645,440794,19.180089473724365,,1839685,1705492,134193
,42,,0.9394764048217084,0.5834429739391838,0.11233531657351861,0.9985398164273727,0.00146018357262737,,,,3410337,4987,216481,27396,,,,,target_normal_target_synth,RF +target normal+synth,cantt_holdout,all,all,262149,100000,78645,440794,19.262109994888306,,3659201,3415324,243877
,42,,0.9268458870168483,0.5412018236312761,0.065245208588133,0.9985803121312093,0.001419687868790705,,,,1696553,2412,132222,9229,,,,,target_normal_target_synth,RF +target normal+synth,cantt_holdout,attack_axis,known_attack,262149,100000,78645,440794,19.262109994888306,,1840416,1698965,141451
,42,,0.9522571386942382,0.635143704575507,0.17736707476617264,0.9984997311168584,0.0015002688831415806,,,,1713784,2575,84259,18167,,,,,target_normal_target_synth,RF +target normal+synth,cantt_holdout,attack_axis,unknown_attack,262149,100000,78645,440794,19.262109994888306,,1818785,1716359,102426
,42,,0.9441653714504297,0.5716497956891132,0.09633127894679261,0.9985530742201573,0.001446925779842698,,,,1707358,2474,99118,10566,,,,,target_normal_target_synth,RF +target normal+synth,cantt_holdout,vehicle_axis,known_vehicle,262149,100000,78645,440794,19.262109994888306,,1819516,1709832,109684
,42,,0.9348388446935209,0.5926163199327774,0.1254163779034674,0.9985265248972144,0.0014734751027855892,,,,1702979,2513,117363,16830,,,,,target_normal_target_synth,RF +target normal+synth,cantt_holdout,vehicle_axis,unknown_vehicle,262149,100000,78645,440794,19.262109994888306,,1839685,1705492,134193
,123,,0.9393088819116523,0.5817066065175479,0.11025639974249314,0.9985087798405071,0.0014912201594929207,,,,3410231,5093,216988,26889,,,,,target_normal_target_synth,RF +target normal+synth,cantt_holdout,all,all,262149,100000,78645,440794,18.984522342681885,,3659201,3415324,243877
,123,,0.9270387781892789,0.5436347630284263,0.06801648627439891,0.9985585341663895,0.0014414658336104628,,,,1696516,2449,131830,9621,,,,,target_normal_target_synth,RF +target normal+synth,cantt_holdout,attack_axis,known_attack,262149,100000,78645,440794,18.984522342681885,,1840416,1698965,141451
,123,,0.9517249152593628,0.6286611372496034,0.16859000644367642,0.9984595297370772,0.00154047026292285,,,,1713715,2644,85158,17268,,,,,target_normal_target_synth,RF +target normal+synth,cantt_holdout,attack_axis,unknown_attack,262149,100000,78645,440794,18.984522342681885,,1818785,1716359,102426
,123,,0.9443505855403305,0.574725924262948,0.10012399256044638,0.9985068708504695,0.0014931291495304802,,,,1707279,2553,98702,10982,,,,,target_normal_target_synth,RF +target normal+synth,cantt_holdout,vehicle_axis,known_vehicle,262149,100000,78645,440794,18.984522342681885,,1819516,1709832,109684
,123,,0.9343224519415009,0.5870824935689858,0.11853822479563017,0.9985106936883902,0.0014893063116097876,,,,1702952,2540,118286,15907,,,,,target_normal_target_synth,RF +target normal+synth,cantt_holdout,vehicle_axis,unknown_vehicle,262149,100000,78645,440794,18.984522342681885,,1839685,1705492,134193
,7,,0.05580985401672883,0.05287360804017061,1.0,6.923375541197793e-05,0.999930766244588,,,,56,808798,0,47751,,,,,source_real,RF source real,road,all,all,262149,0,0,262149,10.547799825668335,,856605,808854,47751
,7,,7.420855253567973e-05,7.420304603503973e-05,,7.420855253567973e-05,0.9999257914474643,,,,56,754574,0,0,,,,,source_real,RF source real,road,axis,ambient,262149,0,0,262149,10.547799825668335,,754630,754630,0
,7,,0.7114585065691003,0.4157030414925663,1.0,0.0,1.0,,,,0,1735,0,4278,,,,,source_real,RF source real,road,axis,correlated_signal|fabrication,262149,0,0,262149,10.547799825668335,,6013,1735,4278
,7,,0.7027906180448553,0.41272873516991754,1.0,0.0,1.0,,,,0,1736,0,4105,,,,,source_real,RF source real,road,axis,correlated_signal|masquerade,262149,0,0,262149,10.547799825668335,,5841,1736,4105
,7,,0.16412859560067683,0.14098837209302326,1.0,0.0,1.0,,,,0,2470,0,485,,,,,source_real,RF source real,road,axis,fuzzing|fabrication,262149,0,0,262149,10.547799825668335,,2955,2470,485
,7,,0.08902691511387163,0.0817490494296578,1.0,0.0,1.0,,,,0,1760,0,172,,,,,source_real,RF source real,road,axis,max_engine_coolant_temp|fabrication,262149,0,0,262149,10.547799825668335,,1932,1760,172
,7,,0.08911917098445596,0.0818268315889629,1.0,0.0,1.0,,,,0,1758,0,172,,,,,source_real,RF source real,road,axis,max_engine_coolant_temp|masquerade,262149,0,0,262149,10.547799825668335,,1930,1758,172
,7,,0.510032977474708,0.33776280722534796,1.0,0.0,1.0,,,,0,8766,0,9125,,,,,source_real,RF source real,road,axis,max_speedometer|fabrication,262149,0,0,262149,10.547799825668335,,17891,8766,9125
,7,,0.49977176765947734,0.3332318813011223,1.0,0.0,1.0,,,,0,8767,0,8759,,,,,source_real,RF source real,road,axis,max_speedometer|masquerade,262149,0,0,262149,10.547799825668335,,17526,8767,8759
,7,,0.4439019322667775,0.3074321893661415,1.0,0.0,1.0,,,,0,5353,0,4273,,,,,source_real,RF source real,road,axis,reverse_light_off|fabrication,262149,0,0,262149,10.547799825668335,,9626,5353,4273
,7,,0.4338445267054469,0.30257431585158956,1.0,0.0,1.0,,,,0,5353,0,4102,,,,,source_real,RF source real,road,axis,reverse_light_off|masquerade,262149,0,0,262149,10.547799825668335,,9455,5353,4102
,7,,0.4312362334801762,0.3013033232337806,1.0,0.0,1.0,,,,0,8263,0,6265,,,,,source_real,RF source real,road,axis,reverse_light_on|fabrication,262149,0,0,262149,10.547799825668335,,14528,8263,6265
,7,,0.421277489844516,0.29640762824619327,1.0,0.0,1.0,,,,0,8263,0,6015,,,,,source_real,RF source real,road,axis,reverse_light_on|masquerade,262149,0,0,262149,10.547799825668335,,14278,8263,6015
,42,,0.055783003834906406,0.05284383288191028,1.0,4.0798463010629855e-05,0.9999592015369894,,,,33,808821,0,47751,,,,,source_real,RF source real,road,all,all,262149,0,0,262149,10.424705982208252,,856605,808854,47751
,42,,4.3730039887096985e-05,4.372812765433048e-05,,4.3730039887096985e-05,0.9999562699601129,,,,33,754597,0,0,,,,,source_real,RF source real,road,axis,ambient,262149,0,0,262149,10.424705982208252,,754630,754630,0
,42,,0.7114585065691003,0.4157030414925663,1.0,0.0,1.0,,,,0,1735,0,4278,,,,,source_real,RF source real,road,axis,correlated_signal|fabrication,262149,0,0,262149,10.424705982208252,,6013,1735,4278
,42,,0.7027906180448553,0.41272873516991754,1.0,0.0,1.0,,,,0,1736,0,4105,,,,,source_real,RF source real,road,axis,correlated_signal|masquerade,262149,0,0,262149,10.424705982208252,,5841,1736,4105
,42,,0.16412859560067683,0.14098837209302326,1.0,0.0,1.0,,,,0,2470,0,485,,,,,source_real,RF source real,road,axis,fuzzing|fabrication,262149,0,0,262149,10.424705982208252,,2955,2470,485
,42,,0.08902691511387163,0.0817490494296578,1.0,0.0,1.0,,,,0,1760,0,172,,,,,source_real,RF source real,road,axis,max_engine_coolant_temp|fabrication,262149,0,0,262149,10.424705982208252,,1932,1760,172
,42,,0.08911917098445596,0.0818268315889629,1.0,0.0,1.0,,,,0,1758,0,172,,,,,source_real,RF source real,road,axis,max_engine_coolant_temp|masquerade,262149,0,0,262149,10.424705982208252,,1930,1758,172
,42,,0.510032977474708,0.33776280722534796,1.0,0.0,1.0,,,,0,8766,0,9125,,,,,source_real,RF source real,road,axis,max_speedometer|fabrication,262149,0,0,262149,10.424705982208252,,17891,8766,9125
,42,,0.49977176765947734,0.3332318813011223,1.0,0.0,1.0,,,,0,8767,0,8759,,,,,source_real,RF source real,road,axis,max_speedometer|masquerade,262149,0,0,262149,10.424705982208252,,17526,8767,8759
,42,,0.4439019322667775,0.3074321893661415,1.0,0.0,1.0,,,,0,5353,0,4273,,,,,source_real,RF source real,road,axis,reverse_light_off|fabrication,262149,0,0,262149,10.424705982208252,,9626,5353,4273
,42,,0.4338445267054469,0.30257431585158956,1.0,0.0,1.0,,,,0,5353,0,4102,,,,,source_real,RF source real,road,axis,reverse_light_off|masquerade,262149,0,0,262149,10.424705982208252,,9455,5353,4102
,42,,0.4312362334801762,0.3013033232337806,1.0,0.0,1.0,,,,0,8263,0,6265,,,,,source_real,RF source real,road,axis,reverse_light_on|fabrication,262149,0,0,262149,10.424705982208252,,14528,8263,6265
,42,,0.421277489844516,0.29640762824619327,1.0,0.0,1.0,,,,0,8263,0,6015,,,,,source_real,RF source real,road,axis,reverse_light_on|masquerade,262149,0,0,262149,10.424705982208252,,14278,8263,6015
,123,,0.055976792103711745,0.05305869711309996,1.0,0.0002460270951247073,0.9997539729048753,,,,199,808655,0,47751,,,,,source_real,RF source real,road,all,all,262149,0,0,262149,10.483707666397095,,856605,808854,47751
,123,,0.00026370539204643333,0.0002636358698460181,,0.00026370539204643333,0.9997362946079535,,,,199,754431,0,0,,,,,source_real,RF source real,road,axis,ambient,262149,0,0,262149,10.483707666397095,,754630,754630,0
,123,,0.7114585065691003,0.4157030414925663,1.0,0.0,1.0,,,,0,1735,0,4278,,,,,source_real,RF source real,road,axis,correlated_signal|fabrication,262149,0,0,262149,10.483707666397095,,6013,1735,4278
,123,,0.7027906180448553,0.41272873516991754,1.0,0.0,1.0,,,,0,1736,0,4105,,,,,source_real,RF source real,road,axis,correlated_signal|masquerade,262149,0,0,262149,10.483707666397095,,5841,1736,4105
,123,,0.16412859560067683,0.14098837209302326,1.0,0.0,1.0,,,,0,2470,0,485,,,,,source_real,RF source real,road,axis,fuzzing|fabrication,262149,0,0,262149,10.483707666397095,,2955,2470,485
,123,,0.08902691511387163,0.0817490494296578,1.0,0.0,1.0,,,,0,1760,0,172,,,,,source_real,RF source real,road,axis,max_engine_coolant_temp|fabrication,262149,0,0,262149,10.483707666397095,,1932,1760,172
,123,,0.08911917098445596,0.0818268315889629,1.0,0.0,1.0,,,,0,1758,0,172,,,,,source_real,RF source real,road,axis,max_engine_coolant_temp|masquerade,262149,0,0,262149,10.483707666397095,,1930,1758,172
,123,,0.510032977474708,0.33776280722534796,1.0,0.0,1.0,,,,0,8766,0,9125,,,,,source_real,RF source real,road,axis,max_speedometer|fabrication,262149,0,0,262149,10.483707666397095,,17891,8766,9125
,123,,0.49977176765947734,0.3332318813011223,1.0,0.0,1.0,,,,0,8767,0,8759,,,,,source_real,RF source real,road,axis,max_speedometer|masquerade,262149,0,0,262149,10.483707666397095,,17526,8767,8759
,123,,0.4439019322667775,0.3074321893661415,1.0,0.0,1.0,,,,0,5353,0,4273,,,,,source_real,RF source real,road,axis,reverse_light_off|fabrication,262149,0,0,262149,10.483707666397095,,9626,5353,4273
,123,,0.4338445267054469,0.30257431585158956,1.0,0.0,1.0,,,,0,5353,0,4102,,,,,source_real,RF source real,road,axis,reverse_light_off|masquerade,262149,0,0,262149,10.483707666397095,,9455,5353,4102
,123,,0.4312362334801762,0.3013033232337806,1.0,0.0,1.0,,,,0,8263,0,6265,,,,,source_real,RF source real,road,axis,reverse_light_on|fabrication,262149,0,0,262149,10.483707666397095,,14528,8263,6265
,123,,0.421277489844516,0.29640762824619327,1.0,0.0,1.0,,,,0,8263,0,6015,,,,,source_real,RF source real,road,axis,reverse_light_on|masquerade,262149,0,0,262149,10.483707666397095,,14278,8263,6015
,7,,0.11297972811272407,0.11296854891470651,0.9815291826349186,0.06170458451092534,0.9382954154890747,,,,49910,758944,882,46869,,,,,target_normal,RF +target normal,road,all,all,262149,100000,0,362149,13.376216173171997,,856605,808854,47751
,7,,0.05967560261320117,0.05631497268224239,,0.05967560261320117,0.9403243973867988,,,,45033,709597,0,0,,,,,target_normal,RF +target normal,road,axis,ambient,262149,100000,0,362149,13.376216173171997,,754630,754630,0
,7,,0.7111258938965574,0.4668757291832397,0.9754558204768583,0.05936599423631124,0.9406340057636887,,,,103,1632,105,4173,,,,,target_normal,RF +target normal,road,axis,correlated_signal|fabrication,262149,100000,0,362149,13.376216173171997,,6013,1735,4278
,7,,0.7063858928265708,0.46710414496098895,0.9792935444579781,0.06105990783410138,0.9389400921658986,,,,106,1630,85,4020,,,,,target_normal,RF +target normal,road,axis,correlated_signal|masquerade,262149,100000,0,362149,13.376216173171997,,5841,1736,4105
,7,,0.23214890016920472,0.22499028766429915,1.0,0.08137651821862348,0.9186234817813765,,,,201,2269,0,485,,,,,target_normal,RF +target normal,road,axis,fuzzing|fabrication,262149,100000,0,362149,13.376216173171997,,2955,2470,485
,7,,0.09109730848861283,0.08417233560090703,1.0,0.0022727272727272726,0.9977272727272727,,,,4,1756,0,172,,,,,target_normal,RF +target normal,road,axis,max_engine_coolant_temp|fabrication,262149,100000,0,362149,13.376216173171997,,1932,1760,172
,7,,0.09119170984455958,0.084252988360354,1.0,0.0022753128555176336,0.9977246871444824,,,,4,1754,0,172,,,,,target_normal,RF +target normal,road,axis,max_engine_coolant_temp|masquerade,262149,100000,0,362149,13.376216173171997,,1930,1758,172
,7,,0.5449667430551675,0.43138953526651075,0.9723835616438357,0.1000456308464522,0.8999543691535478,,,,877,7889,252,8873,,,,,target_normal,RF +target normal,road,axis,max_speedometer|fabrication,262149,100000,0,362149,13.376216173171997,,17891,8766,9125
,7,,0.5313819468218647,0.42484281597755635,0.9622102979792214,0.10094673206341964,0.8990532679365804,,,,885,7882,331,8428,,,,,target_normal,RF +target normal,road,axis,max_speedometer|masquerade,262149,100000,0,362149,13.376216173171997,,17526,8767,8759
,7,,0.4648867650114274,0.34832976033238866,1.0,0.03773584905660377,0.9622641509433962,,,,202,5151,0,4273,,,,,target_normal,RF +target normal,road,axis,reverse_light_off|fabrication,262149,100000,0,362149,13.376216173171997,,9626,5353,4273
,7,,0.4538339502908514,0.3410945672280402,0.999756216479766,0.03549411544928078,0.9645058845507192,,,,190,5163,1,4101,,,,,target_normal,RF +target normal,road,axis,reverse_light_off|masquerade,262149,100000,0,362149,13.376216173171997,,9455,5353,4102
,7,,0.5085352422907489,0.44007370887688274,0.9950518754988029,0.13965871959336804,0.8603412804066319,,,,1154,7109,31,6234,,,,,target_normal,RF +target normal,road,axis,reverse_light_on|fabrication,262149,100000,0,362149,13.376216173171997,,14528,8263,6265
,7,,0.49649810897884855,0.4327335767707163,0.9871986699916875,0.13929565533099358,0.8607043446690064,,,,1151,7112,77,5938,,,,,target_normal,RF +target normal,road,axis,reverse_light_on|masquerade,262149,100000,0,362149,13.376216173171997,,14278,8263,6015
,42,,0.056484610759918515,0.05362501869175675,0.9996858704529749,0.0008023697725423871,0.9991976302274577,,,,649,808205,15,47736,,,,,target_normal,RF +target normal,road,all,all,262149,100000,0,362149,13.270529508590698,,856605,808854,47751
,42,,0.0008255701469594371,0.0008248891431083359,,0.0008255701469594371,0.9991744298530406,,,,623,754007,0,0,,,,,target_normal,RF +target normal,road,axis,ambient,262149,100000,0,362149,13.270529508590698,,754630,754630,0
,42,,0.7114585065691003,0.4157030414925663,1.0,0.0,1.0,,,,0,1735,0,4278,,,,,target_normal,RF +target normal,road,axis,correlated_signal|fabrication,262149,100000,0,362149,13.270529508590698,,6013,1735,4278
,42,,0.7027906180448553,0.41272873516991754,1.0,0.0,1.0,,,,0,1736,0,4105,,,,,target_normal,RF +target normal,road,axis,correlated_signal|masquerade,262149,100000,0,362149,13.270529508590698,,5841,1736,4105
,42,,0.16717428087986463,0.144988700772881,1.0,0.0036437246963562753,0.9963562753036437,,,,9,2461,0,485,,,,,target_normal,RF +target normal,road,axis,fuzzing|fabrication,262149,100000,0,362149,13.270529508590698,,2955,2470,485
,42,,0.08902691511387163,0.0817490494296578,1.0,0.0,1.0,,,,0,1760,0,172,,,,,target_normal,RF +target normal,road,axis,max_engine_coolant_temp|fabrication,262149,100000,0,362149,13.270529508590698,,1932,1760,172
,42,,0.08911917098445596,0.0818268315889629,1.0,0.0,1.0,,,,0,1758,0,172,,,,,target_normal,RF +target normal,road,axis,max_engine_coolant_temp|masquerade,262149,100000,0,362149,13.270529508590698,,1930,1758,172
,42,,0.509809401374993,0.3382758082610053,0.9989041095890411,0.0006844626967830253,0.999315537303217,,,,6,8760,10,9115,,,,,target_normal,RF +target normal,road,axis,max_speedometer|fabrication,262149,100000,0,362149,13.270529508590698,,17891,8766,9125
,42,,0.4998858838297387,0.333991130405012,0.9994291585797466,0.0007984487281852401,0.9992015512718148,,,,7,8760,5,8754,,,,,target_normal,RF +target normal,road,axis,max_speedometer|masquerade,262149,100000,0,362149,13.270529508590698,,17526,8767,8759
,42,,0.4439019322667775,0.3074321893661415,1.0,0.0,1.0,,,,0,5353,0,4273,,,,,target_normal,RF +target normal,road,axis,reverse_light_off|fabrication,262149,100000,0,362149,13.270529508590698,,9626,5353,4273
,42,,0.4338445267054469,0.30257431585158956,1.0,0.0,1.0,,,,0,5353,0,4102,,,,,target_normal,RF +target normal,road,axis,reverse_light_off|masquerade,262149,100000,0,362149,13.270529508590698,,9455,5353,4102
,42,,0.4313738986784141,0.301574291519351,1.0,0.00024204284158296018,0.9997579571584171,,,,2,8261,0,6265,,,,,target_normal,RF +target normal,road,axis,reverse_light_on|fabrication,262149,100000,0,362149,13.270529508590698,,14528,8263,6265
,42,,0.4214175654853621,0.29667882819197255,1.0,0.00024204284158296018,0.9997579571584171,,,,2,8261,0,6015,,,,,target_normal,RF +target normal,road,axis,reverse_light_on|masquerade,262149,100000,0,362149,13.270529508590698,,14278,8263,6015
,123,,0.14736663923278523,0.14609095693081178,0.9751209398756047,0.09849985287826975,0.9015001471217302,,,,79672,729182,1188,46563,,,,,target_normal,RF +target normal,road,all,all,262149,100000,0,362149,13.17612075805664,,856605,808854,47751
,123,,0.09453109470866518,0.08636675117377712,,0.09453109470866518,0.9054689052913348,,,,71336,683294,0,0,,,,,target_normal,RF +target normal,road,axis,ambient,262149,100000,0,362149,13.17612075805664,,754630,754630,0
,123,,0.719441210710128,0.5160745767353083,0.9611968209443665,0.12334293948126801,0.8766570605187319,,,,214,1521,166,4112,,,,,target_normal,RF +target normal,road,axis,correlated_signal|fabrication,262149,100000,0,362149,13.17612075805664,,6013,1735,4278
,123,,0.7111795925355248,0.5126553114087004,0.9600487210718636,0.12269585253456221,0.8773041474654378,,,,213,1523,164,3941,,,,,target_normal,RF +target normal,road,axis,correlated_signal|masquerade,262149,100000,0,362149,13.17612075805664,,5841,1736,4105
,123,,0.25245346869712354,0.24813308777888213,1.0,0.10566801619433198,0.894331983805668,,,,261,2209,0,485,,,,,target_normal,RF +target normal,road,axis,fuzzing|fabrication,262149,100000,0,362149,13.17612075805664,,2955,2470,485
,123,,0.09161490683229814,0.08477664394349393,1.0,0.002840909090909091,0.9971590909090909,,,,5,1755,0,172,,,,,target_normal,RF +target normal,road,axis,max_engine_coolant_temp|fabrication,262149,100000,0,362149,13.17612075805664,,1932,1760,172
,123,,0.09170984455958549,0.08485801097156595,1.0,0.002844141069397042,0.997155858930603,,,,5,1753,0,172,,,,,target_normal,RF +target normal,road,axis,max_engine_coolant_temp|masquerade,262149,100000,0,362149,13.17612075805664,,1930,1758,172
,123,,0.5731932256441786,0.4807471426886032,0.9755616438356164,0.1543463381245722,0.8456536618754278,,,,1353,7413,223,8902,,,,,target_normal,RF +target normal,road,axis,max_speedometer|fabrication,262149,100000,0,362149,13.17612075805664,,17891,8766,9125
,123,,0.563505648750428,0.4767606451154156,0.9711154241351753,0.15626782251625412,0.8437321774837458,,,,1370,7397,253,8506,,,,,target_normal,RF +target normal,road,axis,max_speedometer|masquerade,262149,100000,0,362149,13.17612075805664,,17526,8767,8759
,123,,0.4634323706627883,0.34557647593474133,1.0,0.03512049318139361,0.9648795068186063,,,,188,5165,0,4273,,,,,target_normal,RF +target normal,road,axis,reverse_light_off|fabrication,262149,100000,0,362149,13.17612075805664,,9626,5353,4273
,123,,0.4537281861448969,0.34075812550641976,1.0,0.03512049318139361,0.9648795068186063,,,,188,5165,0,4102,,,,,target_normal,RF +target normal,road,axis,reverse_light_off|masquerade,262149,100000,0,362149,13.17612075805664,,9455,5353,4102
,123,,0.5786068281938326,0.5468135444538471,0.9779728651237031,0.2758078179837831,0.7241921820162168,,,,2279,5984,138,6127,,,,,target_normal,RF +target normal,road,axis,reverse_light_on|fabrication,262149,100000,0,362149,13.17612075805664,,14528,8263,6265
,123,,0.5624737358173414,0.5343145859571798,0.9594347464671654,0.273508410988745,0.726491589011255,,,,2260,6003,244,5771,,,,,target_normal,RF +target normal,road,axis,reverse_light_on|masquerade,262149,100000,0,362149,13.17612075805664,,14278,8263,6015
,7,,0.0557549862538743,0.05281276150046693,1.0,1.1126853548353597e-05,0.9999888731464517,,,,9,808845,0,47751,,,,,target_normal_target_synth,RF +target normal+synth,road,all,all,262149,100000,78645,440794,19.180089473724365,,856605,808854,47751
,7,,1.1926374514662815e-05,1.192623227795012e-05,,1.1926374514662815e-05,0.9999880736254854,,,,9,754621,0,0,,,,,target_normal_target_synth,RF +target normal+synth,road,axis,ambient,262149,100000,78645,440794,19.180089473724365,,754630,754630,0
,7,,0.7114585065691003,0.4157030414925663,1.0,0.0,1.0,,,,0,1735,0,4278,,,,,target_normal_target_synth,RF +target normal+synth,road,axis,correlated_signal|fabrication,262149,100000,78645,440794,19.180089473724365,,6013,1735,4278
,7,,0.7027906180448553,0.41272873516991754,1.0,0.0,1.0,,,,0,1736,0,4105,,,,,target_normal_target_synth,RF +target normal+synth,road,axis,correlated_signal|masquerade,262149,100000,78645,440794,19.180089473724365,,5841,1736,4105
,7,,0.16412859560067683,0.14098837209302326,1.0,0.0,1.0,,,,0,2470,0,485,,,,,target_normal_target_synth,RF +target normal+synth,road,axis,fuzzing|fabrication,262149,100000,78645,440794,19.180089473724365,,2955,2470,485
,7,,0.08902691511387163,0.0817490494296578,1.0,0.0,1.0,,,,0,1760,0,172,,,,,target_normal_target_synth,RF +target normal+synth,road,axis,max_engine_coolant_temp|fabrication,262149,100000,78645,440794,19.180089473724365,,1932,1760,172
,7,,0.08911917098445596,0.0818268315889629,1.0,0.0,1.0,,,,0,1758,0,172,,,,,target_normal_target_synth,RF +target normal+synth,road,axis,max_engine_coolant_temp|masquerade,262149,100000,78645,440794,19.180089473724365,,1930,1758,172
,7,,0.510032977474708,0.33776280722534796,1.0,0.0,1.0,,,,0,8766,0,9125,,,,,target_normal_target_synth,RF +target normal+synth,road,axis,max_speedometer|fabrication,262149,100000,78645,440794,19.180089473724365,,17891,8766,9125
,7,,0.49977176765947734,0.3332318813011223,1.0,0.0,1.0,,,,0,8767,0,8759,,,,,target_normal_target_synth,RF +target normal+synth,road,axis,max_speedometer|masquerade,262149,100000,78645,440794,19.180089473724365,,17526,8767,8759
,7,,0.4439019322667775,0.3074321893661415,1.0,0.0,1.0,,,,0,5353,0,4273,,,,,target_normal_target_synth,RF +target normal+synth,road,axis,reverse_light_off|fabrication,262149,100000,78645,440794,19.180089473724365,,9626,5353,4273
,7,,0.4338445267054469,0.30257431585158956,1.0,0.0,1.0,,,,0,5353,0,4102,,,,,target_normal_target_synth,RF +target normal+synth,road,axis,reverse_light_off|masquerade,262149,100000,78645,440794,19.180089473724365,,9455,5353,4102
,7,,0.4312362334801762,0.3013033232337806,1.0,0.0,1.0,,,,0,8263,0,6265,,,,,target_normal_target_synth,RF +target normal+synth,road,axis,reverse_light_on|fabrication,262149,100000,78645,440794,19.180089473724365,,14528,8263,6265
,7,,0.421277489844516,0.29640762824619327,1.0,0.0,1.0,,,,0,8263,0,6015,,,,,target_normal_target_synth,RF +target normal+synth,road,axis,reverse_light_on|masquerade,262149,100000,78645,440794,19.180089473724365,,14278,8263,6015
,42,,0.0557549862538743,0.05281276150046693,1.0,1.1126853548353597e-05,0.9999888731464517,,,,9,808845,0,47751,,,,,target_normal_target_synth,RF +target normal+synth,road,all,all,262149,100000,78645,440794,19.262109994888306,,856605,808854,47751
,42,,1.1926374514662815e-05,1.192623227795012e-05,,1.1926374514662815e-05,0.9999880736254854,,,,9,754621,0,0,,,,,target_normal_target_synth,RF +target normal+synth,road,axis,ambient,262149,100000,78645,440794,19.262109994888306,,754630,754630,0
,42,,0.7114585065691003,0.4157030414925663,1.0,0.0,1.0,,,,0,1735,0,4278,,,,,target_normal_target_synth,RF +target normal+synth,road,axis,correlated_signal|fabrication,262149,100000,78645,440794,19.262109994888306,,6013,1735,4278
,42,,0.7027906180448553,0.41272873516991754,1.0,0.0,1.0,,,,0,1736,0,4105,,,,,target_normal_target_synth,RF +target normal+synth,road,axis,correlated_signal|masquerade,262149,100000,78645,440794,19.262109994888306,,5841,1736,4105
,42,,0.16412859560067683,0.14098837209302326,1.0,0.0,1.0,,,,0,2470,0,485,,,,,target_normal_target_synth,RF +target normal+synth,road,axis,fuzzing|fabrication,262149,100000,78645,440794,19.262109994888306,,2955,2470,485
,42,,0.08902691511387163,0.0817490494296578,1.0,0.0,1.0,,,,0,1760,0,172,,,,,target_normal_target_synth,RF +target normal+synth,road,axis,max_engine_coolant_temp|fabrication,262149,100000,78645,440794,19.262109994888306,,1932,1760,172
,42,,0.08911917098445596,0.0818268315889629,1.0,0.0,1.0,,,,0,1758,0,172,,,,,target_normal_target_synth,RF +target normal+synth,road,axis,max_engine_coolant_temp|masquerade,262149,100000,78645,440794,19.262109994888306,,1930,1758,172
,42,,0.510032977474708,0.33776280722534796,1.0,0.0,1.0,,,,0,8766,0,9125,,,,,target_normal_target_synth,RF +target normal+synth,road,axis,max_speedometer|fabrication,262149,100000,78645,440794,19.262109994888306,,17891,8766,9125
,42,,0.49977176765947734,0.3332318813011223,1.0,0.0,1.0,,,,0,8767,0,8759,,,,,target_normal_target_synth,RF +target normal+synth,road,axis,max_speedometer|masquerade,262149,100000,78645,440794,19.262109994888306,,17526,8767,8759
,42,,0.4439019322667775,0.3074321893661415,1.0,0.0,1.0,,,,0,5353,0,4273,,,,,target_normal_target_synth,RF +target normal+synth,road,axis,reverse_light_off|fabrication,262149,100000,78645,440794,19.262109994888306,,9626,5353,4273
,42,,0.4338445267054469,0.30257431585158956,1.0,0.0,1.0,,,,0,5353,0,4102,,,,,target_normal_target_synth,RF +target normal+synth,road,axis,reverse_light_off|masquerade,262149,100000,78645,440794,19.262109994888306,,9455,5353,4102
,42,,0.4312362334801762,0.3013033232337806,1.0,0.0,1.0,,,,0,8263,0,6265,,,,,target_normal_target_synth,RF +target normal+synth,road,axis,reverse_light_on|fabrication,262149,100000,78645,440794,19.262109994888306,,14528,8263,6265
,42,,0.421277489844516,0.29640762824619327,1.0,0.0,1.0,,,,0,8263,0,6015,,,,,target_normal_target_synth,RF +target normal+synth,road,axis,reverse_light_on|masquerade,262149,100000,78645,440794,19.262109994888306,,14278,8263,6015
,123,,0.05579584522621278,0.05285807336819429,1.0,5.4397950680839804e-05,0.9999456020493191,,,,44,808810,0,47751,,,,,target_normal_target_synth,RF +target normal+synth,road,all,all,262149,100000,78645,440794,18.984522342681885,,856605,808854,47751
,123,,5.5656414401759805e-05,5.565331693768949e-05,,5.5656414401759805e-05,0.9999443435855982,,,,42,754588,0,0,,,,,target_normal_target_synth,RF +target normal+synth,road,axis,ambient,262149,100000,78645,440794,18.984522342681885,,754630,754630,0
,123,,0.7114585065691003,0.4157030414925663,1.0,0.0,1.0,,,,0,1735,0,4278,,,,,target_normal_target_synth,RF +target normal+synth,road,axis,correlated_signal|fabrication,262149,100000,78645,440794,18.984522342681885,,6013,1735,4278
,123,,0.7027906180448553,0.41272873516991754,1.0,0.0,1.0,,,,0,1736,0,4105,,,,,target_normal_target_synth,RF +target normal+synth,road,axis,correlated_signal|masquerade,262149,100000,78645,440794,18.984522342681885,,5841,1736,4105
,123,,0.16412859560067683,0.14098837209302326,1.0,0.0,1.0,,,,0,2470,0,485,,,,,target_normal_target_synth,RF +target normal+synth,road,axis,fuzzing|fabrication,262149,100000,78645,440794,18.984522342681885,,2955,2470,485
,123,,0.08902691511387163,0.0817490494296578,1.0,0.0,1.0,,,,0,1760,0,172,,,,,target_normal_target_synth,RF +target normal+synth,road,axis,max_engine_coolant_temp|fabrication,262149,100000,78645,440794,18.984522342681885,,1932,1760,172
,123,,0.08911917098445596,0.0818268315889629,1.0,0.0,1.0,,,,0,1758,0,172,,,,,target_normal_target_synth,RF +target normal+synth,road,axis,max_engine_coolant_temp|masquerade,262149,100000,78645,440794,18.984522342681885,,1930,1758,172
,123,,0.5100888714996367,0.3378893741169822,1.0,0.00011407711613050422,0.9998859228838695,,,,1,8765,0,9125,,,,,target_normal_target_synth,RF +target normal+synth,road,axis,max_speedometer|fabrication,262149,100000,78645,440794,18.984522342681885,,17891,8766,9125
,123,,0.49977176765947734,0.3332318813011223,1.0,0.0,1.0,,,,0,8767,0,8759,,,,,target_normal_target_synth,RF +target normal+synth,road,axis,max_speedometer|masquerade,262149,100000,78645,440794,18.984522342681885,,17526,8767,8759
,123,,0.4439019322667775,0.3074321893661415,1.0,0.0,1.0,,,,0,5353,0,4273,,,,,target_normal_target_synth,RF +target normal+synth,road,axis,reverse_light_off|fabrication,262149,100000,78645,440794,18.984522342681885,,9626,5353,4273
,123,,0.4338445267054469,0.30257431585158956,1.0,0.0,1.0,,,,0,5353,0,4102,,,,,target_normal_target_synth,RF +target normal+synth,road,axis,reverse_light_off|masquerade,262149,100000,78645,440794,18.984522342681885,,9455,5353,4102
,123,,0.4312362334801762,0.3013033232337806,1.0,0.0,1.0,,,,0,8263,0,6265,,,,,target_normal_target_synth,RF +target normal+synth,road,axis,reverse_light_on|fabrication,262149,100000,78645,440794,18.984522342681885,,14528,8263,6265
,123,,0.42134752766493905,0.2965432421400696,1.0,0.00012102142079148009,0.9998789785792085,,,,1,8262,0,6015,,,,,target_normal_target_synth,RF +target normal+synth,road,axis,reverse_light_on|masquerade,262149,100000,78645,440794,18.984522342681885,,14278,8263,6015
