capture,role,family,masquerade,frames,attack_frames,unique_ids,elapsed_sec,injection_id,injection_data,reason
ambient_dyno_drive_basic_long,ambient,ambient,0.0,2991272,0,106.0,1250.9435288906097,,,
ambient_dyno_drive_basic_short,ambient,ambient,0.0,1063624,0,106.0,444.75060999393463,,,
ambient_dyno_drive_benign_anomaly,ambient,ambient,0.0,771519,0,106.0,456.45596396923065,,,
ambient_dyno_drive_extended_long,ambient,ambient,0.0,1424208,0,106.0,657.8763449192047,,,
ambient_dyno_drive_extended_short,ambient,ambient,0.0,790442,0,106.0,359.8099069595337,,,
ambient_dyno_drive_radio_infotainment,ambient,ambient,0.0,932852,0,106.0,390.4556300640106,,,
ambient_dyno_drive_winter,ambient,ambient,0.0,114148,0,106.0,47.73052203655243,,,
ambient_dyno_exercise_all_bits,ambient,ambient,0.0,4419422,0,106.0,2172.804311990738,,,
ambient_dyno_idle_radio_infotainment,ambient,ambient,0.0,1572318,0,106.0,660.7840249538422,,,
ambient_dyno_reverse,ambient,ambient,0.0,123047,0,106.0,51.434144020080566,,,
ambient_highway_street_driving_diagnostics,ambient,ambient,0.0,1124751,0,106.0,469.9417029619217,,,
ambient_highway_street_driving_long,ambient,ambient,0.0,8821916,0,106.0,3764.3175909519196,,,
accelerator_attack_drive_1,excluded_accelerator,accelerator,,0,0,,,,,no injected frames; physical exploit state
accelerator_attack_drive_2,excluded_accelerator,accelerator,,0,0,,,,,no injected frames; physical exploit state
accelerator_attack_reverse_1,excluded_accelerator,accelerator,,0,0,,,,,no injected frames; physical exploit state
accelerator_attack_reverse_2,excluded_accelerator,accelerator,,0,0,,,,,no injected frames; physical exploit state
correlated_signal_attack_1,attack,correlated_signal,0.0,81262,2086,106.0,33.10185205936432,0x6e0,595945450000FFFF,
correlated_signal_attack_1_masquerade,attack,correlated_signal,1.0,79176,2086,106.0,33.10185205936432,0x6e0,595945450000FFFF,
correlated_signal_attack_2,attack,correlated_signal,0.0,69657,2139,106.0,28.226892948150635,0x6e0,595945450000FFFF,
correlated_signal_attack_2_masquerade,attack,correlated_signal,1.0,67517,2139,106.0,28.226892948150635,0x6e0,595945450000FFFF,
correlated_signal_attack_3,attack,correlated_signal,0.0,41829,1265,105.0,16.963904976844788,0x6e0,595945450000FFFF,
correlated_signal_attack_3_masquerade,attack,correlated_signal,1.0,40565,1263,105.0,16.963905096054077,0x6e0,595945450000FFFF,
fuzzing_attack_1,attack,fuzzing,0.0,49342,591,662.0,20.338948965072632,XXX,FFFFFFFFFFFFFFFF,
fuzzing_attack_2,attack,fuzzing,0.0,32351,350,443.0,13.365329027175903,XXX,FFFFFFFFFFFFFFFF,
fuzzing_attack_3,attack,fuzzing,0.0,13238,114,217.0,5.482836961746216,XXX,FFFFFFFFFFFFFFFF,
max_engine_coolant_temp_attack,attack,max_engine_coolant_temp,0.0,61923,43,106.0,25.875547885894775,0x4e7,XXXXXXXXXXFFXXXX,
max_engine_coolant_temp_attack_masquerade,attack,max_engine_coolant_temp,1.0,61881,43,106.0,25.875547885894775,0x4e7,XXXXXXXXXXFFXXXX,
max_speedometer_attack_1,attack,max_speedometer,0.0,213397,2443,106.0,88.02157688140869,0xd0,XXXXXXXXXXFFXXXX,
max_speedometer_attack_1_masquerade,attack,max_speedometer,1.0,210953,2443,106.0,88.02157688140869,0xd0,XXXXXXXXXXFFXXXX,
max_speedometer_attack_2,attack,max_speedometer,0.0,145894,3139,106.0,59.69697308540344,0xd0,XXXXXXXXXXFFXXXX,
max_speedometer_attack_2_masquerade,attack,max_speedometer,1.0,142754,3139,106.0,59.69697308540344,0xd0,XXXXXXXXXXFFXXXX,
max_speedometer_attack_3,attack,max_speedometer,0.0,213551,6107,106.0,86.76666688919067,0xd0,XXXXXXXXXXFFXXXX,
max_speedometer_attack_3_masquerade,attack,max_speedometer,1.0,207444,6107,106.0,86.76666688919067,0xd0,XXXXXXXXXXFFXXXX,
reverse_light_off_attack_1,attack,reverse_light_off,0.0,67902,672,106.0,28.1098690032959,0xd0,XXXX04XXXXXXXXXX,
reverse_light_off_attack_1_masquerade,attack,reverse_light_off,1.0,67230,672,106.0,28.1098690032959,0xd0,XXXX04XXXXXXXXXX,
reverse_light_off_attack_2,attack,reverse_light_off,0.0,99628,2370,106.0,40.66529607772827,0xd0,XXXX04XXXXXXXXXX,
reverse_light_off_attack_2_masquerade,attack,reverse_light_off,1.0,97257,2370,106.0,40.66529607772827,0xd0,XXXX04XXXXXXXXXX,
reverse_light_off_attack_3,attack,reverse_light_off,0.0,140855,2434,106.0,57.8848819732666,0xd0,XXXX04XXXXXXXXXX,
reverse_light_off_attack_3_masquerade,attack,reverse_light_off,1.0,138421,2434,106.0,57.8848819732666,0xd0,XXXX04XXXXXXXXXX,
reverse_light_on_attack_1,attack,reverse_light_on,0.0,133237,1992,106.0,54.85020709037781,0xd0,XXXX0CXXXXXXXXXX,
reverse_light_on_attack_1_masquerade,attack,reverse_light_on,1.0,131246,1992,106.0,54.85020709037781,0xd0,XXXX0CXXXXXXXXXX,
reverse_light_on_attack_2,attack,reverse_light_on,0.0,175945,3690,106.0,72.02090501785278,0xd0,XXXX0CXXXXXXXXXX,
reverse_light_on_attack_2_masquerade,attack,reverse_light_on,1.0,172256,3690,106.0,72.02090501785278,0xd0,XXXX0CXXXXXXXXXX,
reverse_light_on_attack_3,attack,reverse_light_on,0.0,156052,2350,106.0,64.25877094268799,0xd0,XXXX0CXXXXXXXXXX,
reverse_light_on_attack_3_masquerade,attack,reverse_light_on,1.0,153701,2350,106.0,64.25877094268799,0xd0,XXXX0CXXXXXXXXXX,
