score,setting,seed,threshold,calib_windows,calib_fpr_at_threshold,ambient_heldout_windows,ambient_heldout_fpr,attack_capture_attack_windows,attack_recall,attack_capture_normal_windows,attack_capture_fpr,auroc_ambient_vs_attack,ambient_max_score,ambient_saturation_frac
softmax,real_only,42,1.0,369155,0.9999837466646802,385475,0.9987988844931578,47751,1.0,54224,1.0,0.5006005577534212,1.0,0.9987988844931578
softmax,real_only,7,1.0,369155,0.9798079397543038,385475,0.8204916012711589,47751,0.99725660195598,54224,0.90651740926527,0.5885261643468664,1.0,0.8204916012711589
softmax,real_only,123,1.0,369155,1.0,385475,0.9976937544587846,47751,1.0,54224,0.9998893478902331,0.5011531227706078,1.0,0.9976937544587846
softmax,rule_0p30,42,1.0,369155,1.0,385475,1.0,47751,1.0,54224,1.0,0.5,1.0,1.0
softmax,rule_0p30,7,1.0,369155,1.0,385475,1.0,47751,1.0,54224,1.0,0.5,1.0,1.0
softmax,rule_0p30,123,1.0,369155,1.0,385475,1.0,47751,1.0,54224,1.0,0.5,1.0,1.0
maxlogit,real_only,42,-8.111711978912352,369155,0.010001219000148989,385475,0.06650236720928725,47751,0.002073255010366275,54224,0.04433461197993509,0.2912223721562589,2.7105321884155273,2.5942019586224788e-06
maxlogit,real_only,7,-4.395124502182005,369155,0.010001219000148989,385475,0.10840910564887477,47751,0.0008586207618688613,54224,0.04671363233992328,0.28163976843203997,1.025169849395752,2.5942019586224788e-06
maxlogit,real_only,123,-6.72300546646118,369155,0.010001219000148989,385475,0.06514300538296906,47751,0.01243953006219765,54224,0.031240778990852758,0.3641013198060188,-3.0967185497283936,2.5942019586224788e-06
maxlogit,rule_0p30,42,-21.419057884216265,369155,0.010001219000148989,385475,0.08928205460795123,47751,0.005947519423676991,54224,0.12050014753614635,0.4123621298239443,-10.802839279174805,2.5942019586224788e-06
maxlogit,rule_0p30,7,-14.559628982543941,369155,0.010001219000148989,385475,0.06436733899734094,47751,0.005361144269229964,54224,0.08555252286810268,0.3723075082120154,-6.534748077392578,2.5942019586224788e-06
maxlogit,rule_0p30,123,-27.1318053817749,369155,0.010001219000148989,385475,0.06577339645891432,47751,0.015915897049276456,54224,0.030632192387134848,0.3655240211829729,-16.64363670349121,2.5942019586224788e-06
energy,real_only,42,-8.134252456119626,369155,0.010001219000148989,385475,0.06591348336467993,47751,0.0020941969801679546,54224,0.0446296842726468,0.2911529298122025,1.8432998783967027,2.5942019586224788e-06
energy,real_only,7,-4.414162510669683,369155,0.010001219000148989,385475,0.10866074323886114,47751,0.0008167368222655023,54224,0.04680584243139569,0.28154756449339285,-0.14697743470903157,2.5942019586224788e-06
energy,real_only,123,-6.750839842799683,369155,0.010001219000148989,385475,0.06650755561320448,47751,0.011769387028543904,54224,0.031443641192092066,0.3633835419198482,-3.3610794112240057,2.5942019586224788e-06
energy,rule_0p30,42,-21.543349359086417,369155,0.010001219000148989,385475,0.08996692392502756,47751,0.006135997151892107,54224,0.12097964001180289,0.41199358885885795,-11.061089944055455,2.5942019586224788e-06
energy,rule_0p30,7,-14.871985262469508,369155,0.010001219000148989,385475,0.06607172968415591,47751,0.005319260329626605,54224,0.08815284744762467,0.37085575289770806,-7.2451633510032245,2.5942019586224788e-06
energy,rule_0p30,123,-27.16942646948058,369155,0.010001219000148989,385475,0.06592126597055581,47751,0.01625096856610333,54224,0.031019474771318972,0.36561339654996755,-16.686948725889216,2.5942019586224788e-06
