dataset,split,source_file,rows,normal_rows,attack_rows,attack_type_distribution
Car-Hacking,train,ALL,8389348,6964444,1424904,DoS:348683;Fuzzy:346373;Gear:353692;Normal:6964444;RPM:376156
Car-Hacking,val,ALL,2717054,2271642,445412,DoS:117525;Fuzzy:68689;Gear:120577;Normal:2271642;RPM:138621
Car-Hacking,test,ALL,6451944,5990743,461201,DoS:121313;Fuzzy:76785;Gear:122983;Normal:5990743;RPM:140120
Car-Hacking,test,DoS_dataset.csv,1527427,1406114,121313,
Car-Hacking,test,Fuzzy_dataset.csv,1416233,1339448,76785,
Car-Hacking,test,RPM_dataset.csv,1679422,1539302,140120,
Car-Hacking,test,gear_dataset.csv,1631087,1508104,122983,
Car-Hacking,test,normal_run_data/normal_run_data.txt,197775,197775,0,
Car-Hacking,train,DoS_dataset.csv,1594476,1245793,348683,
Car-Hacking,train,Fuzzy_dataset.csv,1924380,1578007,346373,
Car-Hacking,train,RPM_dataset.csv,2174453,1798297,376156,
Car-Hacking,train,gear_dataset.csv,2102717,1749025,353692,
Car-Hacking,train,normal_run_data/normal_run_data.txt,593322,593322,0,
Car-Hacking,val,DoS_dataset.csv,543868,426343,117525,
Car-Hacking,val,Fuzzy_dataset.csv,498247,429558,68689,
Car-Hacking,val,RPM_dataset.csv,767827,629206,138621,
Car-Hacking,val,gear_dataset.csv,709338,588761,120577,
Car-Hacking,val,normal_run_data/normal_run_data.txt,197774,197774,0,
OTIDS,cross_test,ALL,4613439,2369398,2244041,DoS:656579;Fuzzy:591990;Impersonation:995472;Normal:2369398
