setting,label,family,ratio,scenario_id,attack_type,id_condition,seeds,attack_detection_recall_mean,attack_detection_recall_std,exact_class_recall_mean,exact_class_recall_std,mean_attack_score_mean,mean_attack_score_std,normal_recall_mean,normal_recall_std
real_only,Real only,real_only,0.0,Gear_canonical_id,Gear,canonical,7;42;123,0.7855,0.35469696573272236,0.7295833333333334,0.30825195998295507,0.8008291721343994,0.31991257742162904,,
real_only,Real only,real_only,0.0,Gear_shifted_id_0x440,Gear,shifted,7;42;123,0.7815833333333333,0.3625555417220006,0.7164166666666666,0.3081202416806357,0.7969638109207153,0.3267834857541391,,
real_only,Real only,real_only,0.0,Normal_normal,Normal,normal,7;42;123,,,,,0.005423085298389196,0.004096029509704584,0.9997916666666667,7.216878364866322e-05
real_only,Real only,real_only,0.0,RPM_canonical_id,RPM,canonical,7;42;123,0.82525,0.27821293553679344,0.03233333333333333,0.029310123393348812,0.8321753740310669,0.2592043245639106,,
real_only,Real only,real_only,0.0,RPM_shifted_id_0x329,RPM,shifted,7;42;123,0.8169166666666667,0.294160068386811,0.03241666666666667,0.030001388856740172,0.825383722782135,0.27231808004021435,,
real_oversampling_0p50,Real oversampling +50%,oversampling,0.5,Gear_canonical_id,Gear,canonical,7;42;123,0.69575,0.26189644900227266,0.48658333333333337,0.07932383521573659,0.6947883069515228,0.24857150835505668,,
real_oversampling_0p50,Real oversampling +50%,oversampling,0.5,Gear_shifted_id_0x440,Gear,shifted,7;42;123,0.6918333333333333,0.2670456811733403,0.47341666666666665,0.08331053854905349,0.692805012067159,0.25016899916455065,,
real_oversampling_0p50,Real oversampling +50%,oversampling,0.5,Normal_normal,Normal,normal,7;42;123,,,,,0.003663120345057299,0.005259913019269759,0.9998333333333332,7.216878364866322e-05
real_oversampling_0p50,Real oversampling +50%,oversampling,0.5,RPM_canonical_id,RPM,canonical,7;42;123,0.8334166666666668,0.12605686547480596,0.02441666666666667,0.0072729521745528705,0.8305704196294149,0.11621078923853236,,
real_oversampling_0p50,Real oversampling +50%,oversampling,0.5,RPM_shifted_id_0x329,RPM,shifted,7;42;123,0.8271666666666667,0.13199344996375134,0.02666666666666667,0.006385204251496842,0.8225967685381571,0.12308761482541798,,
rule_0p10,Rule +10%,rule,0.1,Gear_canonical_id,Gear,canonical,7;42;123,0.97975,0.029623681405254166,0.8680833333333333,0.1388020923233268,0.974393387635549,0.03489012733666455,,
rule_0p10,Rule +10%,rule,0.1,Gear_shifted_id_0x440,Gear,shifted,7;42;123,0.9794999999999999,0.030601266313667448,0.8593333333333334,0.15085057452105818,0.9735380411148071,0.03689434720494658,,
rule_0p10,Rule +10%,rule,0.1,Normal_normal,Normal,normal,7;42;123,,,,,0.002144904302743574,0.0003502754510675842,0.999875,0.0
rule_0p10,Rule +10%,rule,0.1,RPM_canonical_id,RPM,canonical,7;42;123,0.9510833333333334,0.062345976881698933,0.37891666666666673,0.20360843752981683,0.9518111944198608,0.058455751567067754,,
rule_0p10,Rule +10%,rule,0.1,RPM_shifted_id_0x329,RPM,shifted,7;42;123,0.9525833333333334,0.06513271707316788,0.3788333333333333,0.18038922039116786,0.9526569843292236,0.060578021015972955,,
rule_0p30,Rule +30%,rule,0.3,Gear_canonical_id,Gear,canonical,7;42;123,0.9994166666666667,0.0008036375634160544,0.8959999999999999,0.04058863757260151,0.999258836110433,0.0009509694146429784,,
rule_0p30,Rule +30%,rule,0.3,Gear_shifted_id_0x440,Gear,shifted,7;42;123,0.9996666666666667,0.00038188130791300514,0.89125,0.046918146809097186,0.9992445111274719,0.000816740915803455,,
rule_0p30,Rule +30%,rule,0.3,Normal_normal,Normal,normal,7;42;123,,,,,0.0004087649382806073,0.00010307808038212087,0.9999166666666666,7.216878364872732e-05
rule_0p30,Rule +30%,rule,0.3,RPM_canonical_id,RPM,canonical,7;42;123,0.9884166666666667,0.012821693855857469,0.7454999999999999,0.2095447446251039,0.9875659147898356,0.012989479760122614,,
rule_0p30,Rule +30%,rule,0.3,RPM_shifted_id_0x329,RPM,shifted,7;42;123,0.9911666666666666,0.01020212396186861,0.7491666666666666,0.20666130705415883,0.990071177482605,0.010539782259083908,,
rule_0p50,Rule +50%,rule,0.5,Gear_canonical_id,Gear,canonical,7;42;123,0.9981666666666666,0.002362907813126275,0.7175833333333332,0.3236910499740969,0.9964039524396261,0.004428494397565606,,
rule_0p50,Rule +50%,rule,0.5,Gear_shifted_id_0x440,Gear,shifted,7;42;123,0.9981666666666666,0.0029615592739861375,0.7046666666666667,0.32686104973418495,0.9966160655021667,0.004515647770170172,,
rule_0p50,Rule +50%,rule,0.5,Normal_normal,Normal,normal,7;42;123,,,,,0.0016421326630127926,0.000954903403949641,0.999875,0.0
rule_0p50,Rule +50%,rule,0.5,RPM_canonical_id,RPM,canonical,7;42;123,0.9969166666666668,0.003003470215156685,0.7600000000000001,0.32038375426978194,0.9947389562924703,0.0047999578213020816,,
rule_0p50,Rule +50%,rule,0.5,RPM_shifted_id_0x329,RPM,shifted,7;42;123,0.9974166666666666,0.0027651100038394846,0.7586666666666666,0.3131758025986895,0.9950917760531107,0.004606512900196804,,
rule_1p00,Rule +100%,rule,1.0,Gear_canonical_id,Gear,canonical,7;42;123,1.0,0.0,0.9905833333333334,0.00898030251903209,0.9999975363413492,3.6652414187114096e-06,,
rule_1p00,Rule +100%,rule,1.0,Gear_shifted_id_0x440,Gear,shifted,7;42;123,1.0,0.0,0.9898333333333333,0.010683905340900995,0.9999993840853373,5.970390320347436e-07,,
rule_1p00,Rule +100%,rule,1.0,Normal_normal,Normal,normal,7;42;123,,,,,0.00048006451591694105,0.00024409066647935153,0.999875,0.0
rule_1p00,Rule +100%,rule,1.0,RPM_canonical_id,RPM,canonical,7;42;123,0.99975,0.0004330127018922357,0.56425,0.06189254801670387,0.9996930162111918,0.0004829625791760785,,
rule_1p00,Rule +100%,rule,1.0,RPM_shifted_id_0x329,RPM,shifted,7;42;123,1.0,0.0,0.5486666666666667,0.06266095940323071,0.999855101108551,0.00022813939992206403,,
