setting,label,group,evaluation_set,level,axis,seeds,n_seeds,accuracy_mean,accuracy_std,macro_f1_binary_mean,macro_f1_binary_std,attack_recall_mean,attack_recall_std,normal_recall_mean,normal_recall_std,fpr_mean,fpr_std
source_real,Source real,source_reference,cantt_holdout,attack_axis,known_attack,7;42;123,3,0.07696484562910415,9.305559687509195e-05,0.07149521167304766,0.00010695386193513471,1.0,0.0,0.00011556055206159828,0.00010080314154704351,0.9998844394479384,0.00010080314154703769
source_real,Source real,source_reference,cantt_holdout,attack_axis,unknown_attack,7;42;123,3,0.056435844075394655,0.00010533324744833009,0.05344669472451357,0.00011691437493543952,1.0,0.0,0.00012740147408943388,0.00011161914870974759,0.9998725985259105,0.00011161914870975918
source_real,Source real,source_reference,cantt_holdout,source_stem,DoS,7;42;123,3,0.13875217479372157,0.00017971660684010135,0.12193896868910055,0.00022775566254831797,1.0,0.0,0.00021800843069745568,0.0002086245350595079,0.9997819915693026,0.0002086245350595344
source_real,Source real,source_reference,cantt_holdout,source_stem,double,7;42;123,3,0.022471284712713546,0.00012533395624222198,0.021990059393132436,0.00013084563266391804,1.0,0.0,0.00014802230810046388,0.0001281961358893756,0.9998519776918995,0.0001281961358893556
source_real,Source real,source_reference,cantt_holdout,source_stem,force-neutral,7;42;123,3,0.009425792699173994,0.0,0.009337776751245587,0.0,1.0,0.0,0.0,0.0,1.0,0.0
source_real,Source real,source_reference,cantt_holdout,source_stem,fuzzing,7;42;123,3,0.13291039008754482,0.00029569978885314867,0.11747753301087105,0.00037126303018361205,1.0,0.0,0.00038704918810955684,0.00034089364595175925,0.9996129508118905,0.00034089364595176933
source_real,Source real,source_reference,cantt_holdout,source_stem,interval,7;42;123,3,0.27858498684337246,0.00012461467465777097,0.21801737378366617,0.0001938825478524069,1.0,0.0,0.00019374671706951633,0.0001727029916226639,0.9998062532829305,0.00017270299162266132
source_real,Source real,source_reference,cantt_holdout,source_stem,rpm,7;42;123,3,0.019866379892563613,0.00014399656651948914,0.019492230693897522,0.00014958182159237665,1.0,0.0,0.0001695867383170636,0.0001468903256228094,0.9998304132616829,0.0001468903256228017
source_real,Source real,source_reference,cantt_holdout,source_stem,rpm-accessory,7;42;123,3,0.07770544312485701,0.0,0.07210267297114735,0.0,1.0,0.0,0.0,0.0,1.0,0.0
source_real,Source real,source_reference,cantt_holdout,source_stem,speed,7;42;123,3,0.011986342750023303,0.00010317951643032344,0.011849952406734948,0.00010559590109724053,1.0,0.0,0.0001205343339429925,0.00010441867781786358,0.9998794656660569,0.00010441867781786164
source_real,Source real,source_reference,cantt_holdout,source_stem,speed-accessory,7;42;123,3,0.07795268780002595,0.0,0.07231550019056789,0.0,1.0,0.0,0.0,0.0,1.0,0.0
source_real,Source real,source_reference,cantt_holdout,source_stem,standstill,7;42;123,3,0.027298811873822357,6.454204938186973e-05,0.026581278926225835,6.800609632091695e-05,1.0,0.0,7.647618821581054e-05,6.634834442453845e-05,0.9999235238117841,6.634834442454812e-05
source_real,Source real,source_reference,cantt_holdout,source_stem,systematic,7;42;123,3,0.06573317098625849,0.0,0.06167882616004831,8.498374721940739e-18,1.0,0.0,0.0,0.0,1.0,0.0
source_real,Source real,source_reference,cantt_holdout,source_stem,triple,7;42;123,3,0.0562526045479631,0.0,0.053256772391143244,0.0,1.0,0.0,0.0,0.0,1.0,0.0
source_real,Source real,source_reference,cantt_holdout,vehicle_axis,known_vehicle,7;42;123,3,0.060364770997708546,7.196639567355063e-05,0.05694720168143075,8.043220413958996e-05,1.0,0.0,8.81178189826057e-05,7.658296744379266e-05,0.9999118821810175,7.658296744380457e-05
source_real,Source real,source_reference,cantt_holdout,vehicle_axis,unknown_vehicle,7;42;123,3,0.07308714988344923,0.00012618154749785787,0.0681485039927673,0.0001440739286559971,1.0,0.0,0.0001549894888591288,0.00013610987340227532,0.9998450105111409,0.00013610987340228038
source_rule30,Source rule +30%,source_reference,cantt_holdout,attack_axis,known_attack,7;42;123,3,0.07687482974863653,2.886098836645471e-05,0.07139175334676064,3.31751327223891e-05,1.0,0.0,1.8050205075835384e-05,3.126387227838453e-05,0.9999819497949242,3.1263872278387116e-05
source_rule30,Source rule +30%,source_reference,cantt_holdout,attack_axis,unknown_attack,7;42;123,3,0.0562958238604343,3.428323252747438e-05,0.05329906970430165,2.4558877825692254e-05,0.9993523779769459,0.0011217142480301652,1.7673070338625737e-05,3.0610655752238277e-05,0.9999823269296614,3.061065575222773e-05
source_rule30,Source rule +30%,source_reference,cantt_holdout,source_stem,DoS,7;42;123,3,0.1382974299538682,0.0004623616290680059,0.12149488903066037,0.00035692106624892026,0.9980734975216853,0.0033368001733485144,0.0,0.0,1.0,0.0
source_rule30,Source rule +30%,source_reference,cantt_holdout,source_stem,double,7;42;123,3,0.02235847929389745,5.527330803038137e-05,0.021872297218952615,5.7710878321056566e-05,1.0,0.0,3.264081665805101e-05,5.6535552852284914e-05,0.9999673591833419,5.653555285231035e-05
source_rule30,Source rule +30%,source_reference,cantt_holdout,source_stem,force-neutral,7;42;123,3,0.009425792699173994,0.0,0.009337776751245587,0.0,1.0,0.0,0.0,0.0,1.0,0.0
source_rule30,Source rule +30%,source_reference,cantt_holdout,source_stem,fuzzing,7;42;123,3,0.132589434653896,2.5601169909966736e-05,0.11707456245216295,3.215855033592085e-05,1.0,0.0,1.7039901363313822e-05,2.9513974917221724e-05,0.9999829600986366,2.9513974917253718e-05
source_rule30,Source rule +30%,source_reference,cantt_holdout,source_stem,interval,7;42;123,3,0.27846072117580173,2.6904306233629775e-05,0.21782403632368216,4.1867832826986144e-05,1.0,0.0,2.1527413007724035e-05,3.7286573084897166e-05,0.9999784725869922,3.728657308489586e-05
source_rule30,Source rule +30%,source_reference,cantt_holdout,source_stem,rpm,7;42;123,3,0.019741695499932464,7.198656764934128e-05,0.019362715400437925,7.478791830347956e-05,1.0,0.0,4.23966845792659e-05,7.343321176376047e-05,0.9999576033154206,7.34332117637888e-05
source_rule30,Source rule +30%,source_reference,cantt_holdout,source_stem,rpm-accessory,7;42;123,3,0.07770544312485701,0.0,0.07210267297114735,0.0,1.0,0.0,0.0,0.0,1.0,0.0
source_rule30,Source rule +30%,source_reference,cantt_holdout,source_stem,speed,7;42;123,3,0.01189370636452245,4.5843121804860355e-05,0.011755149198683425,4.692134598561656e-05,1.0,0.0,2.6785407542887223e-05,4.6393686765719313e-05,0.999973214592457,4.6393686765739656e-05
source_rule30,Source rule +30%,source_reference,cantt_holdout,source_stem,speed-accessory,7;42;123,3,0.07795268780002595,0.0,0.07231550019056789,0.0,1.0,0.0,0.0,0.0,1.0,0.0
source_rule30,Source rule +30%,source_reference,cantt_holdout,source_stem,standstill,7;42;123,3,0.027246222892624846,3.7767692316841306e-05,0.02652586845320054,3.979654772110731e-05,1.0,0.0,2.241543447704791e-05,3.882467138797809e-05,0.999977584565523,3.8824671387972676e-05
source_rule30,Source rule +30%,source_reference,cantt_holdout,source_stem,systematic,7;42;123,3,0.06573317098625849,0.0,0.06167882616004831,8.498374721940739e-18,1.0,0.0,0.0,0.0,1.0,0.0
source_rule30,Source rule +30%,source_reference,cantt_holdout,source_stem,triple,7;42;123,3,0.0562526045479631,0.0,0.053256772391143244,0.0,1.0,0.0,0.0,0.0,1.0,0.0
source_rule30,Source rule +30%,source_reference,cantt_holdout,vehicle_axis,known_vehicle,7;42;123,3,0.06029570501166245,2.3798235458893924e-05,0.05687001225068092,2.6599920910044088e-05,1.0,0.0,1.462131952145006e-05,2.5324868284850168e-05,0.9999853786804785,2.5324868284862687e-05
source_rule30,Source rule +30%,source_reference,cantt_holdout,vehicle_axis,unknown_vehicle,7;42;123,3,0.07292697753510338,2.8558625251738856e-05,0.06797546361678287,1.555592449328131e-05,0.9995056870825354,0.0008561750878863542,2.110827843226471e-05,3.6560610704992804e-05,0.9999788917215677,3.656061070500049e-05
target_normal,+Target normal,target_diagnostic,cantt_holdout,attack_axis,known_attack,7;42;123,3,0.9278945629683722,0.0014013641794281574,0.5417664577648976,0.016240321449494215,0.06486816400496757,0.01811551887100588,0.9997476895247007,0.00016523694239547684,0.0002523104752991772,0.0001652369423954715
target_normal,+Target normal,target_diagnostic,cantt_holdout,attack_axis,unknown_attack,7;42;123,3,0.9502508542790928,0.0015369062046857206,0.5961259012181538,0.022106879270243383,0.12361770123471254,0.027648528699709355,0.9995812841796695,0.0002599962723996991,0.0004187158203305175,0.0002599962723997138
target_normal,+Target normal,target_diagnostic,cantt_holdout,source_stem,DoS,7;42;123,3,0.8957319715133881,0.0019652895617685256,0.6763937463040374,0.012637736419729251,0.26183008054522927,0.02155994113606847,0.997696896649989,0.0012060716265469254,0.002303103350010978,0.001206071626546951
target_normal,+Target normal,target_diagnostic,cantt_holdout,source_stem,double,7;42;123,3,0.9776726906244596,1.052166337433576e-05,0.4947201330328746,0.0006347890147752932,0.00036564286664007444,0.0006333120224457403,0.9999908909348861,4.554532556932944e-06,9.1090651138747e-06,4.55453255693735e-06
target_normal,+Target normal,target_diagnostic,cantt_holdout,source_stem,force-neutral,7;42;123,3,0.9905591399895957,1.687839938668005e-05,0.49762859090277595,4.259730176015069e-06,0.0,0.0,0.9999847893160156,1.703900552048242e-05,1.5210683984430663e-05,1.7039005520511817e-05
target_normal,+Target normal,target_diagnostic,cantt_holdout,source_stem,fuzzing,7;42;123,3,0.8995293357489453,0.015274606293636115,0.6697748500178416,0.07430063348348573,0.25559245367162803,0.11453944278991895,0.9979466918857206,0.0014585091346845092,0.002053308114279316,0.0014585091346845372
target_normal,+Target normal,target_diagnostic,cantt_holdout,source_stem,interval,7;42;123,3,0.7214108709677086,0.00017436905751453996,0.41909926097631905,7.523699211464902e-05,1.859517194955502e-05,3.2207782592108906e-05,0.9997933368351258,0.00023785599567614454,0.00020666316487415073,0.00023785599567614392
target_normal,+Target normal,target_diagnostic,cantt_holdout,source_stem,rpm,7;42;123,3,0.9802808169598481,5.4073179334481715e-06,0.49502111445982533,1.3788843208633901e-06,0.0,0.0,0.9999805681862345,5.515983548644984e-06,1.943181376549687e-05,5.515983548671746e-06
target_normal,+Target normal,target_diagnostic,cantt_holdout,source_stem,rpm-accessory,7;42;123,3,0.9222876238413167,1.2008366837679215e-05,0.4797864858393505,3.2497411755937806e-06,0.0,0.0,0.999992482842087,1.3020099433755465e-05,7.517157912936277e-06,1.3020099433724054e-05
target_normal,+Target normal,target_diagnostic,cantt_holdout,source_stem,speed,7;42;123,3,0.9881074443980303,2.5968761621622346e-05,0.49729944031682854,0.0003897113363119668,0.00029090909090909086,0.00038483655433666766,0.9999708854265839,2.2731752057892652e-05,2.911457341618176e-05,2.27317520578974e-05
target_normal,+Target normal,target_diagnostic,cantt_holdout,source_stem,speed-accessory,7;42;123,3,0.9220545200305613,3.303042926203498e-05,0.48000015198869117,0.0002827176742420272,0.00027739251040221914,0.00027739251040221914,0.9999843655949282,2.7079583930463264e-05,1.5634405071801005e-05,2.707958393047188e-05
target_normal,+Target normal,target_diagnostic,cantt_holdout,source_stem,standstill,7;42;123,3,0.9727653210300771,8.010197129673485e-06,0.4930973343099714,2.058226258421587e-06,0.0,0.0,0.999989451560246,8.234373143661284e-06,1.05484397539049e-05,8.234373143670274e-06
target_normal,+Target normal,target_diagnostic,cantt_holdout,source_stem,systematic,7;42;123,3,0.9434524844900563,0.001988635447802795,0.6076412704860199,0.023763960277181008,0.13994001940548648,0.03024562610263498,0.999986036379885,1.612379966453765e-05,1.396362011506023e-05,1.6123799664583392e-05
target_normal,+Target normal,target_diagnostic,cantt_holdout,source_stem,triple,7;42;123,3,0.9437389482694538,0.0,0.48552762144817946,0.0,0.0,0.0,0.9999910493182563,1.3597399555105182e-16,8.950681743592803e-06,0.0
target_normal,+Target normal,target_diagnostic,cantt_holdout,vehicle_axis,known_vehicle,7;42;123,3,0.9440558185070462,0.0011784807170553897,0.555151739489128,0.01699389635561369,0.07529812917107327,0.019451492634210307,0.999785748931279,0.00012986936613752155,0.00021425106872098156,0.00012986936613754136
target_normal,+Target normal,target_diagnostic,cantt_holdout,vehicle_axis,unknown_vehicle,7;42;123,3,0.9340127974807281,0.001759744820171485,0.5739134632188939,0.020436039015548586,0.10118510900966021,0.024389606770684368,0.9995420676262334,0.0002957990442496947,0.0004579323737666316,0.00029579904424971356
target_normal_real_attack_oracle,+Target normal + real attack oracle,oracle_diagnostic,cantt_holdout,attack_axis,known_attack,7;42;123,3,0.9324044129153409,0.015272967614064466,0.6814826946718556,0.007758029418471382,0.2910854877896468,0.06079518625384485,0.9857988049587053,0.021562244920607692,0.01420119504129475,0.02156224492060772
target_normal_real_attack_oracle,+Target normal + real attack oracle,oracle_diagnostic,cantt_holdout,attack_axis,unknown_attack,7;42;123,3,0.9482724272889135,0.016177297026883218,0.6939619932355866,0.016628858961758558,0.32008148972591594,0.06438919213149367,0.9857605547557359,0.020985205711768283,0.014239445244264166,0.020985205711768287
target_normal_real_attack_oracle,+Target normal + real attack oracle,oracle_diagnostic,cantt_holdout,source_stem,DoS,7;42;123,3,0.9673522716449825,0.016962977052232688,0.9343942065939025,0.026847646458607956,0.902193695786865,0.07771254785710326,0.977833214207298,0.0310795347280841,0.02216678579270201,0.03107953472808412
target_normal_real_attack_oracle,+Target normal + real attack oracle,oracle_diagnostic,cantt_holdout,source_stem,double,7;42;123,3,0.9724495028769092,0.019901959039169862,0.7287573383202467,0.054590926069952334,0.4823494216194655,0.14700882840688412,0.983641637233,0.02360839812815571,0.016358362766999982,0.023608398128155697
target_normal_real_attack_oracle,+Target normal + real attack oracle,oracle_diagnostic,cantt_holdout,source_stem,force-neutral,7;42;123,3,0.9832483219773387,0.017207084087859016,0.6980063434588298,0.08529627502273834,0.4194009759380784,0.10527932617561846,0.9886136021941812,0.018372009889715823,0.011386397805818805,0.01837200988971584
target_normal_real_attack_oracle,+Target normal + real attack oracle,oracle_diagnostic,cantt_holdout,source_stem,fuzzing,7;42;123,3,0.9275823187340843,0.016250121257818814,0.8168173608293827,0.026647389022931265,0.5593568578732351,0.009910563818326083,0.9838607791373185,0.020232720754165857,0.01613922086268152,0.020232720754165844
target_normal_real_attack_oracle,+Target normal + real attack oracle,oracle_diagnostic,cantt_holdout,source_stem,interval,7;42;123,3,0.722554115109359,0.002527787757006545,0.45222412509914395,0.05395354246502069,0.0411325203524157,0.06748971578204327,0.9855120510458018,0.02258831101874528,0.014487948954198276,0.022588311018745255
target_normal_real_attack_oracle,+Target normal + real attack oracle,oracle_diagnostic,cantt_holdout,source_stem,rpm,7;42;123,3,0.975049267652366,0.015516937304190816,0.6380084247550798,0.05252901862005667,0.2202443741209564,0.011919957634095646,0.9902178482975965,0.01606198543331625,0.00978215170240354,0.016061985433316234
target_normal_real_attack_oracle,+Target normal + real attack oracle,oracle_diagnostic,cantt_holdout,source_stem,rpm-accessory,7;42;123,3,0.8974604297094366,0.04268999238154136,0.5027584349378499,0.02602327235065508,0.06192005710206996,0.09223309410611895,0.9678566327642845,0.054038852581518304,0.03214336723571552,0.0540388525815183
target_normal_real_attack_oracle,+Target normal + real attack oracle,oracle_diagnostic,cantt_holdout,source_stem,speed,7;42;123,3,0.9772177783608308,0.014846263373343235,0.5064787775598824,0.01417036135769954,0.04116363636363637,0.06739444516923795,0.9884595653892939,0.01583380820863606,0.011540434610706127,0.01583380820863603
target_normal_real_attack_oracle,+Target normal + real attack oracle,oracle_diagnostic,cantt_holdout,source_stem,speed-accessory,7;42;123,3,0.8728899075956118,0.06885302908561848,0.501429672168738,0.036422179228046934,0.11678224687933426,0.19580826669656964,0.9368135519023162,0.09122793621449195,0.06318644809768377,0.09122793621449196
target_normal_real_attack_oracle,+Target normal + real attack oracle,oracle_diagnostic,cantt_holdout,source_stem,standstill,7;42;123,3,0.9658210101958491,0.015263462279740595,0.5907240763460355,0.03414084344805348,0.1803533568904594,0.15831593846100114,0.9878033665345475,0.02007024321167027,0.012196633465452541,0.020070243211670294
target_normal_real_attack_oracle,+Target normal + real attack oracle,oracle_diagnostic,cantt_holdout,source_stem,systematic,7;42;123,3,0.9388763263176205,0.01682013276161989,0.65252677252944,0.030091774958153798,0.22977860104083972,0.011565285835716527,0.9887670433741071,0.01848471587611396,0.011232956625892897,0.01848471587611399
target_normal_real_attack_oracle,+Target normal + real attack oracle,oracle_diagnostic,cantt_holdout,source_stem,triple,7;42;123,3,0.9373913598462237,0.014791815712566674,0.5517252635356439,0.02616436746807648,0.09717355758000468,0.07448143114068552,0.987473023639745,0.02010962998457146,0.012526976360254995,0.020109629984571466
target_normal_real_attack_oracle,+Target normal + real attack oracle,oracle_diagnostic,cantt_holdout,vehicle_axis,known_vehicle,7;42;123,3,0.9407150033305559,0.015694627394595727,0.6475807736345911,0.00605183242347354,0.2375764316886085,0.05961310678798706,0.9858206342299516,0.020520073711391085,0.014179365770048365,0.020520073711391106
target_normal_real_attack_oracle,+Target normal + real attack oracle,oracle_diagnostic,cantt_holdout,vehicle_axis,unknown_vehicle,7;42;123,3,0.9398726774783003,0.015760482928597067,0.7174609801338928,0.014885713666374601,0.3569535420377119,0.0648267882675626,0.9857384262136674,0.02202653982504928,0.014261573786332624,0.022026539825049294
target_normal_source_rule30,+Target normal + source rule +30%,target_diagnostic,cantt_holdout,attack_axis,known_attack,7;42;123,3,0.9297763838900192,0.002282402974792349,0.5660694839655341,0.02748348074660714,0.09353297844011943,0.03239983160934516,0.9993996344833472,0.00026841225436339606,0.0006003655166527856,0.00026841225436336055
target_normal_source_rule30,+Target normal + source rule +30%,target_diagnostic,cantt_holdout,attack_axis,unknown_attack,7;42;123,3,0.9522358790804484,0.0023385089046252714,0.6276749078740753,0.03304998340545744,0.1663998073405841,0.044711424406204216,0.9991316890386374,0.00022693393804836722,0.00086831096136259,0.00022693393804835662
target_normal_source_rule30,+Target normal + source rule +30%,target_diagnostic,cantt_holdout,source_stem,DoS,7;42;123,3,0.90174292026673,0.010867281445788234,0.7060705965440913,0.04913516508655836,0.31434905514250305,0.07911787131889637,0.9962268969458575,0.00014716186996836556,0.0037731030541423936,0.00014716186996833268
target_normal_source_rule30,+Target normal + source rule +30%,target_diagnostic,cantt_holdout,source_stem,double,7;42;123,3,0.9776333571560567,5.788699123458005e-05,0.4958529015227789,0.002596801399658451,0.0015290519877675841,0.0026483957302276414,0.999924091124051,0.00011966667743924502,7.590887594895585e-05,0.00011966667743928119
target_normal_source_rule30,+Target normal + source rule +30%,target_diagnostic,cantt_holdout,source_stem,force-neutral,7;42;123,3,0.9904600129420272,0.0001916427084346702,0.49768476901807374,9.228129363219941e-05,8.413259296651523e-05,0.00014572192559051634,0.9998839184643294,0.00019485265739455887,0.00011608153567065507,0.0001948526573945475
target_normal_source_rule30,+Target normal + source rule +30%,target_diagnostic,cantt_holdout,source_stem,fuzzing,7;42;123,3,0.9162739185702279,0.01885578073475289,0.7493575022379181,0.08030287495198524,0.3939922434320027,0.14364200331711616,0.9960978625878011,0.00026087340660007675,0.0039021374121988653,0.00026087340660007014
target_normal_source_rule30,+Target normal + source rule +30%,target_diagnostic,cantt_holdout,source_stem,interval,7;42;123,3,0.7211975482383789,4.5974098645060515e-05,0.41910312724627524,0.00014731662192160762,9.669489413768608e-05,0.0001674804694789663,0.9994675553182756,0.00012818003324653897,0.0005324446817243745,0.00012818003324651517
target_normal_source_rule30,+Target normal + source rule +30%,target_diagnostic,cantt_holdout,source_stem,rpm,7;42;123,3,0.9802219382188836,0.00011473594352500257,0.49504957056384247,4.6037927081005266e-05,4.395218002812939e-05,7.61274089121342e-05,0.9999196229521518,0.00011857144213730925,8.037704784819162e-05,0.00011857144213733911
target_normal_source_rule30,+Target normal + source rule +30%,target_diagnostic,cantt_holdout,source_stem,rpm-accessory,7;42;123,3,0.9204434368435285,0.002440949798192762,0.48298295362462357,0.0033544284544993743,0.0039257673090649535,0.004327036278723106,0.9976621638890769,0.0030055567751939454,0.0023378361109231824,0.003005556775193915
target_normal_source_rule30,+Target normal + source rule +30%,target_diagnostic,cantt_holdout,source_stem,speed,7;42;123,3,0.9882720034430815,0.00020967023188293998,0.5165972676129658,0.022925478777257632,0.020606060606060607,0.024525522771546193,0.9998934406612968,9.444437334141439e-05,0.00010655933870322525,9.44443733413918e-05
target_normal_source_rule30,+Target normal + source rule +30%,target_diagnostic,cantt_holdout,source_stem,speed-accessory,7;42;123,3,0.9185587221957935,0.005099722243124254,0.47910187965507073,0.0008235708303131087,0.0003698566805362922,0.0006406105622076291,0.9961852051624805,0.005584700531113962,0.0038147948375194455,0.005584700531113968
target_normal_source_rule30,+Target normal + source rule +30%,target_diagnostic,cantt_holdout,source_stem,standstill,7;42;123,3,0.9726242286414983,0.0002723195171249612,0.49362363564675765,0.0007750777152488844,0.0005653710247349822,0.0007479155649652553,0.9998285878539991,0.00027309371178131945,0.00017141214600095464,0.00027309371178131767
target_normal_source_rule30,+Target normal + source rule +30%,target_diagnostic,cantt_holdout,source_stem,systematic,7;42;123,3,0.9462863106627241,0.0013829790955414238,0.6407381494385055,0.015727251384059684,0.18340389873864338,0.02193659875618055,0.999961212166347,6.319441658262311e-05,3.878783365294508e-05,6.319441658262523e-05
target_normal_source_rule30,+Target normal + source rule +30%,target_diagnostic,cantt_holdout,source_stem,triple,7;42;123,3,0.943693896629011,7.84876156687829e-05,0.48553232312309696,8.444903029096074e-06,1.6685020188874427e-05,2.889930269244298e-05,0.9999423178287635,8.487867169238819e-05,5.768217123648696e-05,8.487867169238244e-05
target_normal_source_rule30,+Target normal + source rule +30%,target_diagnostic,cantt_holdout,vehicle_axis,known_vehicle,7;42;123,3,0.9456987462599944,0.0021344928767298727,0.5813664082091243,0.03179109693085673,0.10729003318624412,0.03855576977476155,0.9994818204361599,0.00024365489085072806,0.00051817956384019,0.00024365489085068805
target_normal_source_rule30,+Target normal + source rule +30%,target_diagnostic,cantt_holdout,vehicle_axis,unknown_vehicle,7;42;123,3,0.9362329239335357,0.002484583708343676,0.6026359940785545,0.028687669233637376,0.1379058520191068,0.03676810560589141,0.9990475866592554,0.000251496122117748,0.0009524133407446846,0.0002514961221177473
target_normal_target_synth,+Target normal + target synthetic,target_diagnostic,cantt_holdout,attack_axis,known_attack,7;42;123,3,0.9323120424947403,0.0005625046096492667,0.5987195510296272,0.013105195802010493,0.13401342750021797,0.018853707380192593,0.9987761176167057,0.0011790017496310175,0.0012238823832941427,0.0011790017496310138
target_normal_target_synth,+Target normal + target synthetic,target_diagnostic,cantt_holdout,attack_axis,unknown_attack,7;42;123,3,0.9553058772752139,2.469287087026357e-05,0.6699273279264194,0.006078507577519131,0.2262934541359941,0.01191066341961894,0.9988106606290797,0.0006870455601069023,0.001189339370920264,0.0006870455601069005
target_normal_target_synth,+Target normal + target synthetic,target_diagnostic,cantt_holdout,source_stem,DoS,7;42;123,3,0.9138640836086619,0.010117782925260414,0.7575371230110398,0.04078038756051171,0.4049430762081785,0.07731590507189365,0.9957254775552534,0.000829457341413568,0.004274522444746542,0.0008294573414135682
target_normal_target_synth,+Target normal + target synthetic,target_diagnostic,cantt_holdout,source_stem,double,7;42;123,3,0.977192525453578,0.0006312330570380647,0.49492483068587556,0.0009536094824126136,0.0007312857332801489,0.0011813160247252268,0.999491410531142,0.0006725933357443765,0.0005085894688580041,0.0006725933357443721
target_normal_target_synth,+Target normal + target synthetic,target_diagnostic,cantt_holdout,source_stem,force-neutral,7;42;123,3,0.9898565274764316,0.0010447096186708713,0.4975908119558556,3.418080051325005e-05,0.00016826518593303046,0.0002914438511810327,0.9992738899803223,0.0010574088775180675,0.0007261100196778217,0.0010574088775180518
target_normal_target_synth,+Target normal + target synthetic,target_diagnostic,cantt_holdout,source_stem,fuzzing,7;42;123,3,0.9390723121038206,0.0026263286640895236,0.8394348702048572,0.009797193652566722,0.5714217454667081,0.026499397629919125,0.9952629074209988,0.0014919131268425264,0.004737092579001242,0.0014919131268425526
target_normal_target_synth,+Target normal + target synthetic,target_diagnostic,cantt_holdout,source_stem,interval,7;42;123,3,0.7208765285971545,0.0004942620389613925,0.4190557381110737,3.19652551726085e-05,0.00015991847876617316,0.00020093113700907962,0.9989982577147073,0.0007622568874907795,0.0010017422852927583,0.000762256887490811
target_normal_target_synth,+Target normal + target synthetic,target_diagnostic,cantt_holdout,source_stem,rpm,7;42;123,3,0.9795734062044339,0.0011417126380749954,0.4956020771545971,0.0008099915510208043,0.0008350914205344584,0.001225154699786072,0.9992421592631456,0.0011891991344258833,0.000757840736854378,0.001189199134425914
target_normal_target_synth,+Target normal + target synthetic,target_diagnostic,cantt_holdout,source_stem,rpm-accessory,7;42;123,3,0.9221350970971387,0.00027619243726700654,0.4798336804524533,7.84937265619483e-05,8.922198429693076e-05,0.00015453700995439663,0.9998195882100895,0.00031248238640936197,0.00018041178991047067,0.0003124823864093773
target_normal_target_synth,+Target normal + target synthetic,target_diagnostic,cantt_holdout,source_stem,speed,7;42;123,3,0.9874353990671919,0.0009730813375905353,0.49804930467011105,0.0018508706734120203,0.001406060606060606,0.0024353684082180577,0.9992773762878104,0.0010139313111264172,0.0007226237121896314,0.0010139313111263875
target_normal_target_synth,+Target normal + target synthetic,target_diagnostic,cantt_holdout,source_stem,speed-accessory,7;42;123,3,0.9217878302988366,0.00024078901365870802,0.47965119005362356,6.51945978294253e-05,0.0,0.0,0.9997185807087076,0.0002611460501784445,0.0002814192912924181,0.0002611460501784678
target_normal_target_synth,+Target normal + target synthetic,target_diagnostic,cantt_holdout,source_stem,standstill,7;42;123,3,0.9738466017898211,0.0015680498937939034,0.5527870888387102,0.04773141801867586,0.06704358068315665,0.05365262546672347,0.999224689678088,0.0011273089792275175,0.0007753103219120102,0.0011273089792275311
target_normal_target_synth,+Target normal + target synthetic,target_diagnostic,cantt_holdout,source_stem,systematic,7;42;123,3,0.950260914941729,0.0020812816729031654,0.6847965380825767,0.02413696779985028,0.2487430537179148,0.03842049165032072,0.999618327716855,0.0006011568659341863,0.0003816722831449797,0.0006011568659341752
target_normal_target_synth,+Target normal + target synthetic,target_diagnostic,cantt_holdout,source_stem,triple,7;42;123,3,0.9433203434436722,0.0006143278237044492,0.4854494414416331,0.00010631029245624577,3.3370040377748854e-05,5.779860538488596e-05,0.9995455042714642,0.0006543821959333462,0.00045449572853576797,0.0006543821959333698
target_normal_target_synth,+Target normal + target synthetic,target_diagnostic,cantt_holdout,vehicle_axis,known_vehicle,7;42;123,3,0.9477527723489837,0.0005026023062319119,0.6151665603109131,0.010367423906623421,0.1504959702417855,0.016084249275887905,0.998895992900667,0.001090047811737379,0.0011040070993329559,0.0010900478117373434
target_normal_target_synth,+Target normal + target synthetic,target_diagnostic,cantt_holdout,vehicle_axis,unknown_vehicle,7;42;123,3,0.9397732039271216,0.00046433602152571565,0.6422507441170787,0.009988874105702924,0.19097618107253486,0.016195627960125015,0.9986907003961321,0.0007736709841374501,0.0013092996038679748,0.0007736709841374695
target_synth_only,+Target synthetic only,target_diagnostic,cantt_holdout,attack_axis,known_attack,7;42;123,3,0.08077068807631899,0.0028575432892621213,0.07595981133972436,0.003351868573750672,0.9944173836405069,0.005913252593698733,0.004703059411661413,0.003467540852762993,0.9952969405883386,0.0034675408527630393
target_synth_only,+Target synthetic only,target_diagnostic,cantt_holdout,attack_axis,unknown_attack,7;42;123,3,0.060349995555641085,0.0028639425178385,0.057791093275386236,0.0031779378531863562,0.9979204498857711,0.001727083707785784,0.004399235047368684,0.003137781392691072,0.9956007649526314,0.0031377813926910495
target_synth_only,+Target synthetic only,target_diagnostic,cantt_holdout,source_stem,DoS,7;42;123,3,0.14099772895866114,0.0029734914866523,0.12556633849888088,0.0032136764499387095,0.9879666201982652,0.018247316419832002,0.004760369804586586,0.003001180808552024,0.9952396301954134,0.0030011808085519953
target_synth_only,+Target synthetic only,target_diagnostic,cantt_holdout,source_stem,double,7;42;123,3,0.026803161223434138,0.003251472474901892,0.02649038099766539,0.003375467221143784,0.9967092142002393,0.0028850171801933534,0.004653973184430483,0.003389898327646099,0.9953460268155695,0.0033898983276460966
target_synth_only,+Target synthetic only,target_diagnostic,cantt_holdout,source_stem,force-neutral,7;42;123,3,0.012867483790745182,0.002822134279935725,0.012826953666019152,0.0028596042964638972,0.9991586740703348,0.0007710879513639483,0.003482446070119652,0.0028562480403837394,0.9965175539298804,0.0028562480403837138
target_synth_only,+Target synthetic only,target_diagnostic,cantt_holdout,source_stem,fuzzing,7;42;123,3,0.1363194857956105,0.001996374574352792,0.12182322621140602,0.002557475538662571,0.9986143297417397,0.001118286522060159,0.004528962355206481,0.0024685521732829966,0.9954710376447934,0.0024685521732829706
target_synth_only,+Target synthetic only,target_diagnostic,cantt_holdout,source_stem,interval,7;42;123,3,0.28073271179788606,0.0017048114375768047,0.22183920770566487,0.0030194736765094205,0.9980846972891958,0.0014885989738323575,0.003909378202202685,0.0029320431350785305,0.9960906217977973,0.002932043135078512
target_synth_only,+Target synthetic only,target_diagnostic,cantt_holdout,source_stem,rpm,7;42;123,3,0.025001818314059204,0.004066231456041283,0.024805804383364827,0.004202415922771282,0.9807928973277075,0.015191758055748274,0.00579421355916634,0.004453210989822908,0.9942057864408337,0.004453210989822946
target_synth_only,+Target synthetic only,target_diagnostic,cantt_holdout,source_stem,rpm-accessory,7;42;123,3,0.07816302335739096,0.0007746094739714187,0.07263071424124852,0.0008939396275611947,0.9999107780157032,0.00015453700995436573,0.0005036495801667305,0.0008528910522054312,0.9994963504198333,0.0008528910522054378
target_synth_only,+Target synthetic only,target_diagnostic,cantt_holdout,source_stem,speed,7;42;123,3,0.016846588391797826,0.0036279380980663483,0.0167912401582733,0.003684701844796093,0.999709090909091,0.0002909090909090639,0.005042644115682682,0.003674380927540782,0.9949573558843173,0.0036743809275408
target_synth_only,+Target synthetic only,target_diagnostic,cantt_holdout,source_stem,speed-accessory,7;42;123,3,0.0780896365811818,0.0003187784801207471,0.07250439973183423,0.0003848370898505022,0.9986130374479889,0.0012711721761319793,0.0002657848862206171,0.00041973355092231416,0.9997342151137794,0.0004197335509222768
target_synth_only,+Target synthetic only,target_diagnostic,cantt_holdout,source_stem,standstill,7;42;123,3,0.03223448015792086,0.003984294424593824,0.03174629679421496,0.004165499151050602,0.999811542991755,0.00021590462638191522,0.00515554992972102,0.004101130540967611,0.994844450070279,0.004101130540967566
target_synth_only,+Target synthetic only,target_diagnostic,cantt_holdout,source_stem,systematic,7;42;123,3,0.0704064474981156,0.003657342184555158,0.06692452841723448,0.0041011495679559055,0.9995589662168123,0.00033297320434289,0.005033109294806154,0.003932704402887144,0.9949668907051938,0.003932704402887171
target_synth_only,+Target synthetic only,target_diagnostic,cantt_holdout,source_stem,triple,7;42;123,3,0.059707502224424745,0.002421368511818265,0.05716188742523998,0.0027463673783369373,0.9919244502285848,0.007260974962517139,0.004142176606896003,0.0029730014740777934,0.9958578233931039,0.002973001474077794
target_synth_only,+Target synthetic only,target_diagnostic,cantt_holdout,vehicle_axis,known_vehicle,7;42;123,3,0.06296509621239933,0.0019572231379146898,0.0599220517032395,0.002245207482629129,0.9937851768109599,0.007033323184301022,0.003253925921766973,0.002434739410603272,0.9967460740782331,0.002434739410603266
target_synth_only,+Target synthetic only,target_diagnostic,cantt_holdout,vehicle_axis,unknown_vehicle,7;42;123,3,0.07819237170131481,0.003731225980137463,0.07398102003969532,0.004259984113722647,0.9976079229169926,0.0018787053226769492,0.005850120278097659,0.004172323453704499,0.9941498797219023,0.004172323453704517
source_real,Source real,source_reference,road,axis,ambient,7;42;123,3,0.00017536187712300508,0.0003037356808876952,0.00017526967026786238,0.0003035759739297818,,,0.00017536187712300508,0.0003037356808876952,0.999824638122877,0.00030373568088769916
source_real,Source real,source_reference,road,axis,correlated_signal|fabrication,7;42;123,3,0.7114585065691003,0.0,0.41570304149256626,6.798699777552591e-17,1.0,0.0,0.0,0.0,1.0,0.0
source_real,Source real,source_reference,road,axis,correlated_signal|masquerade,7;42;123,3,0.7027906180448552,1.3597399555105182e-16,0.41272873516991754,0.0,1.0,0.0,0.0,0.0,1.0,0.0
source_real,Source real,source_reference,road,axis,fuzzing|fabrication,7;42;123,3,0.16412859560067683,0.0,0.14098837209302326,0.0,1.0,0.0,0.0,0.0,1.0,0.0
source_real,Source real,source_reference,road,axis,max_engine_coolant_temp|fabrication,7;42;123,3,0.08902691511387163,0.0,0.0817490494296578,0.0,1.0,0.0,0.0,0.0,1.0,0.0
source_real,Source real,source_reference,road,axis,max_engine_coolant_temp|masquerade,7;42;123,3,0.08911917098445594,1.6996749443881478e-17,0.0818268315889629,0.0,1.0,0.0,0.0,0.0,1.0,0.0
source_real,Source real,source_reference,road,axis,max_speedometer|fabrication,7;42;123,3,0.510032977474708,0.0,0.33776280722534796,0.0,1.0,0.0,0.0,0.0,1.0,0.0
source_real,Source real,source_reference,road,axis,max_speedometer|masquerade,7;42;123,3,0.49977176765947734,0.0,0.3332318813011223,0.0,1.0,0.0,0.0,0.0,1.0,0.0
source_real,Source real,source_reference,road,axis,reverse_light_off|fabrication,7;42;123,3,0.4439019322667775,0.0,0.3074321893661415,0.0,1.0,0.0,0.0,0.0,1.0,0.0
source_real,Source real,source_reference,road,axis,reverse_light_off|masquerade,7;42;123,3,0.4338445267054469,0.0,0.30257431585158956,0.0,1.0,0.0,0.0,0.0,1.0,0.0
source_real,Source real,source_reference,road,axis,reverse_light_on|fabrication,7;42;123,3,0.4312362334801762,0.0,0.3013033232337806,0.0,1.0,0.0,0.0,0.0,1.0,0.0
source_real,Source real,source_reference,road,axis,reverse_light_on|masquerade,7;42;123,3,0.421277489844516,0.0,0.29640762824619327,0.0,1.0,0.0,0.0,0.0,1.0,0.0
source_rule30,Source rule +30%,source_reference,road,axis,ambient,7;42;123,3,0.0,0.0,0.0,0.0,,,0.0,0.0,1.0,0.0
source_rule30,Source rule +30%,source_reference,road,axis,correlated_signal|fabrication,7;42;123,3,0.7114585065691003,0.0,0.41570304149256626,6.798699777552591e-17,1.0,0.0,0.0,0.0,1.0,0.0
source_rule30,Source rule +30%,source_reference,road,axis,correlated_signal|masquerade,7;42;123,3,0.7027906180448552,1.3597399555105182e-16,0.41272873516991754,0.0,1.0,0.0,0.0,0.0,1.0,0.0
source_rule30,Source rule +30%,source_reference,road,axis,fuzzing|fabrication,7;42;123,3,0.16412859560067683,0.0,0.14098837209302326,0.0,1.0,0.0,0.0,0.0,1.0,0.0
source_rule30,Source rule +30%,source_reference,road,axis,max_engine_coolant_temp|fabrication,7;42;123,3,0.08902691511387163,0.0,0.0817490494296578,0.0,1.0,0.0,0.0,0.0,1.0,0.0
source_rule30,Source rule +30%,source_reference,road,axis,max_engine_coolant_temp|masquerade,7;42;123,3,0.08911917098445594,1.6996749443881478e-17,0.0818268315889629,0.0,1.0,0.0,0.0,0.0,1.0,0.0
source_rule30,Source rule +30%,source_reference,road,axis,max_speedometer|fabrication,7;42;123,3,0.510032977474708,0.0,0.33776280722534796,0.0,1.0,0.0,0.0,0.0,1.0,0.0
source_rule30,Source rule +30%,source_reference,road,axis,max_speedometer|masquerade,7;42;123,3,0.49977176765947734,0.0,0.3332318813011223,0.0,1.0,0.0,0.0,0.0,1.0,0.0
source_rule30,Source rule +30%,source_reference,road,axis,reverse_light_off|fabrication,7;42;123,3,0.4439019322667775,0.0,0.3074321893661415,0.0,1.0,0.0,0.0,0.0,1.0,0.0
source_rule30,Source rule +30%,source_reference,road,axis,reverse_light_off|masquerade,7;42;123,3,0.4338445267054469,0.0,0.30257431585158956,0.0,1.0,0.0,0.0,0.0,1.0,0.0
source_rule30,Source rule +30%,source_reference,road,axis,reverse_light_on|fabrication,7;42;123,3,0.4312362334801762,0.0,0.3013033232337806,0.0,1.0,0.0,0.0,0.0,1.0,0.0
source_rule30,Source rule +30%,source_reference,road,axis,reverse_light_on|masquerade,7;42;123,3,0.421277489844516,0.0,0.29640762824619327,0.0,1.0,0.0,0.0,0.0,1.0,0.0
target_normal,+Target normal,target_diagnostic,road,axis,ambient,7;42;123,3,0.026053385986068225,0.025517320475394418,0.024991714147428627,0.024136006210497152,,,0.026053385986068225,0.025517320475394418,0.9739466140139318,0.02551732047539441
target_normal,+Target normal,target_diagnostic,road,axis,correlated_signal|fabrication,7;42;123,3,0.7111813293419812,0.0004800850400712113,0.4165333109107053,0.0014380688161873638,0.999220819697678,0.0013495798718785347,0.0009606147934678194,0.0016638336287885468,0.9990393852065322,0.001663833628788576
target_normal,+Target normal,target_diagnostic,road,axis,correlated_signal|masquerade,7;42;123,3,0.7027906180448552,1.3597399555105182e-16,0.41383775949685453,0.0019208864810847147,0.9995127892813641,0.0008438737186693758,0.001152073732718894,0.0019954502391346515,0.9988479262672811,0.0019954502391346584
target_normal,+Target normal,target_diagnostic,road,axis,fuzzing|fabrication,7;42;123,3,0.17021996615905247,0.009402669366801893,0.14888893544234016,0.012174442430060202,1.0,0.0,0.0072874493927125505,0.011248942501578789,0.9927125506072875,0.01124894250157878
target_normal,+Target normal,target_diagnostic,road,axis,max_engine_coolant_temp|fabrication,7;42;123,3,0.09213250517598343,0.005379039775058627,0.08535876389529447,0.006252208855299057,1.0,0.0,0.003409090909090909,0.005904718662166627,0.9965909090909091,0.005904718662166641
target_normal,+Target normal,target_diagnostic,road,axis,max_engine_coolant_temp|masquerade,7;42;123,3,0.09205526770293611,0.005085468692343858,0.08529207656861552,0.006001980365431326,0.998062015503876,0.003356687611567598,0.0034129692832764505,0.005911436203306748,0.9965870307167236,0.005911436203306772
target_normal,+Target normal,target_diagnostic,road,axis,max_speedometer|fabrication,7;42;123,3,0.5354647588172824,0.035823709805668104,0.39063294631297324,0.07313714481979834,0.9990502283105022,0.0016450528218005913,0.05289375617917713,0.07482453040224728,0.9471062438208229,0.07482453040224726
target_normal,+Target normal,target_diagnostic,road,axis,max_speedometer|masquerade,7;42;123,3,0.525124576819202,0.0366365043134853,0.38483741055919335,0.07336372725843868,0.9991627659169616,0.0014501319696508682,0.051518953651952394,0.07468693627265756,0.9484810463480476,0.07468693627265754
target_normal,+Target normal,target_diagnostic,road,axis,reverse_light_off|fabrication,7;42;123,3,0.4492693399819932,0.008674475275348552,0.3190132749262115,0.018276237007827673,0.9983618066931897,0.002080082943439159,0.010959586524690207,0.01723360133003305,0.9890404134753098,0.017233601330033065
target_normal,+Target normal,target_diagnostic,road,axis,reverse_light_off|masquerade,7;42;123,3,0.4400846113167636,0.010170420178344058,0.3148587897539293,0.01948547718393812,0.9995936941329434,0.0005074758653013233,0.011333208792577371,0.017869862636637722,0.9886667912074226,0.017869862636637687
target_normal,+Target normal,target_diagnostic,road,axis,reverse_light_on|fabrication,7;42;123,3,0.46159140969163,0.04438651354204883,0.35558685547675856,0.07803386758102276,0.999414737962224,0.0010137035851693567,0.053814191778611485,0.0788083030065313,0.9461858082213884,0.07880830300653131
target_normal,+Target normal,target_diagnostic,road,axis,reverse_light_on|masquerade,7;42;123,3,0.4526777793341738,0.04562168861369291,0.35162640031863934,0.07881158519856041,0.9993349958437241,0.0011518209859144705,0.05474202267134617,0.07966963700404107,0.9452579773286538,0.07966963700404106
target_normal_real_attack_oracle,+Target normal + real attack oracle,oracle_diagnostic,road,axis,ambient,7;42;123,3,7.950916343108543e-06,7.012049112981436e-06,7.950820347988804e-06,7.011961503477888e-06,,,7.950916343108543e-06,7.012049112981436e-06,0.9999920490836569,7.012049112994211e-06
target_normal_real_attack_oracle,+Target normal + real attack oracle,oracle_diagnostic,road,axis,correlated_signal|fabrication,7;42;123,3,0.7114585065691003,0.0,0.41570304149256626,6.798699777552591e-17,1.0,0.0,0.0,0.0,1.0,0.0
target_normal_real_attack_oracle,+Target normal + real attack oracle,oracle_diagnostic,road,axis,correlated_signal|masquerade,7;42;123,3,0.7027906180448552,1.3597399555105182e-16,0.41272873516991754,0.0,1.0,0.0,0.0,0.0,1.0,0.0
target_normal_real_attack_oracle,+Target normal + real attack oracle,oracle_diagnostic,road,axis,fuzzing|fabrication,7;42;123,3,0.16412859560067683,0.0,0.14098837209302326,0.0,1.0,0.0,0.0,0.0,1.0,0.0
target_normal_real_attack_oracle,+Target normal + real attack oracle,oracle_diagnostic,road,axis,max_engine_coolant_temp|fabrication,7;42;123,3,0.08902691511387163,0.0,0.0817490494296578,0.0,1.0,0.0,0.0,0.0,1.0,0.0
target_normal_real_attack_oracle,+Target normal + real attack oracle,oracle_diagnostic,road,axis,max_engine_coolant_temp|masquerade,7;42;123,3,0.08911917098445594,1.6996749443881478e-17,0.0818268315889629,0.0,1.0,0.0,0.0,0.0,1.0,0.0
target_normal_real_attack_oracle,+Target normal + real attack oracle,oracle_diagnostic,road,axis,max_speedometer|fabrication,7;42;123,3,0.510032977474708,0.0,0.33776280722534796,0.0,1.0,0.0,0.0,0.0,1.0,0.0
target_normal_real_attack_oracle,+Target normal + real attack oracle,oracle_diagnostic,road,axis,max_speedometer|masquerade,7;42;123,3,0.49977176765947734,0.0,0.3332318813011223,0.0,1.0,0.0,0.0,0.0,1.0,0.0
target_normal_real_attack_oracle,+Target normal + real attack oracle,oracle_diagnostic,road,axis,reverse_light_off|fabrication,7;42;123,3,0.4439019322667775,0.0,0.3074321893661415,0.0,1.0,0.0,0.0,0.0,1.0,0.0
target_normal_real_attack_oracle,+Target normal + real attack oracle,oracle_diagnostic,road,axis,reverse_light_off|masquerade,7;42;123,3,0.4338445267054469,0.0,0.30257431585158956,0.0,1.0,0.0,0.0,0.0,1.0,0.0
target_normal_real_attack_oracle,+Target normal + real attack oracle,oracle_diagnostic,road,axis,reverse_light_on|fabrication,7;42;123,3,0.4312362334801762,0.0,0.3013033232337806,0.0,1.0,0.0,0.0,0.0,1.0,0.0
target_normal_real_attack_oracle,+Target normal + real attack oracle,oracle_diagnostic,road,axis,reverse_light_on|masquerade,7;42;123,3,0.421277489844516,0.0,0.29640762824619327,0.0,1.0,0.0,0.0,0.0,1.0,0.0
target_normal_source_rule30,+Target normal + source rule +30%,target_diagnostic,road,axis,ambient,7;42;123,3,0.00022174222245780492,0.00038406879548015863,0.00022159481167972398,0.0003838134725229392,,,0.00022174222245780492,0.00038406879548015863,0.9997782577775421,0.00038406879548018075
target_normal_source_rule30,+Target normal + source rule +30%,target_diagnostic,road,axis,correlated_signal|fabrication,7;42;123,3,0.7115139420145241,9.60170080142679e-05,0.4159085200282428,0.0003558992636564289,1.0,0.0,0.00019212295869356388,0.00033276672575770943,0.9998078770413065,0.00033276672575771523
target_normal_source_rule30,+Target normal + source rule +30%,target_diagnostic,road,axis,correlated_signal|masquerade,7;42;123,3,0.7028476858985334,9.884442204923777e-05,0.4129344706261336,0.00035634426308459217,1.0,0.0,0.00019201228878648233,0.00033257503985577525,0.9998079877112135,0.00033257503985576576
target_normal_source_rule30,+Target normal + source rule +30%,target_diagnostic,road,axis,fuzzing|fabrication,7;42;123,3,0.16412859560067683,0.0,0.14098837209302326,0.0,1.0,0.0,0.0,0.0,1.0,0.0
target_normal_source_rule30,+Target normal + source rule +30%,target_diagnostic,road,axis,max_engine_coolant_temp|fabrication,7;42;123,3,0.08919944789510005,0.00029883554305881044,0.08195129334880287,0.0003502967434811058,1.0,0.0,0.0001893939393939394,0.00032803992567592374,0.9998106060606061,0.00032803992567594586
target_normal_source_rule30,+Target normal + source rule +30%,target_diagnostic,road,axis,max_engine_coolant_temp|masquerade,7;42;123,3,0.08929188255613126,0.00029914521719669516,0.0820293154036912,0.00035071225481979047,1.0,0.0,0.00018960940462646946,0.00032841312240593045,0.9998103905953736,0.000328413122405914
target_normal_source_rule30,+Target normal + source rule +30%,target_diagnostic,road,axis,max_speedometer|fabrication,7;42;123,3,0.510890019190282,0.0014844397955800204,0.3399618158747754,0.0038087947070917115,0.9997077625570777,0.000506170099015532,0.002053388090349076,0.003556572500141432,0.9979466119096508,0.0035565725001414526
target_normal_source_rule30,+Target normal + source rule +30%,target_diagnostic,road,axis,max_speedometer|masquerade,7;42;123,3,0.5006276389364372,0.0014824125364334782,0.3351909978381695,0.003393289380114153,0.9999238878106329,0.00013183017905917565,0.001787004296414585,0.0030951822347339356,0.9982129957035855,0.003095182234733922
target_normal_source_rule30,+Target normal + source rule +30%,target_diagnostic,road,axis,reverse_light_off|fabrication,7;42;123,3,0.44393656070364984,5.997821204960624e-05,0.307501821649001,0.00012060665175966102,1.0,0.0,6.227037798119434e-05,0.00010785545846994689,0.9999377296220189,0.00010785545846994943
target_normal_source_rule30,+Target normal + source rule +30%,target_diagnostic,road,axis,reverse_light_off|masquerade,7;42;123,3,0.4338445267054469,0.0,0.30257431585158956,0.0,1.0,0.0,0.0,0.0,1.0,0.0
target_normal_source_rule30,+Target normal + source rule +30%,target_diagnostic,road,axis,reverse_light_on|fabrication,7;42;123,3,0.4319016152716593,0.0011524750692799672,0.30260937707964125,0.0022621516184513474,1.0,0.0,0.0011698737343176409,0.0020262807462784883,0.9988301262656823,0.002026280746278504
target_normal_source_rule30,+Target normal + source rule +30%,target_diagnostic,road,axis,reverse_light_on|masquerade,7;42;123,3,0.4219078302283233,0.0010917815708166593,0.29762490631961086,0.002108387470098798,1.0,0.0,0.0010891927871233208,0.0018865372465351438,0.9989108072128766,0.0018865372465351235
target_normal_target_synth,+Target normal + target synthetic,target_diagnostic,road,axis,ambient,7;42;123,3,0.0,0.0,0.0,0.0,,,0.0,0.0,1.0,0.0
target_normal_target_synth,+Target normal + target synthetic,target_diagnostic,road,axis,correlated_signal|fabrication,7;42;123,3,0.7114585065691003,0.0,0.41570304149256626,6.798699777552591e-17,1.0,0.0,0.0,0.0,1.0,0.0
target_normal_target_synth,+Target normal + target synthetic,target_diagnostic,road,axis,correlated_signal|masquerade,7;42;123,3,0.7027906180448552,1.3597399555105182e-16,0.41272873516991754,0.0,1.0,0.0,0.0,0.0,1.0,0.0
target_normal_target_synth,+Target normal + target synthetic,target_diagnostic,road,axis,fuzzing|fabrication,7;42;123,3,0.16412859560067683,0.0,0.14098837209302326,0.0,1.0,0.0,0.0,0.0,1.0,0.0
target_normal_target_synth,+Target normal + target synthetic,target_diagnostic,road,axis,max_engine_coolant_temp|fabrication,7;42;123,3,0.08902691511387163,0.0,0.0817490494296578,0.0,1.0,0.0,0.0,0.0,1.0,0.0
target_normal_target_synth,+Target normal + target synthetic,target_diagnostic,road,axis,max_engine_coolant_temp|masquerade,7;42;123,3,0.08911917098445594,1.6996749443881478e-17,0.0818268315889629,0.0,1.0,0.0,0.0,0.0,1.0,0.0
target_normal_target_synth,+Target normal + target synthetic,target_diagnostic,road,axis,max_speedometer|fabrication,7;42;123,3,0.510032977474708,0.0,0.33776280722534796,0.0,1.0,0.0,0.0,0.0,1.0,0.0
target_normal_target_synth,+Target normal + target synthetic,target_diagnostic,road,axis,max_speedometer|masquerade,7;42;123,3,0.49977176765947734,0.0,0.3332318813011223,0.0,1.0,0.0,0.0,0.0,1.0,0.0
target_normal_target_synth,+Target normal + target synthetic,target_diagnostic,road,axis,reverse_light_off|fabrication,7;42;123,3,0.4439019322667775,0.0,0.3074321893661415,0.0,1.0,0.0,0.0,0.0,1.0,0.0
target_normal_target_synth,+Target normal + target synthetic,target_diagnostic,road,axis,reverse_light_off|masquerade,7;42;123,3,0.4338445267054469,0.0,0.30257431585158956,0.0,1.0,0.0,0.0,0.0,1.0,0.0
target_normal_target_synth,+Target normal + target synthetic,target_diagnostic,road,axis,reverse_light_on|fabrication,7;42;123,3,0.4312362334801762,0.0,0.3013033232337806,0.0,1.0,0.0,0.0,0.0,1.0,0.0
target_normal_target_synth,+Target normal + target synthetic,target_diagnostic,road,axis,reverse_light_on|masquerade,7;42;123,3,0.421277489844516,0.0,0.29640762824619327,0.0,1.0,0.0,0.0,0.0,1.0,0.0
target_synth_only,+Target synthetic only,target_diagnostic,road,axis,ambient,7;42;123,3,0.0,0.0,0.0,0.0,,,0.0,0.0,1.0,0.0
target_synth_only,+Target synthetic only,target_diagnostic,road,axis,correlated_signal|fabrication,7;42;123,3,0.7114585065691003,0.0,0.41570304149256626,6.798699777552591e-17,1.0,0.0,0.0,0.0,1.0,0.0
target_synth_only,+Target synthetic only,target_diagnostic,road,axis,correlated_signal|masquerade,7;42;123,3,0.7027906180448552,1.3597399555105182e-16,0.41272873516991754,0.0,1.0,0.0,0.0,0.0,1.0,0.0
target_synth_only,+Target synthetic only,target_diagnostic,road,axis,fuzzing|fabrication,7;42;123,3,0.16412859560067683,0.0,0.14098837209302326,0.0,1.0,0.0,0.0,0.0,1.0,0.0
target_synth_only,+Target synthetic only,target_diagnostic,road,axis,max_engine_coolant_temp|fabrication,7;42;123,3,0.08902691511387163,0.0,0.0817490494296578,0.0,1.0,0.0,0.0,0.0,1.0,0.0
target_synth_only,+Target synthetic only,target_diagnostic,road,axis,max_engine_coolant_temp|masquerade,7;42;123,3,0.08911917098445594,1.6996749443881478e-17,0.0818268315889629,0.0,1.0,0.0,0.0,0.0,1.0,0.0
target_synth_only,+Target synthetic only,target_diagnostic,road,axis,max_speedometer|fabrication,7;42;123,3,0.510032977474708,0.0,0.33776280722534796,0.0,1.0,0.0,0.0,0.0,1.0,0.0
target_synth_only,+Target synthetic only,target_diagnostic,road,axis,max_speedometer|masquerade,7;42;123,3,0.49977176765947734,0.0,0.3332318813011223,0.0,1.0,0.0,0.0,0.0,1.0,0.0
target_synth_only,+Target synthetic only,target_diagnostic,road,axis,reverse_light_off|fabrication,7;42;123,3,0.4439019322667775,0.0,0.3074321893661415,0.0,1.0,0.0,0.0,0.0,1.0,0.0
target_synth_only,+Target synthetic only,target_diagnostic,road,axis,reverse_light_off|masquerade,7;42;123,3,0.4338445267054469,0.0,0.30257431585158956,0.0,1.0,0.0,0.0,0.0,1.0,0.0
target_synth_only,+Target synthetic only,target_diagnostic,road,axis,reverse_light_on|fabrication,7;42;123,3,0.4312362334801762,0.0,0.3013033232337806,0.0,1.0,0.0,0.0,0.0,1.0,0.0
target_synth_only,+Target synthetic only,target_diagnostic,road,axis,reverse_light_on|masquerade,7;42;123,3,0.421277489844516,0.0,0.29640762824619327,0.0,1.0,0.0,0.0,0.0,1.0,0.0
